ISO-10303-21;
HEADER;
FILE_DESCRIPTION(('ViewDefinition [NotAssigned]'),'2;1');
FILE_NAME('b16_chevron_60x10__punkt_einzeln.ifc','2026-01-01T00:00:00',('Entwurfsgenerator (Beispiel)'),('Arbeit Holzrahmenbau'),'IfcOpenShell 0.8.5-1c5b825','IfcOpenShell 0.8.5-1c5b825','keine');
FILE_SCHEMA(('IFC4X3_ADD2'));
ENDSEC;
DATA;
#1=IFCPROJECT('0_NQc15qDORxCpDVH4bTYC',$,'B16 Duschraum achteckig (Beispiel)',$,$,$,$,(#10),#5);
#2=IFCSIUNIT(*,.LENGTHUNIT.,.MILLI.,.METRE.);
#3=IFCSIUNIT(*,.AREAUNIT.,$,.SQUARE_METRE.);
#4=IFCSIUNIT(*,.PLANEANGLEUNIT.,$,.RADIAN.);
#5=IFCUNITASSIGNMENT((#2,#3,#4));
#6=IFCCARTESIANPOINT((0.,0.,0.));
#7=IFCDIRECTION((0.,0.,1.));
#8=IFCDIRECTION((1.,0.,0.));
#9=IFCAXIS2PLACEMENT3D(#6,#7,#8);
#10=IFCGEOMETRICREPRESENTATIONCONTEXT($,'Model',3,1.0000000000000001E-05,#9,$);
#11=IFCGEOMETRICREPRESENTATIONSUBCONTEXT('Body','Model',*,*,*,*,#10,$,.MODEL_VIEW.,$);
#12=IFCCARTESIANPOINT((0.,0.,0.));
#13=IFCAXIS2PLACEMENT3D(#12,$,$);
#14=IFCLOCALPLACEMENT($,#13);
#15=IFCSITE('1ElNV_A1XQpB_NyKMldGI9',$,'Grundst\X2\00FC\X0\ck',$,$,#14,$,$,$,$,$,$,$,$);
#16=IFCCARTESIANPOINT((0.,0.,0.));
#17=IFCAXIS2PLACEMENT3D(#16,$,$);
#18=IFCLOCALPLACEMENT(#14,#17);
#19=IFCBUILDING('2O082_xsXMZBi$UG$reI4e',$,'Fertighaus Beispiel',$,$,#18,$,$,$,$,$,$);
#20=IFCCARTESIANPOINT((0.,0.,0.));
#21=IFCAXIS2PLACEMENT3D(#20,$,$);
#22=IFCLOCALPLACEMENT(#18,#21);
#23=IFCBUILDINGSTOREY('2lTc$66$TI_APjtaWhZHSD',$,'EG',$,$,#22,$,$,$,0.);
#24=IFCCARTESIANPOINT((0.,0.,0.));
#25=IFCAXIS2PLACEMENT3D(#24,$,$);
#26=IFCLOCALPLACEMENT(#22,#25);
#27=IFCSPACE('09M7fRJY9JoxkE07wXh79K',$,'EG-Dusche-achteckig',$,$,#26,$,$,$,$,$);
#28=IFCRELAGGREGATES('22fDGb7XjJVgVi1Or1jpPS',$,$,$,#1,(#15));
#29=IFCRELAGGREGATES('3CR3RQJXbRQAVswdF5ctVY',$,$,$,#15,(#19));
#30=IFCRELAGGREGATES('1$xjPU12TV3Qe08uvxFgoB',$,$,$,#19,(#23));
#31=IFCRELAGGREGATES('2TVYMtCg5UQAHV8qAbuypW',$,$,$,#23,(#27));
#32=IFCCOVERINGTYPE('30bXr1RKnGiRo7fDlgx7hn',$,'S60x10',$,$,(#36),(#51,#66),$,$,.FLOORING.);
#33=IFCPROPERTYSINGLEVALUE('GlobalTradeItemNumber',$,IFCLABEL('BEISPIEL-GTIN-S6010'),$);
#34=IFCPROPERTYSINGLEVALUE('ArticleNumber',$,IFCLABEL('S60x10'),$);
#35=IFCPROPERTYSINGLEVALUE('Manufacturer',$,IFCLABEL('Beispiel'),$);
#36=IFCPROPERTYSET('3xPQTLaaHHAQM6JoTgkyor',$,'Pset_ManufacturerTypeInformation',$,(#33,#34,#35));
#37=IFCCARTESIANPOINT((0.,0.));
#38=IFCCARTESIANPOINT((500.,0.));
#39=IFCCARTESIANPOINT((600.,100.));
#40=IFCCARTESIANPOINT((100.00000000000001,100.));
#41=IFCCARTESIANPOINT((0.,0.));
#42=IFCPOLYLINE((#37,#38,#39,#40,#41));
#43=IFCARBITRARYCLOSEDPROFILEDEF(.AREA.,$,#42);
#44=IFCCARTESIANPOINT((0.,0.,-9.));
#45=IFCAXIS2PLACEMENT3D(#44,$,$);
#46=IFCDIRECTION((0.,0.,1.));
#47=IFCEXTRUDEDAREASOLID(#43,#45,#46,9.);
#48=IFCCARTESIANPOINT((0.,0.,0.));
#49=IFCAXIS2PLACEMENT3D(#48,$,$);
#50=IFCSHAPEREPRESENTATION(#11,'Body','SweptSolid',(#47));
#51=IFCREPRESENTATIONMAP(#49,#50);
#52=IFCCARTESIANPOINT((0.,100.));
#53=IFCCARTESIANPOINT((500.,100.));
#54=IFCCARTESIANPOINT((600.,0.));
#55=IFCCARTESIANPOINT((100.00000000000001,0.));
#56=IFCCARTESIANPOINT((0.,100.));
#57=IFCPOLYLINE((#52,#53,#54,#55,#56));
#58=IFCARBITRARYCLOSEDPROFILEDEF(.AREA.,$,#57);
#59=IFCCARTESIANPOINT((0.,0.,-9.));
#60=IFCAXIS2PLACEMENT3D(#59,$,$);
#61=IFCDIRECTION((0.,0.,1.));
#62=IFCEXTRUDEDAREASOLID(#58,#60,#61,9.);
#63=IFCCARTESIANPOINT((0.,0.,0.));
#64=IFCAXIS2PLACEMENT3D(#63,$,$);
#65=IFCSHAPEREPRESENTATION(#11,'Body','SweptSolid',(#62));
#66=IFCREPRESENTATIONMAP(#64,#65);
#67=IFCCARTESIANPOINT((0.,0.,0.));
#68=IFCAXIS2PLACEMENT3D(#67,$,$);
#69=IFCLOCALPLACEMENT(#26,#68);
#70=IFCCOVERING('205rHcRDLU3eRzFSAxH1Xz',$,'Duschboden chevron_60x10',$,$,#69,$,$,.FLOORING.);
#71=IFCRELCONTAINEDINSPATIALSTRUCTURE('0Kl4w3UwrOWe4OJTjTlC3A',$,$,$,(#70),#27);
#72=IFCRELCOVERSSPACES('3I5n79uE1S9foiIe4dH99g',$,$,$,#27,(#70));
#73=IFCPROPERTYSINGLEVALUE('Muster',$,IFCLABEL('chevron'),$);
#74=IFCPROPERTYSINGLEVALUE('Rasterursprung_u',$,IFCREAL(0.66669999999999996),$);
#75=IFCPROPERTYSINGLEVALUE('Rasterursprung_v',$,IFCREAL(0.33329999999999999),$);
#76=IFCPROPERTYSINGLEVALUE('Fugenbreite',$,IFCREAL(3.),$);
#77=IFCPROPERTYSINGLEVALUE('Gefaelle_Prozent',$,IFCREAL(1.5),$);
#78=IFCPROPERTYSINGLEVALUE('Entwaesserung',$,IFCLABEL('punkt'),$);
#79=IFCPROPERTYSINGLEVALUE('Verschnitt',$,IFCREAL(0.23230000000000001),$);
#80=IFCPROPERTYSINGLEVALUE('RohlingeBedarf',$,IFCINTEGER(98),$);
#81=IFCPROPERTYSINGLEVALUE('Pakete',$,IFCINTEGER(5),$);
#82=IFCPROPERTYSINGLEVALUE('Kaliber',$,IFCLABEL('W2'),$);
#83=IFCPROPERTYSET('2qSbeDoL9KyeKMVEdgo3pR',$,'HP_Verlegung',$,(#73,#74,#75,#76,#77,#78,#79,#80,#81,#82));
#84=IFCRELDEFINESBYPROPERTIES('0bWYhJmgLR0By3io7Pxtsa',$,$,$,(#70),#83);
#85=IFCPROPERTYSINGLEVALUE('BatchReference',$,IFCLABEL('BEISPIEL-CHARGE-B7'),$);
#86=IFCPROPERTYSET('2Q5j$43WHMpBx23WkqxiJH',$,'Pset_ManufacturerOccurrence',$,(#85));
#87=IFCRELDEFINESBYPROPERTIES('1ps70E_HfRvfVRBBod4WPt',$,$,$,(#70),#86);
#88=IFCQUANTITYLENGTH('Width',$,$,9.,$);
#89=IFCQUANTITYAREA('GrossArea',$,$,4.7717000000000001,$);
#90=IFCQUANTITYAREA('NetArea',$,$,4.5141,$);
#91=IFCELEMENTQUANTITY('2EDYjGOjDSc9CWkzftVOIU',$,'Qto_CoveringBaseQuantities',$,$,(#88,#89,#90));
#92=IFCRELDEFINESBYPROPERTIES('02YghGOqfJoxGXIJn4VDPF',$,$,$,(#70),#91);
#93=IFCCARTESIANPOINTLIST3D(((234.69999999999999,92.870000000000005,3.5209999999999999),(234.69999999999999,-48.549999999999997,3.5209999999999999),(132.77000000000001,53.369999999999997,1.992),(232.77000000000001,94.790000000000006,3.492),(234.69999999999999,92.870000000000005,-5.4790000000000001),(234.69999999999999,-48.549999999999997,-5.4790000000000001),(132.77000000000001,53.369999999999997,-7.008),(232.77000000000001,94.790000000000006,-5.508)),$);
#94=IFCINDEXEDPOLYGONALFACE((1,2,3,4));
#95=IFCINDEXEDPOLYGONALFACE((8,7,6,5));
#96=IFCINDEXEDPOLYGONALFACE((1,5,6,2));
#97=IFCINDEXEDPOLYGONALFACE((2,6,7,3));
#98=IFCINDEXEDPOLYGONALFACE((3,7,8,4));
#99=IFCINDEXEDPOLYGONALFACE((4,8,5,1));
#100=IFCPOLYGONALFACESET(#93,.T.,(#94,#95,#96,#97,#98,#99),$);
#101=IFCSHAPEREPRESENTATION(#11,'Body','Tessellation',(#100));
#102=IFCPRODUCTDEFINITIONSHAPE($,$,(#101));
#103=IFCCARTESIANPOINT((0.,0.,0.));
#104=IFCAXIS2PLACEMENT3D(#103,$,$);
#105=IFCLOCALPLACEMENT(#69,#104);
#106=IFCCOVERING('159OB4hZTQ8Oufqbz1o6M4',$,'L/-1/-1#0',$,'gratschnitt',#105,#102,$,$);
#107=IFCPROPERTYSINGLEVALUE('Stueckart',$,IFCLABEL('gratschnitt'),$);
#108=IFCPROPERTYSINGLEVALUE('Motiv',$,IFCLABEL('L'),$);
#109=IFCPROPERTYSINGLEVALUE('Rasterposition',$,IFCLABEL('L/-1/-1'),$);
#110=IFCPROPERTYSINGLEVALUE('Gefaelleflaeche',$,IFCLABEL('F0'),$);
#111=IFCPROPERTYSINGLEVALUE('Rohling',$,IFCLABEL('S60x10#95'),$);
#112=IFCPROPERTYSINGLEVALUE('Herkunft',$,IFCLABEL('reststueck'),$);
#113=IFCPROPERTYSINGLEVALUE('Schnitte',$,IFCINTEGER(2),$);
#114=IFCPROPERTYSINGLEVALUE('Schnittlaenge',$,IFCREAL(249.69999999999999),$);
#115=IFCPROPERTYSINGLEVALUE('Schnittarten',$,IFCLABEL('gehrung,gratschnitt'),$);
#116=IFCPROPERTYSET('2r7nZ73DXKRux20pMXG0FJ',$,'HP_Fliesenstueck',$,(#107,#108,#109,#110,#111,#112,#113,#114,#115));
#117=IFCRELDEFINESBYPROPERTIES('3D$atrNFLRm9UdSwaLrm_Y',$,$,$,(#106),#116);
#118=IFCQUANTITYLENGTH('Width',$,$,9.,$);
#119=IFCQUANTITYAREA('NetArea',$,$,0.0073439999999999998,$);
#120=IFCELEMENTQUANTITY('2NQ1sgFfLTyRZY5ovon_6p',$,'Qto_CoveringBaseQuantities',$,$,(#118,#119));
#121=IFCRELDEFINESBYPROPERTIES('2iHVHNTlXRjx0Eym_412S3',$,$,$,(#106),#120);
#122=IFCCARTESIANPOINTLIST3D(((230.47999999999999,97.090000000000003,3.4740000000000002),(130.47999999999999,55.670000000000002,1.974),(55.670000000000002,130.47999999999999,1.974),(97.090000000000003,230.47999999999999,3.4740000000000002),(230.47999999999999,97.090000000000003,-5.5259999999999998),(130.47999999999999,55.670000000000002,-7.0259999999999998),(55.670000000000002,130.47999999999999,-7.0259999999999998),(97.090000000000003,230.47999999999999,-5.5259999999999998)),$);
#123=IFCINDEXEDPOLYGONALFACE((1,2,3,4));
#124=IFCINDEXEDPOLYGONALFACE((8,7,6,5));
#125=IFCINDEXEDPOLYGONALFACE((1,5,6,2));
#126=IFCINDEXEDPOLYGONALFACE((2,6,7,3));
#127=IFCINDEXEDPOLYGONALFACE((3,7,8,4));
#128=IFCINDEXEDPOLYGONALFACE((4,8,5,1));
#129=IFCPOLYGONALFACESET(#122,.T.,(#123,#124,#125,#126,#127,#128),$);
#130=IFCSHAPEREPRESENTATION(#11,'Body','Tessellation',(#129));
#131=IFCPRODUCTDEFINITIONSHAPE($,$,(#130));
#132=IFCCARTESIANPOINT((0.,0.,0.));
#133=IFCAXIS2PLACEMENT3D(#132,$,$);
#134=IFCLOCALPLACEMENT(#69,#133);
#135=IFCCOVERING('2P1zS$SX1M5wGCx7caB2fu',$,'L/-1/-1#1',$,'gratschnitt',#134,#131,$,$);
#136=IFCPROPERTYSINGLEVALUE('Stueckart',$,IFCLABEL('gratschnitt'),$);
#137=IFCPROPERTYSINGLEVALUE('Motiv',$,IFCLABEL('L'),$);
#138=IFCPROPERTYSINGLEVALUE('Rasterposition',$,IFCLABEL('L/-1/-1'),$);
#139=IFCPROPERTYSINGLEVALUE('Gefaelleflaeche',$,IFCLABEL('F1'),$);
#140=IFCPROPERTYSINGLEVALUE('Rohling',$,IFCLABEL('S60x10#95'),$);
#141=IFCPROPERTYSINGLEVALUE('Herkunft',$,IFCLABEL('neu'),$);
#142=IFCPROPERTYSINGLEVALUE('Schnitte',$,IFCINTEGER(2),$);
#143=IFCPROPERTYSINGLEVALUE('Schnittlaenge',$,IFCREAL(216.5),$);
#144=IFCPROPERTYSINGLEVALUE('Schnittarten',$,IFCLABEL('gratschnitt'),$);
#145=IFCPROPERTYSET('3UoXuZpvDI5wBhWmOxBPh5',$,'HP_Fliesenstueck',$,(#136,#137,#138,#139,#140,#141,#142,#143,#144));
#146=IFCRELDEFINESBYPROPERTIES('0VCzWZDVLV4fyFRVi0fbyR',$,$,$,(#135),#145);
#147=IFCQUANTITYLENGTH('Width',$,$,9.,$);
#148=IFCQUANTITYAREA('NetArea',$,$,0.014722000000000001,$);
#149=IFCELEMENTQUANTITY('0BhZ8w8InJUON_Flt_dBzB',$,'Qto_CoveringBaseQuantities',$,$,(#147,#148));
#150=IFCRELDEFINESBYPROPERTIES('0Y5x$$Bu1GvwGsblj7N0pk',$,$,$,(#135),#149);
#151=IFCCARTESIANPOINTLIST3D(((94.790000000000006,232.77000000000001,3.492),(53.369999999999997,132.77000000000001,1.992),(-118.84999999999999,305.,4.5750000000000002),(-118.84999999999999,446.42000000000002,6.6959999999999997),(94.790000000000006,232.77000000000001,-5.508),(53.369999999999997,132.77000000000001,-7.008),(-118.84999999999999,305.,-4.4249999999999998),(-118.84999999999999,446.42000000000002,-2.3040000000000003)),$);
#152=IFCINDEXEDPOLYGONALFACE((1,2,3,4));
#153=IFCINDEXEDPOLYGONALFACE((8,7,6,5));
#154=IFCINDEXEDPOLYGONALFACE((1,5,6,2));
#155=IFCINDEXEDPOLYGONALFACE((2,6,7,3));
#156=IFCINDEXEDPOLYGONALFACE((3,7,8,4));
#157=IFCINDEXEDPOLYGONALFACE((4,8,5,1));
#158=IFCPOLYGONALFACESET(#151,.T.,(#152,#153,#154,#155,#156,#157),$);
#159=IFCSHAPEREPRESENTATION(#11,'Body','Tessellation',(#158));
#160=IFCPRODUCTDEFINITIONSHAPE($,$,(#159));
#161=IFCCARTESIANPOINT((0.,0.,0.));
#162=IFCAXIS2PLACEMENT3D(#161,$,$);
#163=IFCLOCALPLACEMENT(#69,#162);
#164=IFCCOVERING('11ysfyqtjMneudbR9fR2iP',$,'L/-1/-1#2',$,'gratschnitt',#163,#160,$,$);
#165=IFCPROPERTYSINGLEVALUE('Stueckart',$,IFCLABEL('gratschnitt'),$);
#166=IFCPROPERTYSINGLEVALUE('Motiv',$,IFCLABEL('L'),$);
#167=IFCPROPERTYSINGLEVALUE('Rasterposition',$,IFCLABEL('L/-1/-1'),$);
#168=IFCPROPERTYSINGLEVALUE('Gefaelleflaeche',$,IFCLABEL('F2'),$);
#169=IFCPROPERTYSINGLEVALUE('Rohling',$,IFCLABEL('S60x10#83'),$);
#170=IFCPROPERTYSINGLEVALUE('Herkunft',$,IFCLABEL('neu'),$);
#171=IFCPROPERTYSINGLEVALUE('Schnitte',$,IFCINTEGER(2),$);
#172=IFCPROPERTYSINGLEVALUE('Schnittlaenge',$,IFCREAL(249.69999999999999),$);
#173=IFCPROPERTYSINGLEVALUE('Schnittarten',$,IFCLABEL('gehrung,gratschnitt'),$);
#174=IFCPROPERTYSET('2dWhp8MBXNKBL8_tC5sG$L',$,'HP_Fliesenstueck',$,(#165,#166,#167,#168,#169,#170,#171,#172,#173));
#175=IFCRELDEFINESBYPROPERTIES('1tftLK9VzH6elepMnYWaVO',$,$,$,(#164),#174);
#176=IFCQUANTITYLENGTH('Width',$,$,9.,$);
#177=IFCQUANTITYAREA('NetArea',$,$,0.027285,$);
#178=IFCELEMENTQUANTITY('1qubnE5jfMNBpjlVdzxRbA',$,'Qto_CoveringBaseQuantities',$,$,(#176,#177));
#179=IFCRELDEFINESBYPROPERTIES('03kfD2D0rTugutzAXamxRi',$,$,$,(#164),#178);
#180=IFCCARTESIANPOINTLIST3D(((-660.92999999999995,275.38999999999999,9.9309999999999992),(-831.96000000000004,346.23000000000002,12.497),(-831.96000000000004,446.42000000000002,13.558999999999999),(-660.92999999999995,275.38999999999999,0.93099999999999916),(-831.96000000000004,346.23000000000002,3.4969999999999999),(-831.96000000000004,446.42000000000002,4.5589999999999993)),$);
#181=IFCINDEXEDPOLYGONALFACE((1,2,3));
#182=IFCINDEXEDPOLYGONALFACE((6,5,4));
#183=IFCINDEXEDPOLYGONALFACE((1,4,5,2));
#184=IFCINDEXEDPOLYGONALFACE((2,5,6,3));
#185=IFCINDEXEDPOLYGONALFACE((3,6,4,1));
#186=IFCPOLYGONALFACESET(#180,.T.,(#181,#182,#183,#184,#185),$);
#187=IFCSHAPEREPRESENTATION(#11,'Body','Tessellation',(#186));
#188=IFCPRODUCTDEFINITIONSHAPE($,$,(#187));
#189=IFCCARTESIANPOINT((0.,0.,0.));
#190=IFCAXIS2PLACEMENT3D(#189,$,$);
#191=IFCLOCALPLACEMENT(#69,#190);
#192=IFCCOVERING('05XG3Msl5QwxNGwx4kjvnb',$,'L/-1/-2#3',$,'gratschnitt',#191,#188,$,$);
#193=IFCPROPERTYSINGLEVALUE('Stueckart',$,IFCLABEL('gratschnitt'),$);
#194=IFCPROPERTYSINGLEVALUE('Motiv',$,IFCLABEL('L'),$);
#195=IFCPROPERTYSINGLEVALUE('Rasterposition',$,IFCLABEL('L/-1/-2'),$);
#196=IFCPROPERTYSINGLEVALUE('Gefaelleflaeche',$,IFCLABEL('F3'),$);
#197=IFCPROPERTYSINGLEVALUE('Rohling',$,IFCLABEL('S60x10#42'),$);
#198=IFCPROPERTYSINGLEVALUE('Herkunft',$,IFCLABEL('reststueck'),$);
#199=IFCPROPERTYSINGLEVALUE('Schnitte',$,IFCINTEGER(2),$);
#200=IFCPROPERTYSINGLEVALUE('Schnittlaenge',$,IFCREAL(285.30000000000001),$);
#201=IFCPROPERTYSINGLEVALUE('Schnittarten',$,IFCLABEL('gehrung,gratschnitt'),$);
#202=IFCPROPERTYSET('2vcVwyW25MRQ1dDZsVMilh',$,'HP_Fliesenstueck',$,(#193,#194,#195,#196,#197,#198,#199,#200,#201));
#203=IFCRELDEFINESBYPROPERTIES('3K0XHq$hrMIQCk8O2UiEdW',$,$,$,(#192),#202);
#204=IFCQUANTITYLENGTH('Width',$,$,9.,$);
#205=IFCQUANTITYAREA('NetArea',$,$,0.0085679999999999992,$);
#206=IFCELEMENTQUANTITY('3lC3UYie1SO8Rs3adUYWX5',$,'Qto_CoveringBaseQuantities',$,$,(#204,#205));
#207=IFCRELDEFINESBYPROPERTIES('2VH26JcEnRphJhkAxF7D9m',$,$,$,(#192),#206);
#208=IFCCARTESIANPOINTLIST3D(((-478.39999999999998,92.870000000000005,7.1760000000000002),(-478.39999999999998,-48.549999999999997,7.1760000000000002),(-831.96000000000004,305.,12.478999999999999),(-831.96000000000004,342.98000000000002,12.478999999999999),(-655.38,269.83999999999997,9.8309999999999995),(-478.39999999999998,92.870000000000005,-1.8239999999999998),(-478.39999999999998,-48.549999999999997,-1.8239999999999998),(-831.96000000000004,305.,3.4789999999999992),(-831.96000000000004,342.98000000000002,3.4789999999999992),(-655.38,269.83999999999997,0.83099999999999952)),$);
#209=IFCINDEXEDPOLYGONALFACE((1,2,3,4,5));
#210=IFCINDEXEDPOLYGONALFACE((10,9,8,7,6));
#211=IFCINDEXEDPOLYGONALFACE((1,6,7,2));
#212=IFCINDEXEDPOLYGONALFACE((2,7,8,3));
#213=IFCINDEXEDPOLYGONALFACE((3,8,9,4));
#214=IFCINDEXEDPOLYGONALFACE((4,9,10,5));
#215=IFCINDEXEDPOLYGONALFACE((5,10,6,1));
#216=IFCPOLYGONALFACESET(#208,.T.,(#209,#210,#211,#212,#213,#214,#215),$);
#217=IFCSHAPEREPRESENTATION(#11,'Body','Tessellation',(#216));
#218=IFCPRODUCTDEFINITIONSHAPE($,$,(#217));
#219=IFCCARTESIANPOINT((0.,0.,0.));
#220=IFCAXIS2PLACEMENT3D(#219,$,$);
#221=IFCLOCALPLACEMENT(#69,#220);
#222=IFCCOVERING('05AG4nDZnOYBpjxnsNA2xa',$,'L/-1/-2#4',$,'gratschnitt',#221,#218,$,$);
#223=IFCPROPERTYSINGLEVALUE('Stueckart',$,IFCLABEL('gratschnitt'),$);
#224=IFCPROPERTYSINGLEVALUE('Motiv',$,IFCLABEL('L'),$);
#225=IFCPROPERTYSINGLEVALUE('Rasterposition',$,IFCLABEL('L/-1/-2'),$);
#226=IFCPROPERTYSINGLEVALUE('Gefaelleflaeche',$,IFCLABEL('F4'),$);
#227=IFCPROPERTYSINGLEVALUE('Rohling',$,IFCLABEL('S60x10#43'),$);
#228=IFCPROPERTYSINGLEVALUE('Herkunft',$,IFCLABEL('neu'),$);
#229=IFCPROPERTYSINGLEVALUE('Schnitte',$,IFCINTEGER(3),$);
#230=IFCPROPERTYSINGLEVALUE('Schnittlaenge',$,IFCREAL(370.5),$);
#231=IFCPROPERTYSINGLEVALUE('Schnittarten',$,IFCLABEL('gehrung,gratschnitt'),$);
#232=IFCPROPERTYSET('1az$sYHbXJsf1v8wMwY7Ij',$,'HP_Fliesenstueck',$,(#223,#224,#225,#226,#227,#228,#229,#230,#231));
#233=IFCRELDEFINESBYPROPERTIES('0sE7bo8I5QPAds5yAgHXqU',$,$,$,(#222),#232);
#234=IFCQUANTITYLENGTH('Width',$,$,9.,$);
#235=IFCQUANTITYAREA('NetArea',$,$,0.040868000000000002,$);
#236=IFCELEMENTQUANTITY('00HzzzyvDRWB$JUcVTALXo',$,'Qto_CoveringBaseQuantities',$,$,(#234,#235));
#237=IFCRELDEFINESBYPROPERTIES('3IwbYE49HQoRtogf$F6k81',$,$,$,(#222),#236);
#238=IFCCARTESIANPOINTLIST3D(((947.80999999999995,92.870000000000005,14.217000000000001),(947.80999999999995,-48.549999999999997,14.217000000000001),(637.01999999999998,262.24000000000001,9.5549999999999997),(737.01999999999998,303.66000000000003,11.055),(947.80999999999995,92.870000000000005,5.2170000000000005),(947.80999999999995,-48.549999999999997,5.2170000000000005),(637.01999999999998,262.24000000000001,0.55499999999999972),(737.01999999999998,303.66000000000003,2.0549999999999997)),$);
#239=IFCINDEXEDPOLYGONALFACE((1,2,3,4));
#240=IFCINDEXEDPOLYGONALFACE((8,7,6,5));
#241=IFCINDEXEDPOLYGONALFACE((1,5,6,2));
#242=IFCINDEXEDPOLYGONALFACE((2,6,7,3));
#243=IFCINDEXEDPOLYGONALFACE((3,7,8,4));
#244=IFCINDEXEDPOLYGONALFACE((4,8,5,1));
#245=IFCPOLYGONALFACESET(#238,.T.,(#239,#240,#241,#242,#243,#244),$);
#246=IFCSHAPEREPRESENTATION(#11,'Body','Tessellation',(#245));
#247=IFCPRODUCTDEFINITIONSHAPE($,$,(#246));
#248=IFCCARTESIANPOINT((0.,0.,0.));
#249=IFCAXIS2PLACEMENT3D(#248,$,$);
#250=IFCLOCALPLACEMENT(#69,#249);
#251=IFCCOVERING('1CWy5Z1m9LqeHVYfDKvWty',$,'L/-1/0#0',$,'gratschnitt',#250,#247,$,$);
#252=IFCPROPERTYSINGLEVALUE('Stueckart',$,IFCLABEL('gratschnitt'),$);
#253=IFCPROPERTYSINGLEVALUE('Motiv',$,IFCLABEL('L'),$);
#254=IFCPROPERTYSINGLEVALUE('Rasterposition',$,IFCLABEL('L/-1/0'),$);
#255=IFCPROPERTYSINGLEVALUE('Gefaelleflaeche',$,IFCLABEL('F0'),$);
#256=IFCPROPERTYSINGLEVALUE('Rohling',$,IFCLABEL('S60x10#50'),$);
#257=IFCPROPERTYSINGLEVALUE('Herkunft',$,IFCLABEL('neu'),$);
#258=IFCPROPERTYSINGLEVALUE('Schnitte',$,IFCINTEGER(2),$);
#259=IFCPROPERTYSINGLEVALUE('Schnittlaenge',$,IFCREAL(249.69999999999999),$);
#260=IFCPROPERTYSINGLEVALUE('Schnittarten',$,IFCLABEL('gehrung,gratschnitt'),$);
#261=IFCPROPERTYSET('1NG1iiiIDRm9nUUOnWQcqZ',$,'HP_Fliesenstueck',$,(#252,#253,#254,#255,#256,#257,#258,#259,#260));
#262=IFCRELDEFINESBYPROPERTIES('3StyODKQnINvTxvHFfrxK6',$,$,$,(#251),#261);
#263=IFCQUANTITYLENGTH('Width',$,$,9.,$);
#264=IFCQUANTITYAREA('NetArea',$,$,0.036881999999999998,$);
#265=IFCELEMENTQUANTITY('0qqP63z4DNlBjMp4sM5b5P',$,'Qto_CoveringBaseQuantities',$,$,(#263,#264));
#266=IFCRELDEFINESBYPROPERTIES('0TZrwYJRHVFR4FxHl7d1Bg',$,$,$,(#251),#265);
#267=IFCCARTESIANPOINTLIST3D(((734.72000000000003,305.94999999999999,11.038),(634.72000000000003,264.52999999999997,9.5380000000000003),(594.25999999999999,305.,9.5380000000000003),(594.25999999999999,446.42000000000002,11.038),(734.72000000000003,305.94999999999999,2.0380000000000003),(634.72000000000003,264.52999999999997,0.53800000000000026),(594.25999999999999,305.,0.53800000000000026),(594.25999999999999,446.42000000000002,2.0380000000000003)),$);
#268=IFCINDEXEDPOLYGONALFACE((1,2,3,4));
#269=IFCINDEXEDPOLYGONALFACE((8,7,6,5));
#270=IFCINDEXEDPOLYGONALFACE((1,5,6,2));
#271=IFCINDEXEDPOLYGONALFACE((2,6,7,3));
#272=IFCINDEXEDPOLYGONALFACE((3,7,8,4));
#273=IFCINDEXEDPOLYGONALFACE((4,8,5,1));
#274=IFCPOLYGONALFACESET(#267,.T.,(#268,#269,#270,#271,#272,#273),$);
#275=IFCSHAPEREPRESENTATION(#11,'Body','Tessellation',(#274));
#276=IFCPRODUCTDEFINITIONSHAPE($,$,(#275));
#277=IFCCARTESIANPOINT((0.,0.,0.));
#278=IFCAXIS2PLACEMENT3D(#277,$,$);
#279=IFCLOCALPLACEMENT(#69,#278);
#280=IFCCOVERING('0NkXCfr$1SAArcccYLRGXT',$,'L/-1/0#1',$,'gratschnitt',#279,#276,$,$);
#281=IFCPROPERTYSINGLEVALUE('Stueckart',$,IFCLABEL('gratschnitt'),$);
#282=IFCPROPERTYSINGLEVALUE('Motiv',$,IFCLABEL('L'),$);
#283=IFCPROPERTYSINGLEVALUE('Rasterposition',$,IFCLABEL('L/-1/0'),$);
#284=IFCPROPERTYSINGLEVALUE('Gefaelleflaeche',$,IFCLABEL('F1'),$);
#285=IFCPROPERTYSINGLEVALUE('Rohling',$,IFCLABEL('S60x10#50'),$);
#286=IFCPROPERTYSINGLEVALUE('Herkunft',$,IFCLABEL('reststueck'),$);
#287=IFCPROPERTYSINGLEVALUE('Schnitte',$,IFCINTEGER(2),$);
#288=IFCPROPERTYSINGLEVALUE('Schnittlaenge',$,IFCREAL(249.69999999999999),$);
#289=IFCPROPERTYSINGLEVALUE('Schnittarten',$,IFCLABEL('gehrung,gratschnitt'),$);
#290=IFCPROPERTYSET('1HKH6Tod1NRQooanaAvGTv',$,'HP_Fliesenstueck',$,(#281,#282,#283,#284,#285,#286,#287,#288,#289));
#291=IFCRELDEFINESBYPROPERTIES('2r3FMp_mnLR9QBKlahlqXt',$,$,$,(#280),#290);
#292=IFCQUANTITYLENGTH('Width',$,$,9.,$);
#293=IFCQUANTITYAREA('NetArea',$,$,0.012794,$);
#294=IFCELEMENTQUANTITY('3IrqnIppjT4xmvrrQHz$AU',$,'Qto_CoveringBaseQuantities',$,$,(#292,#293));
#295=IFCRELDEFINESBYPROPERTIES('3r9H4cCnTOmwTexGnOXwxY',$,$,$,(#280),#294);
#296=IFCCARTESIANPOINTLIST3D(((213.59,-1197.,17.954999999999998),(72.170000000000002,-1197.,17.954999999999998),(-118.84999999999999,-1005.98,15.09),(-118.84999999999999,-864.55999999999995,12.968),(213.59,-1197.,8.9549999999999983),(72.170000000000002,-1197.,8.9549999999999983),(-118.84999999999999,-1005.98,6.0899999999999999),(-118.84999999999999,-864.55999999999995,3.968)),$);
#297=IFCINDEXEDPOLYGONALFACE((1,2,3,4));
#298=IFCINDEXEDPOLYGONALFACE((8,7,6,5));
#299=IFCINDEXEDPOLYGONALFACE((1,5,6,2));
#300=IFCINDEXEDPOLYGONALFACE((2,6,7,3));
#301=IFCINDEXEDPOLYGONALFACE((3,7,8,4));
#302=IFCINDEXEDPOLYGONALFACE((4,8,5,1));
#303=IFCPOLYGONALFACESET(#296,.T.,(#297,#298,#299,#300,#301,#302),$);
#304=IFCSHAPEREPRESENTATION(#11,'Body','Tessellation',(#303));
#305=IFCPRODUCTDEFINITIONSHAPE($,$,(#304));
#306=IFCCARTESIANPOINT((0.,0.,0.));
#307=IFCAXIS2PLACEMENT3D(#306,$,$);
#308=IFCLOCALPLACEMENT(#69,#307);
#309=IFCCOVERING('0CoybnPFPQoA4hK2TOeiCV',$,'L/-10/-1#6',$,'schraeg',#308,#305,$,$);
#310=IFCPROPERTYSINGLEVALUE('Stueckart',$,IFCLABEL('schraeg'),$);
#311=IFCPROPERTYSINGLEVALUE('Motiv',$,IFCLABEL('L'),$);
#312=IFCPROPERTYSINGLEVALUE('Rasterposition',$,IFCLABEL('L/-10/-1'),$);
#313=IFCPROPERTYSINGLEVALUE('Gefaelleflaeche',$,IFCLABEL('F6'),$);
#314=IFCPROPERTYSINGLEVALUE('Rohling',$,IFCLABEL('S60x10#48'),$);
#315=IFCPROPERTYSINGLEVALUE('Herkunft',$,IFCLABEL('neu'),$);
#316=IFCPROPERTYSINGLEVALUE('Schnitte',$,IFCINTEGER(2),$);
#317=IFCPROPERTYSINGLEVALUE('Schnittlaenge',$,IFCREAL(282.80000000000001),$);
#318=IFCPROPERTYSINGLEVALUE('Schnittarten',$,IFCLABEL('schraeg,gehrung'),$);
#319=IFCPROPERTYSET('2$iEYnKU5IofL5MnlvC_YZ',$,'HP_Fliesenstueck',$,(#310,#311,#312,#313,#314,#315,#316,#317,#318));
#320=IFCRELDEFINESBYPROPERTIES('0XsPaqYODRUfiXZlK03sHP',$,$,$,(#309),#319);
#321=IFCQUANTITYLENGTH('Width',$,$,9.,$);
#322=IFCQUANTITYAREA('NetArea',$,$,0.037014999999999999,$);
#323=IFCELEMENTQUANTITY('24KiB$3KfUVRTNAfy4z47G',$,'Qto_CoveringBaseQuantities',$,$,(#321,#322));
#324=IFCRELDEFINESBYPROPERTIES('1_GeoW5A9T1hbFQRcv3Tvs',$,$,$,(#309),#323);
#325=IFCCARTESIANPOINTLIST3D(((711.25999999999999,-981.55999999999995,17.954999999999998),(640.54999999999995,-1052.27,17.954999999999998),(594.25999999999999,-1005.98,16.972999999999999),(594.25999999999999,-864.55999999999995,15.473000000000001),(711.25999999999999,-981.55999999999995,8.9549999999999983),(640.54999999999995,-1052.27,8.9549999999999983),(594.25999999999999,-1005.98,7.972999999999999),(594.25999999999999,-864.55999999999995,6.4730000000000008)),$);
#326=IFCINDEXEDPOLYGONALFACE((1,2,3,4));
#327=IFCINDEXEDPOLYGONALFACE((8,7,6,5));
#328=IFCINDEXEDPOLYGONALFACE((1,5,6,2));
#329=IFCINDEXEDPOLYGONALFACE((2,6,7,3));
#330=IFCINDEXEDPOLYGONALFACE((3,7,8,4));
#331=IFCINDEXEDPOLYGONALFACE((4,8,5,1));
#332=IFCPOLYGONALFACESET(#325,.T.,(#326,#327,#328,#329,#330,#331),$);
#333=IFCSHAPEREPRESENTATION(#11,'Body','Tessellation',(#332));
#334=IFCPRODUCTDEFINITIONSHAPE($,$,(#333));
#335=IFCCARTESIANPOINT((0.,0.,0.));
#336=IFCAXIS2PLACEMENT3D(#335,$,$);
#337=IFCLOCALPLACEMENT(#69,#336);
#338=IFCCOVERING('1pct$iUa9P_ReVCpIrqmDq',$,'L/-10/0#7',$,'gehrung',#337,#334,$,$);
#339=IFCPROPERTYSINGLEVALUE('Stueckart',$,IFCLABEL('gehrung'),$);
#340=IFCPROPERTYSINGLEVALUE('Motiv',$,IFCLABEL('L'),$);
#341=IFCPROPERTYSINGLEVALUE('Rasterposition',$,IFCLABEL('L/-10/0'),$);
#342=IFCPROPERTYSINGLEVALUE('Gefaelleflaeche',$,IFCLABEL('F7'),$);
#343=IFCPROPERTYSINGLEVALUE('Rohling',$,IFCLABEL('S60x10#66'),$);
#344=IFCPROPERTYSINGLEVALUE('Herkunft',$,IFCLABEL('reststueck'),$);
#345=IFCPROPERTYSINGLEVALUE('Schnitte',$,IFCINTEGER(2),$);
#346=IFCPROPERTYSINGLEVALUE('Schnittlaenge',$,IFCREAL(241.40000000000001),$);
#347=IFCPROPERTYSINGLEVALUE('Schnittarten',$,IFCLABEL('gerade,gehrung'),$);
#348=IFCPROPERTYSET('3hTOfU2rPGvQHpSMOkLxcU',$,'HP_Fliesenstueck',$,(#339,#340,#341,#342,#343,#344,#345,#346,#347));
#349=IFCRELDEFINESBYPROPERTIES('1x7SJEGHjSmQNNKvy5II5f',$,$,$,(#338),#348);
#350=IFCQUANTITYLENGTH('Width',$,$,9.,$);
#351=IFCQUANTITYAREA('NetArea',$,$,0.011546000000000001,$);
#352=IFCELEMENTQUANTITY('3LcuAWCDXNVg3E4Yk9KDv2',$,'Qto_CoveringBaseQuantities',$,$,(#350,#351));
#353=IFCRELDEFINESBYPROPERTIES('370jU2_8jNf9xV8btqgJTH',$,$,$,(#338),#352);
#354=IFCCARTESIANPOINTLIST3D(((67.930000000000007,-1197.,17.954999999999998),(-73.489999999999995,-1197.,17.954999999999998),(-118.84999999999999,-1151.6400000000001,17.274999999999999),(-118.84999999999999,-1010.22,15.153),(67.930000000000007,-1197.,8.9549999999999983),(-73.489999999999995,-1197.,8.9549999999999983),(-118.84999999999999,-1151.6400000000001,8.2749999999999986),(-118.84999999999999,-1010.22,6.1530000000000005)),$);
#355=IFCINDEXEDPOLYGONALFACE((1,2,3,4));
#356=IFCINDEXEDPOLYGONALFACE((8,7,6,5));
#357=IFCINDEXEDPOLYGONALFACE((1,5,6,2));
#358=IFCINDEXEDPOLYGONALFACE((2,6,7,3));
#359=IFCINDEXEDPOLYGONALFACE((3,7,8,4));
#360=IFCINDEXEDPOLYGONALFACE((4,8,5,1));
#361=IFCPOLYGONALFACESET(#354,.T.,(#355,#356,#357,#358,#359,#360),$);
#362=IFCSHAPEREPRESENTATION(#11,'Body','Tessellation',(#361));
#363=IFCPRODUCTDEFINITIONSHAPE($,$,(#362));
#364=IFCCARTESIANPOINT((0.,0.,0.));
#365=IFCAXIS2PLACEMENT3D(#364,$,$);
#366=IFCLOCALPLACEMENT(#69,#365);
#367=IFCCOVERING('3SCOlVY6nToxRFjNx9SJNV',$,'L/-11/-1#6',$,'schraeg',#366,#363,$,$);
#368=IFCPROPERTYSINGLEVALUE('Stueckart',$,IFCLABEL('schraeg'),$);
#369=IFCPROPERTYSINGLEVALUE('Motiv',$,IFCLABEL('L'),$);
#370=IFCPROPERTYSINGLEVALUE('Rasterposition',$,IFCLABEL('L/-11/-1'),$);
#371=IFCPROPERTYSINGLEVALUE('Gefaelleflaeche',$,IFCLABEL('F6'),$);
#372=IFCPROPERTYSINGLEVALUE('Rohling',$,IFCLABEL('S60x10#94'),$);
#373=IFCPROPERTYSINGLEVALUE('Herkunft',$,IFCLABEL('reststueck'),$);
#374=IFCPROPERTYSINGLEVALUE('Schnitte',$,IFCINTEGER(2),$);
#375=IFCPROPERTYSINGLEVALUE('Schnittlaenge',$,IFCREAL(282.80000000000001),$);
#376=IFCPROPERTYSINGLEVALUE('Schnittarten',$,IFCLABEL('schraeg,gehrung'),$);
#377=IFCPROPERTYSET('1v5NV11JfJ3wIN0SHInQi_',$,'HP_Fliesenstueck',$,(#368,#369,#370,#371,#372,#373,#374,#375,#376));
#378=IFCRELDEFINESBYPROPERTIES('0QBIKB9IvHgBN_ZvU5jQu4',$,$,$,(#367),#377);
#379=IFCQUANTITYLENGTH('Width',$,$,9.,$);
#380=IFCQUANTITYAREA('NetArea',$,$,0.016414999999999999,$);
#381=IFCELEMENTQUANTITY('0i3AXoDmzG$vwez0rFNx41',$,'Qto_CoveringBaseQuantities',$,$,(#379,#380));
#382=IFCRELDEFINESBYPROPERTIES('0q8lw_FSnM$P1HI3b$8Bs2',$,$,$,(#367),#381);
#383=IFCCARTESIANPOINTLIST3D(((638.41999999999996,-1054.3900000000001,17.954999999999998),(594.25999999999999,-1098.5599999999999,17.954999999999998),(594.25999999999999,-1010.22,17.018000000000001),(638.41999999999996,-1054.3900000000001,8.9549999999999983),(594.25999999999999,-1098.5599999999999,8.9549999999999983),(594.25999999999999,-1010.22,8.0180000000000007)),$);
#384=IFCINDEXEDPOLYGONALFACE((1,2,3));
#385=IFCINDEXEDPOLYGONALFACE((6,5,4));
#386=IFCINDEXEDPOLYGONALFACE((1,4,5,2));
#387=IFCINDEXEDPOLYGONALFACE((2,5,6,3));
#388=IFCINDEXEDPOLYGONALFACE((3,6,4,1));
#389=IFCPOLYGONALFACESET(#383,.T.,(#384,#385,#386,#387,#388),$);
#390=IFCSHAPEREPRESENTATION(#11,'Body','Tessellation',(#389));
#391=IFCPRODUCTDEFINITIONSHAPE($,$,(#390));
#392=IFCCARTESIANPOINT((0.,0.,0.));
#393=IFCAXIS2PLACEMENT3D(#392,$,$);
#394=IFCLOCALPLACEMENT(#69,#393);
#395=IFCCOVERING('1y5JYz7arUBOBzYyOfugxx',$,'L/-11/0#7',$,'gehrung',#394,#391,$,$);
#396=IFCPROPERTYSINGLEVALUE('Stueckart',$,IFCLABEL('gehrung'),$);
#397=IFCPROPERTYSINGLEVALUE('Motiv',$,IFCLABEL('L'),$);
#398=IFCPROPERTYSINGLEVALUE('Rasterposition',$,IFCLABEL('L/-11/0'),$);
#399=IFCPROPERTYSINGLEVALUE('Gefaelleflaeche',$,IFCLABEL('F7'),$);
#400=IFCPROPERTYSINGLEVALUE('Rohling',$,IFCLABEL('S60x10#61'),$);
#401=IFCPROPERTYSINGLEVALUE('Herkunft',$,IFCLABEL('reststueck'),$);
#402=IFCPROPERTYSINGLEVALUE('Schnitte',$,IFCINTEGER(2),$);
#403=IFCPROPERTYSINGLEVALUE('Schnittlaenge',$,IFCREAL(150.80000000000001),$);
#404=IFCPROPERTYSINGLEVALUE('Schnittarten',$,IFCLABEL('gerade,gehrung'),$);
#405=IFCPROPERTYSET('2bsdPbKxDKVRAHhMhQKwP0',$,'HP_Fliesenstueck',$,(#396,#397,#398,#399,#400,#401,#402,#403,#404));
#406=IFCRELDEFINESBYPROPERTIES('0SmJKs0LjVnAFxalBw3mR4',$,$,$,(#395),#405);
#407=IFCQUANTITYLENGTH('Width',$,$,9.,$);
#408=IFCQUANTITYAREA('NetArea',$,$,0.001951,$);
#409=IFCELEMENTQUANTITY('3_D1tnMerUnvWzL6ebq24R',$,'Qto_CoveringBaseQuantities',$,$,(#407,#408));
#410=IFCRELDEFINESBYPROPERTIES('2xGkPamb9UIeqzh8Lt7TtT',$,$,$,(#395),#409);
#411=IFCCARTESIANPOINTLIST3D(((-77.739999999999995,-1197.,17.954999999999998),(-118.84999999999999,-1197.,17.954999999999998),(-118.84999999999999,-1155.8800000000001,17.338000000000001),(-77.739999999999995,-1197.,8.9549999999999983),(-118.84999999999999,-1197.,8.9549999999999983),(-118.84999999999999,-1155.8800000000001,8.338000000000001)),$);
#412=IFCINDEXEDPOLYGONALFACE((1,2,3));
#413=IFCINDEXEDPOLYGONALFACE((6,5,4));
#414=IFCINDEXEDPOLYGONALFACE((1,4,5,2));
#415=IFCINDEXEDPOLYGONALFACE((2,5,6,3));
#416=IFCINDEXEDPOLYGONALFACE((3,6,4,1));
#417=IFCPOLYGONALFACESET(#411,.T.,(#412,#413,#414,#415,#416),$);
#418=IFCSHAPEREPRESENTATION(#11,'Body','Tessellation',(#417));
#419=IFCPRODUCTDEFINITIONSHAPE($,$,(#418));
#420=IFCCARTESIANPOINT((0.,0.,0.));
#421=IFCAXIS2PLACEMENT3D(#420,$,$);
#422=IFCLOCALPLACEMENT(#69,#421);
#423=IFCCOVERING('3rCmlO0hLQ4OJyl9duQVED',$,'L/-12/-1#6',$,'schraeg',#422,#419,$,$);
#424=IFCPROPERTYSINGLEVALUE('Stueckart',$,IFCLABEL('schraeg'),$);
#425=IFCPROPERTYSINGLEVALUE('Motiv',$,IFCLABEL('L'),$);
#426=IFCPROPERTYSINGLEVALUE('Rasterposition',$,IFCLABEL('L/-12/-1'),$);
#427=IFCPROPERTYSINGLEVALUE('Gefaelleflaeche',$,IFCLABEL('F6'),$);
#428=IFCPROPERTYSINGLEVALUE('Rohling',$,IFCLABEL('S60x10#49'),$);
#429=IFCPROPERTYSINGLEVALUE('Herkunft',$,IFCLABEL('reststueck'),$);
#430=IFCPROPERTYSINGLEVALUE('Schnitte',$,IFCINTEGER(2),$);
#431=IFCPROPERTYSINGLEVALUE('Schnittlaenge',$,IFCREAL(82.200000000000003),$);
#432=IFCPROPERTYSINGLEVALUE('Schnittarten',$,IFCLABEL('schraeg,gehrung'),$);
#433=IFCPROPERTYSET('1fZWc51RzR1BgXv6$ApWnS',$,'HP_Fliesenstueck',$,(#424,#425,#426,#427,#428,#429,#430,#431,#432));
#434=IFCRELDEFINESBYPROPERTIES('0nW00WacDROOowouoiF83a',$,$,$,(#423),#433);
#435=IFCQUANTITYLENGTH('Width',$,$,9.,$);
#436=IFCQUANTITYAREA('NetArea',$,$,0.00084500000000000005,$);
#437=IFCELEMENTQUANTITY('2IQ7KUhSbKBfBXJcXfWcS5',$,'Qto_CoveringBaseQuantities',$,$,(#435,#436));
#438=IFCRELDEFINESBYPROPERTIES('3mV3wCS8DKs8ZA5_FuQFmb',$,$,$,(#423),#437);
#439=IFCCARTESIANPOINTLIST3D(((234.69999999999999,-52.799999999999997,3.5209999999999999),(234.69999999999999,-95.590000000000003,3.5209999999999999),(78.,-30.690000000000001,1.1699999999999999),(78.,30.690000000000001,1.1699999999999999),(129.77000000000001,52.130000000000003,1.9470000000000001),(234.69999999999999,-52.799999999999997,-5.4790000000000001),(234.69999999999999,-95.590000000000003,-5.4790000000000001),(78.,-30.690000000000001,-7.8300000000000001),(78.,30.690000000000001,-7.8300000000000001),(129.77000000000001,52.130000000000003,-7.0529999999999999)),$);
#440=IFCINDEXEDPOLYGONALFACE((1,2,3,4,5));
#441=IFCINDEXEDPOLYGONALFACE((10,9,8,7,6));
#442=IFCINDEXEDPOLYGONALFACE((1,6,7,2));
#443=IFCINDEXEDPOLYGONALFACE((2,7,8,3));
#444=IFCINDEXEDPOLYGONALFACE((3,8,9,4));
#445=IFCINDEXEDPOLYGONALFACE((4,9,10,5));
#446=IFCINDEXEDPOLYGONALFACE((5,10,6,1));
#447=IFCPOLYGONALFACESET(#439,.T.,(#440,#441,#442,#443,#444,#445,#446),$);
#448=IFCSHAPEREPRESENTATION(#11,'Body','Tessellation',(#447));
#449=IFCPRODUCTDEFINITIONSHAPE($,$,(#448));
#450=IFCCARTESIANPOINT((0.,0.,0.));
#451=IFCAXIS2PLACEMENT3D(#450,$,$);
#452=IFCLOCALPLACEMENT(#69,#451);
#453=IFCCOVERING('1MDZHvg_TVhhtpV4W1v9qp',$,'L/-2/-1#0',$,'gratschnitt',#452,#449,$,$);
#454=IFCPROPERTYSINGLEVALUE('Stueckart',$,IFCLABEL('gratschnitt'),$);
#455=IFCPROPERTYSINGLEVALUE('Motiv',$,IFCLABEL('L'),$);
#456=IFCPROPERTYSINGLEVALUE('Rasterposition',$,IFCLABEL('L/-2/-1'),$);
#457=IFCPROPERTYSINGLEVALUE('Gefaelleflaeche',$,IFCLABEL('F0'),$);
#458=IFCPROPERTYSINGLEVALUE('Rohling',$,IFCLABEL('S60x10#96'),$);
#459=IFCPROPERTYSINGLEVALUE('Herkunft',$,IFCLABEL('neu'),$);
#460=IFCPROPERTYSINGLEVALUE('Schnitte',$,IFCINTEGER(4),$);
#461=IFCPROPERTYSINGLEVALUE('Schnittlaenge',$,IFCREAL(329.80000000000001),$);
#462=IFCPROPERTYSINGLEVALUE('Schnittarten',$,IFCLABEL('gehrung,gratschnitt,ablauf'),$);
#463=IFCPROPERTYSET('3KJwk4bjLLXhA39oAP7WYl',$,'HP_Fliesenstueck',$,(#454,#455,#456,#457,#458,#459,#460,#461,#462));
#464=IFCRELDEFINESBYPROPERTIES('0KRJZ0Fs5PhuTGvslfdNqg',$,$,$,(#453),#463);
#465=IFCQUANTITYLENGTH('Width',$,$,9.,$);
#466=IFCQUANTITYAREA('NetArea',$,$,0.012003,$);
#467=IFCELEMENTQUANTITY('1fzi37TsLHMRfbMdgZlKo7',$,'Qto_CoveringBaseQuantities',$,$,(#465,#466));
#468=IFCRELDEFINESBYPROPERTIES('2S0vRLJCjLmejFQrUukf$V',$,$,$,(#453),#467);
#469=IFCCARTESIANPOINTLIST3D(((127.48,54.43,1.929),(78.,33.93,1.1870000000000001),(78.,78.,1.655),(33.93,78.,1.1870000000000001),(54.43,127.48,1.929),(127.48,54.43,-7.0709999999999997),(78.,33.93,-7.8129999999999997),(78.,78.,-7.3449999999999998),(33.93,78.,-7.8129999999999997),(54.43,127.48,-7.0709999999999997)),$);
#470=IFCINDEXEDPOLYGONALFACE((1,2,3,4,5));
#471=IFCINDEXEDPOLYGONALFACE((10,9,8,7,6));
#472=IFCINDEXEDPOLYGONALFACE((1,6,7,2));
#473=IFCINDEXEDPOLYGONALFACE((2,7,8,3));
#474=IFCINDEXEDPOLYGONALFACE((3,8,9,4));
#475=IFCINDEXEDPOLYGONALFACE((4,9,10,5));
#476=IFCINDEXEDPOLYGONALFACE((5,10,6,1));
#477=IFCPOLYGONALFACESET(#469,.T.,(#470,#471,#472,#473,#474,#475,#476),$);
#478=IFCSHAPEREPRESENTATION(#11,'Body','Tessellation',(#477));
#479=IFCPRODUCTDEFINITIONSHAPE($,$,(#478));
#480=IFCCARTESIANPOINT((0.,0.,0.));
#481=IFCAXIS2PLACEMENT3D(#480,$,$);
#482=IFCLOCALPLACEMENT(#69,#481);
#483=IFCCOVERING('21pnasujXUL81jcN1F0cMO',$,'L/-2/-1#1',$,'gratschnitt',#482,#479,$,$);
#484=IFCPROPERTYSINGLEVALUE('Stueckart',$,IFCLABEL('gratschnitt'),$);
#485=IFCPROPERTYSINGLEVALUE('Motiv',$,IFCLABEL('L'),$);
#486=IFCPROPERTYSINGLEVALUE('Rasterposition',$,IFCLABEL('L/-2/-1'),$);
#487=IFCPROPERTYSINGLEVALUE('Gefaelleflaeche',$,IFCLABEL('F1'),$);
#488=IFCPROPERTYSINGLEVALUE('Rohling',$,IFCLABEL('S60x10#88'),$);
#489=IFCPROPERTYSINGLEVALUE('Herkunft',$,IFCLABEL('reststueck'),$);
#490=IFCPROPERTYSINGLEVALUE('Schnitte',$,IFCINTEGER(4),$);
#491=IFCPROPERTYSINGLEVALUE('Schnittlaenge',$,IFCREAL(195.19999999999999),$);
#492=IFCPROPERTYSINGLEVALUE('Schnittarten',$,IFCLABEL('gratschnitt,ablauf'),$);
#493=IFCPROPERTYSET('3XXL8SaCbKePVjZ3K9LFoT',$,'HP_Fliesenstueck',$,(#484,#485,#486,#487,#488,#489,#490,#491,#492));
#494=IFCRELDEFINESBYPROPERTIES('11GrJ4jRzUcwh4W2Q_ao1D',$,$,$,(#483),#493);
#495=IFCQUANTITYLENGTH('Width',$,$,9.,$);
#496=IFCQUANTITYAREA('NetArea',$,$,0.003127,$);
#497=IFCELEMENTQUANTITY('0mBbdyoCzVOBaypwxgeOsD',$,'Qto_CoveringBaseQuantities',$,$,(#495,#496));
#498=IFCRELDEFINESBYPROPERTIES('0LQ_4E_vHNteqJ9noYSNuF',$,$,$,(#483),#497);
#499=IFCCARTESIANPOINTLIST3D(((52.130000000000003,129.77000000000001,1.9470000000000001),(30.690000000000001,78.,1.1699999999999999),(-30.690000000000001,78.,1.1699999999999999),(-118.84999999999999,290.85000000000002,4.3630000000000004),(-118.84999999999999,300.75999999999999,4.5110000000000001),(52.130000000000003,129.77000000000001,-7.0529999999999999),(30.690000000000001,78.,-7.8300000000000001),(-30.690000000000001,78.,-7.8300000000000001),(-118.84999999999999,290.85000000000002,-4.6369999999999996),(-118.84999999999999,300.75999999999999,-4.4889999999999999)),$);
#500=IFCINDEXEDPOLYGONALFACE((1,2,3,4,5));
#501=IFCINDEXEDPOLYGONALFACE((10,9,8,7,6));
#502=IFCINDEXEDPOLYGONALFACE((1,6,7,2));
#503=IFCINDEXEDPOLYGONALFACE((2,7,8,3));
#504=IFCINDEXEDPOLYGONALFACE((3,8,9,4));
#505=IFCINDEXEDPOLYGONALFACE((4,9,10,5));
#506=IFCINDEXEDPOLYGONALFACE((5,10,6,1));
#507=IFCPOLYGONALFACESET(#499,.T.,(#500,#501,#502,#503,#504,#505,#506),$);
#508=IFCSHAPEREPRESENTATION(#11,'Body','Tessellation',(#507));
#509=IFCPRODUCTDEFINITIONSHAPE($,$,(#508));
#510=IFCCARTESIANPOINT((0.,0.,0.));
#511=IFCAXIS2PLACEMENT3D(#510,$,$);
#512=IFCLOCALPLACEMENT(#69,#511);
#513=IFCCOVERING('2o6sZNXvrV_9pbZLHgnSaU',$,'L/-2/-1#2',$,'gratschnitt',#512,#509,$,$);
#514=IFCPROPERTYSINGLEVALUE('Stueckart',$,IFCLABEL('gratschnitt'),$);
#515=IFCPROPERTYSINGLEVALUE('Motiv',$,IFCLABEL('L'),$);
#516=IFCPROPERTYSINGLEVALUE('Rasterposition',$,IFCLABEL('L/-2/-1'),$);
#517=IFCPROPERTYSINGLEVALUE('Gefaelleflaeche',$,IFCLABEL('F2'),$);
#518=IFCPROPERTYSINGLEVALUE('Rohling',$,IFCLABEL('S60x10#95'),$);
#519=IFCPROPERTYSINGLEVALUE('Herkunft',$,IFCLABEL('reststueck'),$);
#520=IFCPROPERTYSINGLEVALUE('Schnitte',$,IFCINTEGER(4),$);
#521=IFCPROPERTYSINGLEVALUE('Schnittlaenge',$,IFCREAL(357.69999999999999),$);
#522=IFCPROPERTYSINGLEVALUE('Schnittarten',$,IFCLABEL('gehrung,gratschnitt,ablauf'),$);
#523=IFCPROPERTYSET('1LhIHrN9fP086aNLqVfb$2',$,'HP_Fliesenstueck',$,(#514,#515,#516,#517,#518,#519,#520,#521,#522));
#524=IFCRELDEFINESBYPROPERTIES('30JkFMWQvLwwj6MFcA8weB',$,$,$,(#513),#523);
#525=IFCQUANTITYLENGTH('Width',$,$,9.,$);
#526=IFCQUANTITYAREA('NetArea',$,$,0.013532000000000001,$);
#527=IFCELEMENTQUANTITY('0uNd2UVFfSv9kVFhlAqeDp',$,'Qto_CoveringBaseQuantities',$,$,(#525,#526));
#528=IFCRELDEFINESBYPROPERTIES('3mg3fN5w5M5hYVxUMlJA_K',$,$,$,(#513),#527);
#529=IFCCARTESIANPOINTLIST3D(((-118.84999999999999,159.33000000000001,2.9510000000000001),(-118.84999999999999,283.00999999999999,4.2619999999999996),(-33.93,78.,1.1870000000000001),(-37.520000000000003,78.,1.2250000000000001),(-118.84999999999999,159.33000000000001,-6.0489999999999995),(-118.84999999999999,283.00999999999999,-4.7380000000000004),(-33.93,78.,-7.8129999999999997),(-37.520000000000003,78.,-7.7750000000000004)),$);
#530=IFCINDEXEDPOLYGONALFACE((1,2,3,4));
#531=IFCINDEXEDPOLYGONALFACE((8,7,6,5));
#532=IFCINDEXEDPOLYGONALFACE((1,5,6,2));
#533=IFCINDEXEDPOLYGONALFACE((2,6,7,3));
#534=IFCINDEXEDPOLYGONALFACE((3,7,8,4));
#535=IFCINDEXEDPOLYGONALFACE((4,8,5,1));
#536=IFCPOLYGONALFACESET(#529,.T.,(#530,#531,#532,#533,#534,#535),$);
#537=IFCSHAPEREPRESENTATION(#11,'Body','Tessellation',(#536));
#538=IFCPRODUCTDEFINITIONSHAPE($,$,(#537));
#539=IFCCARTESIANPOINT((0.,0.,0.));
#540=IFCAXIS2PLACEMENT3D(#539,$,$);
#541=IFCLOCALPLACEMENT(#69,#540);
#542=IFCCOVERING('3UVMpDoEDONOxMHjoR87Al',$,'L/-2/-1#3',$,'gratschnitt',#541,#538,$,$);
#543=IFCPROPERTYSINGLEVALUE('Stueckart',$,IFCLABEL('gratschnitt'),$);
#544=IFCPROPERTYSINGLEVALUE('Motiv',$,IFCLABEL('L'),$);
#545=IFCPROPERTYSINGLEVALUE('Rasterposition',$,IFCLABEL('L/-2/-1'),$);
#546=IFCPROPERTYSINGLEVALUE('Gefaelleflaeche',$,IFCLABEL('F3'),$);
#547=IFCPROPERTYSINGLEVALUE('Rohling',$,IFCLABEL('S60x10#94'),$);
#548=IFCPROPERTYSINGLEVALUE('Herkunft',$,IFCLABEL('reststueck'),$);
#549=IFCPROPERTYSINGLEVALUE('Schnitte',$,IFCINTEGER(3),$);
#550=IFCPROPERTYSINGLEVALUE('Schnittlaenge',$,IFCREAL(349.19999999999999),$);
#551=IFCPROPERTYSINGLEVALUE('Schnittarten',$,IFCLABEL('gehrung,gratschnitt,ablauf'),$);
#552=IFCPROPERTYSET('2dQfTKBMzIcgz3kNM0tHPk',$,'HP_Fliesenstueck',$,(#543,#544,#545,#546,#547,#548,#549,#550,#551));
#553=IFCRELDEFINESBYPROPERTIES('0HazIPwEjHagLiw2XoyIvW',$,$,$,(#542),#552);
#554=IFCQUANTITYLENGTH('Width',$,$,9.,$);
#555=IFCQUANTITYAREA('NetArea',$,$,0.0053969999999999999,$);
#556=IFCELEMENTQUANTITY('1TcTvcBK1N8eD2dHYa6MjK',$,'Qto_CoveringBaseQuantities',$,$,(#554,#555));
#557=IFCRELDEFINESBYPROPERTIES('2rhG5BoRrHVAzjnRjs0NBP',$,$,$,(#542),#556);
#558=IFCCARTESIANPOINTLIST3D(((234.69999999999999,-194.22,4.5490000000000004),(78.,-37.520000000000003,1.2250000000000001),(78.,-33.93,1.1870000000000001),(234.69999999999999,-98.840000000000003,3.5379999999999998),(234.69999999999999,-194.22,-4.4509999999999996),(78.,-37.520000000000003,-7.7750000000000004),(78.,-33.93,-7.8129999999999997),(234.69999999999999,-98.840000000000003,-5.4619999999999997)),$);
#559=IFCINDEXEDPOLYGONALFACE((1,2,3,4));
#560=IFCINDEXEDPOLYGONALFACE((8,7,6,5));
#561=IFCINDEXEDPOLYGONALFACE((1,5,6,2));
#562=IFCINDEXEDPOLYGONALFACE((2,6,7,3));
#563=IFCINDEXEDPOLYGONALFACE((3,7,8,4));
#564=IFCINDEXEDPOLYGONALFACE((4,8,5,1));
#565=IFCPOLYGONALFACESET(#558,.T.,(#559,#560,#561,#562,#563,#564),$);
#566=IFCSHAPEREPRESENTATION(#11,'Body','Tessellation',(#565));
#567=IFCPRODUCTDEFINITIONSHAPE($,$,(#566));
#568=IFCCARTESIANPOINT((0.,0.,0.));
#569=IFCAXIS2PLACEMENT3D(#568,$,$);
#570=IFCLOCALPLACEMENT(#69,#569);
#571=IFCCOVERING('0TXZYk6VzHIBGP05no5Haj',$,'L/-2/-1#7',$,'gratschnitt',#570,#567,$,$);
#572=IFCPROPERTYSINGLEVALUE('Stueckart',$,IFCLABEL('gratschnitt'),$);
#573=IFCPROPERTYSINGLEVALUE('Motiv',$,IFCLABEL('L'),$);
#574=IFCPROPERTYSINGLEVALUE('Rasterposition',$,IFCLABEL('L/-2/-1'),$);
#575=IFCPROPERTYSINGLEVALUE('Gefaelleflaeche',$,IFCLABEL('F7'),$);
#576=IFCPROPERTYSINGLEVALUE('Rohling',$,IFCLABEL('S60x10#35'),$);
#577=IFCPROPERTYSINGLEVALUE('Herkunft',$,IFCLABEL('reststueck'),$);
#578=IFCPROPERTYSINGLEVALUE('Schnitte',$,IFCINTEGER(3),$);
#579=IFCPROPERTYSINGLEVALUE('Schnittlaenge',$,IFCREAL(268.60000000000002),$);
#580=IFCPROPERTYSINGLEVALUE('Schnittarten',$,IFCLABEL('gehrung,gratschnitt,ablauf'),$);
#581=IFCPROPERTYSET('3$nPoXSlDQ08_NYXmUdHRs',$,'HP_Fliesenstueck',$,(#572,#573,#574,#575,#576,#577,#578,#579,#580));
#582=IFCRELDEFINESBYPROPERTIES('3RzzIEGY9TERifYKAZhP6b',$,$,$,(#571),#581);
#583=IFCQUANTITYLENGTH('Width',$,$,9.,$);
#584=IFCQUANTITYAREA('NetArea',$,$,0.0077539999999999996,$);
#585=IFCELEMENTQUANTITY('3XYqcKGiPJXxduKE8KWczw',$,'Qto_CoveringBaseQuantities',$,$,(#583,#584));
#586=IFCRELDEFINESBYPROPERTIES('2JUz9ZjIbNzOo6f0DBerU6',$,$,$,(#571),#585);
#587=IFCCARTESIANPOINTLIST3D(((-831.96000000000004,300.75999999999999,12.478999999999999),(-478.39999999999998,-52.799999999999997,7.1760000000000002),(-478.39999999999998,-194.22,7.1760000000000002),(-831.96000000000004,159.33000000000001,12.478999999999999),(-831.96000000000004,300.75999999999999,3.4789999999999992),(-478.39999999999998,-52.799999999999997,-1.8239999999999998),(-478.39999999999998,-194.22,-1.8239999999999998),(-831.96000000000004,159.33000000000001,3.4789999999999992)),$);
#588=IFCINDEXEDPOLYGONALFACE((1,2,3,4));
#589=IFCINDEXEDPOLYGONALFACE((8,7,6,5));
#590=IFCINDEXEDPOLYGONALFACE((1,5,6,2));
#591=IFCINDEXEDPOLYGONALFACE((2,6,7,3));
#592=IFCINDEXEDPOLYGONALFACE((3,7,8,4));
#593=IFCINDEXEDPOLYGONALFACE((4,8,5,1));
#594=IFCPOLYGONALFACESET(#587,.T.,(#588,#589,#590,#591,#592,#593),$);
#595=IFCSHAPEREPRESENTATION(#11,'Body','Tessellation',(#594));
#596=IFCPRODUCTDEFINITIONSHAPE($,$,(#595));
#597=IFCCARTESIANPOINT((0.,0.,0.));
#598=IFCAXIS2PLACEMENT3D(#597,$,$);
#599=IFCLOCALPLACEMENT(#69,#598);
#600=IFCCOVERING('1GxChdf9nI$uI_AYUo1Rpy',$,'L/-2/-2#4',$,'gehrung',#599,#596,$,$);
#601=IFCPROPERTYSINGLEVALUE('Stueckart',$,IFCLABEL('gehrung'),$);
#602=IFCPROPERTYSINGLEVALUE('Motiv',$,IFCLABEL('L'),$);
#603=IFCPROPERTYSINGLEVALUE('Rasterposition',$,IFCLABEL('L/-2/-2'),$);
#604=IFCPROPERTYSINGLEVALUE('Gefaelleflaeche',$,IFCLABEL('F4'),$);
#605=IFCPROPERTYSINGLEVALUE('Rohling',$,IFCLABEL('S60x10#1'),$);
#606=IFCPROPERTYSINGLEVALUE('Herkunft',$,IFCLABEL('neu'),$);
#607=IFCPROPERTYSINGLEVALUE('Schnitte',$,IFCINTEGER(2),$);
#608=IFCPROPERTYSINGLEVALUE('Schnittlaenge',$,IFCREAL(282.80000000000001),$);
#609=IFCPROPERTYSINGLEVALUE('Schnittarten',$,IFCLABEL('gehrung'),$);
#610=IFCPROPERTYSET('1gIBZSXDfQfPkSHrpsSbrj',$,'HP_Fliesenstueck',$,(#601,#602,#603,#604,#605,#606,#607,#608,#609));
#611=IFCRELDEFINESBYPROPERTIES('03LsxJz1rJNuA1GfTv9rHf',$,$,$,(#600),#610);
#612=IFCQUANTITYLENGTH('Width',$,$,9.,$);
#613=IFCQUANTITYAREA('NetArea',$,$,0.050000000000000003,$);
#614=IFCELEMENTQUANTITY('0MQtI6LgbIdRAtRv3qBoW5',$,'Qto_CoveringBaseQuantities',$,$,(#612,#613));
#615=IFCRELDEFINESBYPROPERTIES('1yXIGDK95IShQo2P_srm1O',$,$,$,(#600),#614);
#616=IFCCARTESIANPOINTLIST3D(((947.80999999999995,-52.799999999999997,14.217000000000001),(947.80999999999995,-194.22,14.217000000000001),(594.25999999999999,159.33000000000001,8.9139999999999997),(594.25999999999999,244.53,8.9139999999999997),(634.01999999999998,260.99000000000001,9.5099999999999998),(947.80999999999995,-52.799999999999997,5.2170000000000005),(947.80999999999995,-194.22,5.2170000000000005),(594.25999999999999,159.33000000000001,-0.086000000000000298),(594.25999999999999,244.53,-0.086000000000000298),(634.01999999999998,260.99000000000001,0.50999999999999979)),$);
#617=IFCINDEXEDPOLYGONALFACE((1,2,3,4,5));
#618=IFCINDEXEDPOLYGONALFACE((10,9,8,7,6));
#619=IFCINDEXEDPOLYGONALFACE((1,6,7,2));
#620=IFCINDEXEDPOLYGONALFACE((2,7,8,3));
#621=IFCINDEXEDPOLYGONALFACE((3,8,9,4));
#622=IFCINDEXEDPOLYGONALFACE((4,9,10,5));
#623=IFCINDEXEDPOLYGONALFACE((5,10,6,1));
#624=IFCPOLYGONALFACESET(#616,.T.,(#617,#618,#619,#620,#621,#622,#623),$);
#625=IFCSHAPEREPRESENTATION(#11,'Body','Tessellation',(#624));
#626=IFCPRODUCTDEFINITIONSHAPE($,$,(#625));
#627=IFCCARTESIANPOINT((0.,0.,0.));
#628=IFCAXIS2PLACEMENT3D(#627,$,$);
#629=IFCLOCALPLACEMENT(#69,#628);
#630=IFCCOVERING('0qxX46K4zJyw3Z1bWRvuK2',$,'L/-2/0#0',$,'gratschnitt',#629,#626,$,$);
#631=IFCPROPERTYSINGLEVALUE('Stueckart',$,IFCLABEL('gratschnitt'),$);
#632=IFCPROPERTYSINGLEVALUE('Motiv',$,IFCLABEL('L'),$);
#633=IFCPROPERTYSINGLEVALUE('Rasterposition',$,IFCLABEL('L/-2/0'),$);
#634=IFCPROPERTYSINGLEVALUE('Gefaelleflaeche',$,IFCLABEL('F0'),$);
#635=IFCPROPERTYSINGLEVALUE('Rohling',$,IFCLABEL('S60x10#24'),$);
#636=IFCPROPERTYSINGLEVALUE('Herkunft',$,IFCLABEL('neu'),$);
#637=IFCPROPERTYSINGLEVALUE('Schnitte',$,IFCINTEGER(3),$);
#638=IFCPROPERTYSINGLEVALUE('Schnittlaenge',$,IFCREAL(269.60000000000002),$);
#639=IFCPROPERTYSINGLEVALUE('Schnittarten',$,IFCLABEL('gehrung,gratschnitt'),$);
#640=IFCPROPERTYSET('2PTiqDcEvM2B$i$xFiG14g',$,'HP_Fliesenstueck',$,(#631,#632,#633,#634,#635,#636,#637,#638,#639));
#641=IFCRELDEFINESBYPROPERTIES('3cXZsueXnUPf4PQjBFn92V',$,$,$,(#630),#640);
#642=IFCQUANTITYLENGTH('Width',$,$,9.,$);
#643=IFCQUANTITYAREA('NetArea',$,$,0.048882000000000002,$);
#644=IFCELEMENTQUANTITY('07v$1oFLXOlOgQXqv6bVA_',$,'Qto_CoveringBaseQuantities',$,$,(#642,#643));
#645=IFCRELDEFINESBYPROPERTIES('1O7ZISxuHV2eajqB7v3EDX',$,$,$,(#630),#644);
#646=IFCCARTESIANPOINTLIST3D(((631.72000000000003,263.29000000000002,9.4930000000000003),(594.25999999999999,247.77000000000001,8.9309999999999992),(594.25999999999999,300.75999999999999,9.4930000000000003),(631.72000000000003,263.29000000000002,0.49300000000000033),(594.25999999999999,247.77000000000001,-0.069000000000000838),(594.25999999999999,300.75999999999999,0.49300000000000033)),$);
#647=IFCINDEXEDPOLYGONALFACE((1,2,3));
#648=IFCINDEXEDPOLYGONALFACE((6,5,4));
#649=IFCINDEXEDPOLYGONALFACE((1,4,5,2));
#650=IFCINDEXEDPOLYGONALFACE((2,5,6,3));
#651=IFCINDEXEDPOLYGONALFACE((3,6,4,1));
#652=IFCPOLYGONALFACESET(#646,.T.,(#647,#648,#649,#650,#651),$);
#653=IFCSHAPEREPRESENTATION(#11,'Body','Tessellation',(#652));
#654=IFCPRODUCTDEFINITIONSHAPE($,$,(#653));
#655=IFCCARTESIANPOINT((0.,0.,0.));
#656=IFCAXIS2PLACEMENT3D(#655,$,$);
#657=IFCLOCALPLACEMENT(#69,#656);
#658=IFCCOVERING('1vn9vO8RvSnO9q$TmpgHv9',$,'L/-2/0#1',$,'gratschnitt',#657,#654,$,$);
#659=IFCPROPERTYSINGLEVALUE('Stueckart',$,IFCLABEL('gratschnitt'),$);
#660=IFCPROPERTYSINGLEVALUE('Motiv',$,IFCLABEL('L'),$);
#661=IFCPROPERTYSINGLEVALUE('Rasterposition',$,IFCLABEL('L/-2/0'),$);
#662=IFCPROPERTYSINGLEVALUE('Gefaelleflaeche',$,IFCLABEL('F1'),$);
#663=IFCPROPERTYSINGLEVALUE('Rohling',$,IFCLABEL('S60x10#11'),$);
#664=IFCPROPERTYSINGLEVALUE('Herkunft',$,IFCLABEL('reststueck'),$);
#665=IFCPROPERTYSINGLEVALUE('Schnitte',$,IFCINTEGER(2),$);
#666=IFCPROPERTYSINGLEVALUE('Schnittlaenge',$,IFCREAL(93.5),$);
#667=IFCPROPERTYSINGLEVALUE('Schnittarten',$,IFCLABEL('gehrung,gratschnitt'),$);
#668=IFCPROPERTYSET('0tBllxQu1NNQ3CGmBjpqbf',$,'HP_Fliesenstueck',$,(#659,#660,#661,#662,#663,#664,#665,#666,#667));
#669=IFCRELDEFINESBYPROPERTIES('2UlUS4PBHTT9csa79IEun8',$,$,$,(#658),#668);
#670=IFCQUANTITYLENGTH('Width',$,$,9.,$);
#671=IFCQUANTITYAREA('NetArea',$,$,0.00099299999999999996,$);
#672=IFCELEMENTQUANTITY('0GTbZ2HM9GKuejlVp8Cx7s',$,'Qto_CoveringBaseQuantities',$,$,(#670,#671));
#673=IFCRELDEFINESBYPROPERTIES('1_EEK77G5GLBQs3h0fezIX',$,$,$,(#658),#672);
#674=IFCCARTESIANPOINTLIST3D(((-41.759999999999998,78.,1.27),(-78.,78.,1.655),(-78.,33.93,1.1870000000000001),(-118.84999999999999,50.850000000000001,1.8),(-118.84999999999999,155.09,2.9060000000000001),(-41.759999999999998,78.,-7.7300000000000004),(-78.,78.,-7.3449999999999998),(-78.,33.93,-7.8129999999999997),(-118.84999999999999,50.850000000000001,-7.2000000000000002),(-118.84999999999999,155.09,-6.0939999999999994)),$);
#675=IFCINDEXEDPOLYGONALFACE((1,2,3,4,5));
#676=IFCINDEXEDPOLYGONALFACE((10,9,8,7,6));
#677=IFCINDEXEDPOLYGONALFACE((1,6,7,2));
#678=IFCINDEXEDPOLYGONALFACE((2,7,8,3));
#679=IFCINDEXEDPOLYGONALFACE((3,8,9,4));
#680=IFCINDEXEDPOLYGONALFACE((4,9,10,5));
#681=IFCINDEXEDPOLYGONALFACE((5,10,6,1));
#682=IFCPOLYGONALFACESET(#674,.T.,(#675,#676,#677,#678,#679,#680,#681),$);
#683=IFCSHAPEREPRESENTATION(#11,'Body','Tessellation',(#682));
#684=IFCPRODUCTDEFINITIONSHAPE($,$,(#683));
#685=IFCCARTESIANPOINT((0.,0.,0.));
#686=IFCAXIS2PLACEMENT3D(#685,$,$);
#687=IFCLOCALPLACEMENT(#69,#686);
#688=IFCCOVERING('1jkKyGZCjUsewsv1sLb7QE',$,'L/-3/-1#3',$,'gratschnitt',#687,#684,$,$);
#689=IFCPROPERTYSINGLEVALUE('Stueckart',$,IFCLABEL('gratschnitt'),$);
#690=IFCPROPERTYSINGLEVALUE('Motiv',$,IFCLABEL('L'),$);
#691=IFCPROPERTYSINGLEVALUE('Rasterposition',$,IFCLABEL('L/-3/-1'),$);
#692=IFCPROPERTYSINGLEVALUE('Gefaelleflaeche',$,IFCLABEL('F3'),$);
#693=IFCPROPERTYSINGLEVALUE('Rohling',$,IFCLABEL('S60x10#38'),$);
#694=IFCPROPERTYSINGLEVALUE('Herkunft',$,IFCLABEL('reststueck'),$);
#695=IFCPROPERTYSINGLEVALUE('Schnitte',$,IFCINTEGER(4),$);
#696=IFCPROPERTYSINGLEVALUE('Schnittlaenge',$,IFCREAL(228.80000000000001),$);
#697=IFCPROPERTYSINGLEVALUE('Schnittarten',$,IFCLABEL('gehrung,gratschnitt,ablauf'),$);
#698=IFCPROPERTYSET('1nx34sRovOLwtqyYzYMze2',$,'HP_Fliesenstueck',$,(#689,#690,#691,#692,#693,#694,#695,#696,#697));
#699=IFCRELDEFINESBYPROPERTIES('1IMkdXNkTJMhuNTtAuBEUH',$,$,$,(#688),#698);
#700=IFCQUANTITYLENGTH('Width',$,$,9.,$);
#701=IFCQUANTITYAREA('NetArea',$,$,0.0044260000000000002,$);
#702=IFCELEMENTQUANTITY('1peLZa1wzVc9sUV9yJ27so',$,'Qto_CoveringBaseQuantities',$,$,(#700,#701));
#703=IFCRELDEFINESBYPROPERTIES('1YMWj2BZ1RuvqQK$TDt4Ug',$,$,$,(#688),#702);
#704=IFCCARTESIANPOINTLIST3D(((-118.84999999999999,13.67,1.7829999999999999),(-118.84999999999999,47.609999999999999,1.7829999999999999),(-78.,30.690000000000001,1.1699999999999999),(-78.,-27.18,1.1699999999999999),(-118.84999999999999,13.67,-7.2170000000000005),(-118.84999999999999,47.609999999999999,-7.2170000000000005),(-78.,30.690000000000001,-7.8300000000000001),(-78.,-27.18,-7.8300000000000001)),$);
#705=IFCINDEXEDPOLYGONALFACE((1,2,3,4));
#706=IFCINDEXEDPOLYGONALFACE((8,7,6,5));
#707=IFCINDEXEDPOLYGONALFACE((1,5,6,2));
#708=IFCINDEXEDPOLYGONALFACE((2,6,7,3));
#709=IFCINDEXEDPOLYGONALFACE((3,7,8,4));
#710=IFCINDEXEDPOLYGONALFACE((4,8,5,1));
#711=IFCPOLYGONALFACESET(#704,.T.,(#705,#706,#707,#708,#709,#710),$);
#712=IFCSHAPEREPRESENTATION(#11,'Body','Tessellation',(#711));
#713=IFCPRODUCTDEFINITIONSHAPE($,$,(#712));
#714=IFCCARTESIANPOINT((0.,0.,0.));
#715=IFCAXIS2PLACEMENT3D(#714,$,$);
#716=IFCLOCALPLACEMENT(#69,#715);
#717=IFCCOVERING('01IDXdJN5Qp88xYfJ55zav',$,'L/-3/-1#4',$,'gratschnitt',#716,#713,$,$);
#718=IFCPROPERTYSINGLEVALUE('Stueckart',$,IFCLABEL('gratschnitt'),$);
#719=IFCPROPERTYSINGLEVALUE('Motiv',$,IFCLABEL('L'),$);
#720=IFCPROPERTYSINGLEVALUE('Rasterposition',$,IFCLABEL('L/-3/-1'),$);
#721=IFCPROPERTYSINGLEVALUE('Gefaelleflaeche',$,IFCLABEL('F4'),$);
#722=IFCPROPERTYSINGLEVALUE('Rohling',$,IFCLABEL('S60x10#88'),$);
#723=IFCPROPERTYSINGLEVALUE('Herkunft',$,IFCLABEL('reststueck'),$);
#724=IFCPROPERTYSINGLEVALUE('Schnitte',$,IFCINTEGER(3),$);
#725=IFCPROPERTYSINGLEVALUE('Schnittlaenge',$,IFCREAL(136.),$);
#726=IFCPROPERTYSINGLEVALUE('Schnittarten',$,IFCLABEL('gehrung,gratschnitt,ablauf'),$);
#727=IFCPROPERTYSET('39LG9SKTbPox9jSNWxKTcw',$,'HP_Fliesenstueck',$,(#718,#719,#720,#721,#722,#723,#724,#725,#726));
#728=IFCRELDEFINESBYPROPERTIES('3w80naLp5OoPaOB5Wr92wV',$,$,$,(#717),#727);
#729=IFCQUANTITYLENGTH('Width',$,$,9.,$);
#730=IFCQUANTITYAREA('NetArea',$,$,0.0018749999999999999,$);
#731=IFCELEMENTQUANTITY('3NiHfRmLfQ2eIHXqcbbDGp',$,'Qto_CoveringBaseQuantities',$,$,(#729,#730));
#732=IFCRELDEFINESBYPROPERTIES('0myOp9mUPILO_P6HNliYqM',$,$,$,(#717),#731);
#733=IFCCARTESIANPOINTLIST3D(((-27.18,-78.,1.1699999999999999),(30.690000000000001,-78.,1.1699999999999999),(71.599999999999994,-176.78,2.6520000000000001),(-27.18,-78.,-7.8300000000000001),(30.690000000000001,-78.,-7.8300000000000001),(71.599999999999994,-176.78,-6.3479999999999999)),$);
#734=IFCINDEXEDPOLYGONALFACE((1,2,3));
#735=IFCINDEXEDPOLYGONALFACE((6,5,4));
#736=IFCINDEXEDPOLYGONALFACE((1,4,5,2));
#737=IFCINDEXEDPOLYGONALFACE((2,5,6,3));
#738=IFCINDEXEDPOLYGONALFACE((3,6,4,1));
#739=IFCPOLYGONALFACESET(#733,.T.,(#734,#735,#736,#737,#738),$);
#740=IFCSHAPEREPRESENTATION(#11,'Body','Tessellation',(#739));
#741=IFCPRODUCTDEFINITIONSHAPE($,$,(#740));
#742=IFCCARTESIANPOINT((0.,0.,0.));
#743=IFCAXIS2PLACEMENT3D(#742,$,$);
#744=IFCLOCALPLACEMENT(#69,#743);
#745=IFCCOVERING('1vcT6gcILPFx$nOO_59cAN',$,'L/-3/-1#6',$,'gratschnitt',#744,#741,$,$);
#746=IFCPROPERTYSINGLEVALUE('Stueckart',$,IFCLABEL('gratschnitt'),$);
#747=IFCPROPERTYSINGLEVALUE('Motiv',$,IFCLABEL('L'),$);
#748=IFCPROPERTYSINGLEVALUE('Rasterposition',$,IFCLABEL('L/-3/-1'),$);
#749=IFCPROPERTYSINGLEVALUE('Gefaelleflaeche',$,IFCLABEL('F6'),$);
#750=IFCPROPERTYSINGLEVALUE('Rohling',$,IFCLABEL('S60x10#98'),$);
#751=IFCPROPERTYSINGLEVALUE('Herkunft',$,IFCLABEL('neu'),$);
#752=IFCPROPERTYSINGLEVALUE('Schnitte',$,IFCINTEGER(2),$);
#753=IFCPROPERTYSINGLEVALUE('Schnittlaenge',$,IFCREAL(164.80000000000001),$);
#754=IFCPROPERTYSINGLEVALUE('Schnittarten',$,IFCLABEL('gratschnitt,ablauf'),$);
#755=IFCPROPERTYSET('2bm91oIcbS9AdOeTv0qmXf',$,'HP_Fliesenstueck',$,(#746,#747,#748,#749,#750,#751,#752,#753,#754));
#756=IFCRELDEFINESBYPROPERTIES('2cAffBIxzNChfkOKHi40iX',$,$,$,(#745),#755);
#757=IFCQUANTITYLENGTH('Width',$,$,9.,$);
#758=IFCQUANTITYAREA('NetArea',$,$,0.0028579999999999999,$);
#759=IFCELEMENTQUANTITY('3cVEA5IH1MKuZ5zdqX5n0J',$,'Qto_CoveringBaseQuantities',$,$,(#757,#758));
#760=IFCRELDEFINESBYPROPERTIES('0putoR$tnKBQVBgZTW4fvy',$,$,$,(#745),#759);
#761=IFCCARTESIANPOINTLIST3D(((234.69999999999999,-198.46000000000001,4.5940000000000003),(234.69999999999999,-339.88,6.0940000000000003),(77.150000000000006,-182.33000000000001,2.7519999999999998),(33.93,-78.,1.1870000000000001),(78.,-78.,1.655),(78.,-41.759999999999998,1.27),(234.69999999999999,-198.46000000000001,-4.4059999999999997),(234.69999999999999,-339.88,-2.9059999999999997),(77.150000000000006,-182.33000000000001,-6.2480000000000002),(33.93,-78.,-7.8129999999999997),(78.,-78.,-7.3449999999999998),(78.,-41.759999999999998,-7.7300000000000004)),$);
#762=IFCINDEXEDPOLYGONALFACE((1,2,3,4,5,6));
#763=IFCINDEXEDPOLYGONALFACE((12,11,10,9,8,7));
#764=IFCINDEXEDPOLYGONALFACE((1,7,8,2));
#765=IFCINDEXEDPOLYGONALFACE((2,8,9,3));
#766=IFCINDEXEDPOLYGONALFACE((3,9,10,4));
#767=IFCINDEXEDPOLYGONALFACE((4,10,11,5));
#768=IFCINDEXEDPOLYGONALFACE((5,11,12,6));
#769=IFCINDEXEDPOLYGONALFACE((6,12,7,1));
#770=IFCPOLYGONALFACESET(#761,.T.,(#762,#763,#764,#765,#766,#767,#768,#769),$);
#771=IFCSHAPEREPRESENTATION(#11,'Body','Tessellation',(#770));
#772=IFCPRODUCTDEFINITIONSHAPE($,$,(#771));
#773=IFCCARTESIANPOINT((0.,0.,0.));
#774=IFCAXIS2PLACEMENT3D(#773,$,$);
#775=IFCLOCALPLACEMENT(#69,#774);
#776=IFCCOVERING('3v2nBike5Gbf5oTWl_YR$L',$,'L/-3/-1#7',$,'gratschnitt',#775,#772,$,$);
#777=IFCPROPERTYSINGLEVALUE('Stueckart',$,IFCLABEL('gratschnitt'),$);
#778=IFCPROPERTYSINGLEVALUE('Motiv',$,IFCLABEL('L'),$);
#779=IFCPROPERTYSINGLEVALUE('Rasterposition',$,IFCLABEL('L/-3/-1'),$);
#780=IFCPROPERTYSINGLEVALUE('Gefaelleflaeche',$,IFCLABEL('F7'),$);
#781=IFCPROPERTYSINGLEVALUE('Rohling',$,IFCLABEL('S60x10#87'),$);
#782=IFCPROPERTYSINGLEVALUE('Herkunft',$,IFCLABEL('neu'),$);
#783=IFCPROPERTYSINGLEVALUE('Schnitte',$,IFCINTEGER(4),$);
#784=IFCPROPERTYSINGLEVALUE('Schnittlaenge',$,IFCREAL(334.69999999999999),$);
#785=IFCPROPERTYSINGLEVALUE('Schnittarten',$,IFCLABEL('gehrung,gratschnitt,ablauf'),$);
#786=IFCPROPERTYSET('3vsQEbWL5QtuFQECTxxyYW',$,'HP_Fliesenstueck',$,(#777,#778,#779,#780,#781,#782,#783,#784,#785));
#787=IFCRELDEFINESBYPROPERTIES('1r6qWzBOvHY8LWRoSuVkbc',$,$,$,(#776),#786);
#788=IFCQUANTITYLENGTH('Width',$,$,9.,$);
#789=IFCQUANTITYAREA('NetArea',$,$,0.024504999999999999,$);
#790=IFCELEMENTQUANTITY('1A0djXu1bL$RIpNuZU2f$T',$,'Qto_CoveringBaseQuantities',$,$,(#788,#789));
#791=IFCRELDEFINESBYPROPERTIES('0Fo_yK7ePJrB$ZOn63pnJ_',$,$,$,(#776),#790);
#792=IFCCARTESIANPOINTLIST3D(((-479.75999999999999,-197.09999999999999,7.1959999999999997),(-579.75999999999999,-238.52000000000001,8.6959999999999997),(-831.96000000000004,13.67,12.478999999999999),(-831.96000000000004,155.09,12.478999999999999),(-479.75999999999999,-197.09999999999999,-1.8040000000000003),(-579.75999999999999,-238.52000000000001,-0.30400000000000027),(-831.96000000000004,13.67,3.4789999999999992),(-831.96000000000004,155.09,3.4789999999999992)),$);
#793=IFCINDEXEDPOLYGONALFACE((1,2,3,4));
#794=IFCINDEXEDPOLYGONALFACE((8,7,6,5));
#795=IFCINDEXEDPOLYGONALFACE((1,5,6,2));
#796=IFCINDEXEDPOLYGONALFACE((2,6,7,3));
#797=IFCINDEXEDPOLYGONALFACE((3,7,8,4));
#798=IFCINDEXEDPOLYGONALFACE((4,8,5,1));
#799=IFCPOLYGONALFACESET(#792,.T.,(#793,#794,#795,#796,#797,#798),$);
#800=IFCSHAPEREPRESENTATION(#11,'Body','Tessellation',(#799));
#801=IFCPRODUCTDEFINITIONSHAPE($,$,(#800));
#802=IFCCARTESIANPOINT((0.,0.,0.));
#803=IFCAXIS2PLACEMENT3D(#802,$,$);
#804=IFCLOCALPLACEMENT(#69,#803);
#805=IFCCOVERING('3pm7n$JTTRuwkT_3PV5u8G',$,'L/-3/-2#4',$,'gratschnitt',#804,#801,$,$);
#806=IFCPROPERTYSINGLEVALUE('Stueckart',$,IFCLABEL('gratschnitt'),$);
#807=IFCPROPERTYSINGLEVALUE('Motiv',$,IFCLABEL('L'),$);
#808=IFCPROPERTYSINGLEVALUE('Rasterposition',$,IFCLABEL('L/-3/-2'),$);
#809=IFCPROPERTYSINGLEVALUE('Gefaelleflaeche',$,IFCLABEL('F4'),$);
#810=IFCPROPERTYSINGLEVALUE('Rohling',$,IFCLABEL('S60x10#37'),$);
#811=IFCPROPERTYSINGLEVALUE('Herkunft',$,IFCLABEL('neu'),$);
#812=IFCPROPERTYSINGLEVALUE('Schnitte',$,IFCINTEGER(2),$);
#813=IFCPROPERTYSINGLEVALUE('Schnittlaenge',$,IFCREAL(249.69999999999999),$);
#814=IFCPROPERTYSINGLEVALUE('Schnittarten',$,IFCLABEL('gehrung,gratschnitt'),$);
#815=IFCPROPERTYSET('0FJwMKLhTOdPvyLZymthHC',$,'HP_Fliesenstueck',$,(#806,#807,#808,#809,#810,#811,#812,#813,#814));
#816=IFCRELDEFINESBYPROPERTIES('0HQJOweovKIAPPS9uNsjlc',$,$,$,(#805),#815);
#817=IFCQUANTITYLENGTH('Width',$,$,9.,$);
#818=IFCQUANTITYAREA('NetArea',$,$,0.042736999999999997,$);
#819=IFCELEMENTQUANTITY('19Zf1ta9PKjgmLEwE5d0OP',$,'Qto_CoveringBaseQuantities',$,$,(#817,#818));
#820=IFCRELDEFINESBYPROPERTIES('0f92Q0AZbPbR2GSj9UDahu',$,$,$,(#805),#819);
#821=IFCCARTESIANPOINTLIST3D(((-478.39999999999998,-339.88,8.6790000000000003),(-577.47000000000003,-240.81999999999999,8.6790000000000003),(-478.39999999999998,-199.78999999999999,7.1929999999999996),(-478.39999999999998,-339.88,-0.32099999999999973),(-577.47000000000003,-240.81999999999999,-0.32099999999999973),(-478.39999999999998,-199.78999999999999,-1.8070000000000004)),$);
#822=IFCINDEXEDPOLYGONALFACE((1,2,3));
#823=IFCINDEXEDPOLYGONALFACE((6,5,4));
#824=IFCINDEXEDPOLYGONALFACE((1,4,5,2));
#825=IFCINDEXEDPOLYGONALFACE((2,5,6,3));
#826=IFCINDEXEDPOLYGONALFACE((3,6,4,1));
#827=IFCPOLYGONALFACESET(#821,.T.,(#822,#823,#824,#825,#826),$);
#828=IFCSHAPEREPRESENTATION(#11,'Body','Tessellation',(#827));
#829=IFCPRODUCTDEFINITIONSHAPE($,$,(#828));
#830=IFCCARTESIANPOINT((0.,0.,0.));
#831=IFCAXIS2PLACEMENT3D(#830,$,$);
#832=IFCLOCALPLACEMENT(#69,#831);
#833=IFCCOVERING('3tk3goSCjUBuJBWznUzsyP',$,'L/-3/-2#5',$,'gratschnitt',#832,#829,$,$);
#834=IFCPROPERTYSINGLEVALUE('Stueckart',$,IFCLABEL('gratschnitt'),$);
#835=IFCPROPERTYSINGLEVALUE('Motiv',$,IFCLABEL('L'),$);
#836=IFCPROPERTYSINGLEVALUE('Rasterposition',$,IFCLABEL('L/-3/-2'),$);
#837=IFCPROPERTYSINGLEVALUE('Gefaelleflaeche',$,IFCLABEL('F5'),$);
#838=IFCPROPERTYSINGLEVALUE('Rohling',$,IFCLABEL('S60x10#37'),$);
#839=IFCPROPERTYSINGLEVALUE('Herkunft',$,IFCLABEL('reststueck'),$);
#840=IFCPROPERTYSINGLEVALUE('Schnitte',$,IFCINTEGER(2),$);
#841=IFCPROPERTYSINGLEVALUE('Schnittlaenge',$,IFCREAL(247.30000000000001),$);
#842=IFCPROPERTYSINGLEVALUE('Schnittarten',$,IFCLABEL('gehrung,gratschnitt'),$);
#843=IFCPROPERTYSET('0fPQ24YK9PZAEs$wM3DDkA',$,'HP_Fliesenstueck',$,(#834,#835,#836,#837,#838,#839,#840,#841,#842));
#844=IFCRELDEFINESBYPROPERTIES('1hNSu8Fe9KHhroIwIqblBf',$,$,$,(#833),#843);
#845=IFCQUANTITYLENGTH('Width',$,$,9.,$);
#846=IFCQUANTITYAREA('NetArea',$,$,0.0069389999999999999,$);
#847=IFCELEMENTQUANTITY('0qsBFLxp5KRwHPEytUrQA3',$,'Qto_CoveringBaseQuantities',$,$,(#845,#846));
#848=IFCRELDEFINESBYPROPERTIES('3a8peoqw1R4OTX4zsKDgWc',$,$,$,(#833),#847);
#849=IFCCARTESIANPOINTLIST3D(((594.25999999999999,155.09,8.9139999999999997),(947.80999999999995,-198.46000000000001,14.217000000000001),(947.80999999999995,-339.88,14.217000000000001),(594.25999999999999,13.67,8.9139999999999997),(594.25999999999999,155.09,-0.086000000000000298),(947.80999999999995,-198.46000000000001,5.2170000000000005),(947.80999999999995,-339.88,5.2170000000000005),(594.25999999999999,13.67,-0.086000000000000298)),$);
#850=IFCINDEXEDPOLYGONALFACE((1,2,3,4));
#851=IFCINDEXEDPOLYGONALFACE((8,7,6,5));
#852=IFCINDEXEDPOLYGONALFACE((1,5,6,2));
#853=IFCINDEXEDPOLYGONALFACE((2,6,7,3));
#854=IFCINDEXEDPOLYGONALFACE((3,7,8,4));
#855=IFCINDEXEDPOLYGONALFACE((4,8,5,1));
#856=IFCPOLYGONALFACESET(#849,.T.,(#850,#851,#852,#853,#854,#855),$);
#857=IFCSHAPEREPRESENTATION(#11,'Body','Tessellation',(#856));
#858=IFCPRODUCTDEFINITIONSHAPE($,$,(#857));
#859=IFCCARTESIANPOINT((0.,0.,0.));
#860=IFCAXIS2PLACEMENT3D(#859,$,$);
#861=IFCLOCALPLACEMENT(#69,#860);
#862=IFCCOVERING('2_hMJpAMzSNAyqWaF2pwjw',$,'L/-3/0#0',$,'gehrung',#861,#858,$,$);
#863=IFCPROPERTYSINGLEVALUE('Stueckart',$,IFCLABEL('gehrung'),$);
#864=IFCPROPERTYSINGLEVALUE('Motiv',$,IFCLABEL('L'),$);
#865=IFCPROPERTYSINGLEVALUE('Rasterposition',$,IFCLABEL('L/-3/0'),$);
#866=IFCPROPERTYSINGLEVALUE('Gefaelleflaeche',$,IFCLABEL('F0'),$);
#867=IFCPROPERTYSINGLEVALUE('Rohling',$,IFCLABEL('S60x10#2'),$);
#868=IFCPROPERTYSINGLEVALUE('Herkunft',$,IFCLABEL('neu'),$);
#869=IFCPROPERTYSINGLEVALUE('Schnitte',$,IFCINTEGER(2),$);
#870=IFCPROPERTYSINGLEVALUE('Schnittlaenge',$,IFCREAL(282.80000000000001),$);
#871=IFCPROPERTYSINGLEVALUE('Schnittarten',$,IFCLABEL('gehrung'),$);
#872=IFCPROPERTYSET('3WDiIet8nUy8xUCnoDhXAO',$,'HP_Fliesenstueck',$,(#863,#864,#865,#866,#867,#868,#869,#870,#871));
#873=IFCRELDEFINESBYPROPERTIES('2SMpWBB0HTSP$bbesVJtIi',$,$,$,(#862),#872);
#874=IFCQUANTITYLENGTH('Width',$,$,9.,$);
#875=IFCQUANTITYAREA('NetArea',$,$,0.050000000000000003,$);
#876=IFCELEMENTQUANTITY('3QyOyqF6TRl8DXkIaCrvkD',$,'Qto_CoveringBaseQuantities',$,$,(#874,#875));
#877=IFCRELDEFINESBYPROPERTIES('3gbjUn9cHTOREwm4yeVPO4',$,$,$,(#862),#876);
#878=IFCCARTESIANPOINTLIST3D(((-78.519999999999996,-30.899999999999999,1.1779999999999999),(-118.84999999999999,-47.609999999999999,1.7829999999999999),(-118.84999999999999,9.4299999999999997,1.7829999999999999),(-78.519999999999996,-30.899999999999999,-7.8220000000000001),(-118.84999999999999,-47.609999999999999,-7.2170000000000005),(-118.84999999999999,9.4299999999999997,-7.2170000000000005)),$);
#879=IFCINDEXEDPOLYGONALFACE((1,2,3));
#880=IFCINDEXEDPOLYGONALFACE((6,5,4));
#881=IFCINDEXEDPOLYGONALFACE((1,4,5,2));
#882=IFCINDEXEDPOLYGONALFACE((2,5,6,3));
#883=IFCINDEXEDPOLYGONALFACE((3,6,4,1));
#884=IFCPOLYGONALFACESET(#878,.T.,(#879,#880,#881,#882,#883),$);
#885=IFCSHAPEREPRESENTATION(#11,'Body','Tessellation',(#884));
#886=IFCPRODUCTDEFINITIONSHAPE($,$,(#885));
#887=IFCCARTESIANPOINT((0.,0.,0.));
#888=IFCAXIS2PLACEMENT3D(#887,$,$);
#889=IFCLOCALPLACEMENT(#69,#888);
#890=IFCCOVERING('0hRjt1J99GmvJrmatLn025',$,'L/-4/-1#4',$,'gratschnitt',#889,#886,$,$);
#891=IFCPROPERTYSINGLEVALUE('Stueckart',$,IFCLABEL('gratschnitt'),$);
#892=IFCPROPERTYSINGLEVALUE('Motiv',$,IFCLABEL('L'),$);
#893=IFCPROPERTYSINGLEVALUE('Rasterposition',$,IFCLABEL('L/-4/-1'),$);
#894=IFCPROPERTYSINGLEVALUE('Gefaelleflaeche',$,IFCLABEL('F4'),$);
#895=IFCPROPERTYSINGLEVALUE('Rohling',$,IFCLABEL('S60x10#12'),$);
#896=IFCPROPERTYSINGLEVALUE('Herkunft',$,IFCLABEL('reststueck'),$);
#897=IFCPROPERTYSINGLEVALUE('Schnitte',$,IFCINTEGER(2),$);
#898=IFCPROPERTYSINGLEVALUE('Schnittlaenge',$,IFCREAL(100.7),$);
#899=IFCPROPERTYSINGLEVALUE('Schnittarten',$,IFCLABEL('gehrung,gratschnitt'),$);
#900=IFCPROPERTYSET('2QlRkeEdLI1eROEeujbI2D',$,'HP_Fliesenstueck',$,(#891,#892,#893,#894,#895,#896,#897,#898,#899));
#901=IFCRELDEFINESBYPROPERTIES('3dqaI$8FrKPOLYVz094BQA',$,$,$,(#890),#900);
#902=IFCQUANTITYLENGTH('Width',$,$,9.,$);
#903=IFCQUANTITYAREA('NetArea',$,$,0.00115,$);
#904=IFCELEMENTQUANTITY('1$3CQy7W5U8O9Tfw2tp9ON',$,'Qto_CoveringBaseQuantities',$,$,(#902,#903));
#905=IFCRELDEFINESBYPROPERTIES('1teNmRNyTUsvcFCLcc2uo8',$,$,$,(#890),#904);
#906=IFCCARTESIANPOINTLIST3D(((-118.84999999999999,-131.99000000000001,2.661),(-118.84999999999999,-50.850000000000001,1.8),(-78.,-33.93,1.1870000000000001),(-78.,-78.,1.655),(-33.93,-78.,1.1870000000000001),(-74.620000000000005,-176.22999999999999,2.661),(-118.84999999999999,-131.99000000000001,-6.3390000000000004),(-118.84999999999999,-50.850000000000001,-7.2000000000000002),(-78.,-33.93,-7.8129999999999997),(-78.,-78.,-7.3449999999999998),(-33.93,-78.,-7.8129999999999997),(-74.620000000000005,-176.22999999999999,-6.3390000000000004)),$);
#907=IFCINDEXEDPOLYGONALFACE((1,2,3,4,5,6));
#908=IFCINDEXEDPOLYGONALFACE((12,11,10,9,8,7));
#909=IFCINDEXEDPOLYGONALFACE((1,7,8,2));
#910=IFCINDEXEDPOLYGONALFACE((2,8,9,3));
#911=IFCINDEXEDPOLYGONALFACE((3,9,10,4));
#912=IFCINDEXEDPOLYGONALFACE((4,10,11,5));
#913=IFCINDEXEDPOLYGONALFACE((5,11,12,6));
#914=IFCINDEXEDPOLYGONALFACE((6,12,7,1));
#915=IFCPOLYGONALFACESET(#906,.T.,(#907,#908,#909,#910,#911,#912,#913,#914),$);
#916=IFCSHAPEREPRESENTATION(#11,'Body','Tessellation',(#915));
#917=IFCPRODUCTDEFINITIONSHAPE($,$,(#916));
#918=IFCCARTESIANPOINT((0.,0.,0.));
#919=IFCAXIS2PLACEMENT3D(#918,$,$);
#920=IFCLOCALPLACEMENT(#69,#919);
#921=IFCCOVERING('3JS161zvXV7wYB58q9ToA1',$,'L/-4/-1#5',$,'gratschnitt',#920,#917,$,$);
#922=IFCPROPERTYSINGLEVALUE('Stueckart',$,IFCLABEL('gratschnitt'),$);
#923=IFCPROPERTYSINGLEVALUE('Motiv',$,IFCLABEL('L'),$);
#924=IFCPROPERTYSINGLEVALUE('Rasterposition',$,IFCLABEL('L/-4/-1'),$);
#925=IFCPROPERTYSINGLEVALUE('Gefaelleflaeche',$,IFCLABEL('F5'),$);
#926=IFCPROPERTYSINGLEVALUE('Rohling',$,IFCLABEL('S60x10#86'),$);
#927=IFCPROPERTYSINGLEVALUE('Herkunft',$,IFCLABEL('reststueck'),$);
#928=IFCPROPERTYSINGLEVALUE('Schnitte',$,IFCINTEGER(5),$);
#929=IFCPROPERTYSINGLEVALUE('Schnittlaenge',$,IFCREAL(319.80000000000001),$);
#930=IFCPROPERTYSINGLEVALUE('Schnittarten',$,IFCLABEL('gehrung,gratschnitt,ablauf'),$);
#931=IFCPROPERTYSET('242JsxRvfRGwi1_P_Njd0U',$,'HP_Fliesenstueck',$,(#922,#923,#924,#925,#926,#927,#928,#929,#930));
#932=IFCRELDEFINESBYPROPERTIES('3rOhdqp7LQhv3RFfblasQf',$,$,$,(#921),#931);
#933=IFCQUANTITYLENGTH('Width',$,$,9.,$);
#934=IFCQUANTITYAREA('NetArea',$,$,0.0068190000000000004,$);
#935=IFCELEMENTQUANTITY('33uyWEqHnSjvq3xxCEd5dy',$,'Qto_CoveringBaseQuantities',$,$,(#933,#934));
#936=IFCRELDEFINESBYPROPERTIES('0g4hJGh1jNTxUmWlGMZJ1n',$,$,$,(#921),#935);
#937=IFCCARTESIANPOINTLIST3D(((74.599999999999994,-184.03,2.7599999999999998),(174.59999999999999,-425.44999999999999,6.3819999999999997),(-72.319999999999993,-178.52000000000001,2.6779999999999999),(-30.899999999999999,-78.519999999999996,1.1779999999999999),(74.599999999999994,-184.03,-6.2400000000000002),(174.59999999999999,-425.44999999999999,-2.6180000000000003),(-72.319999999999993,-178.52000000000001,-6.3220000000000001),(-30.899999999999999,-78.519999999999996,-7.8220000000000001)),$);
#938=IFCINDEXEDPOLYGONALFACE((1,2,3,4));
#939=IFCINDEXEDPOLYGONALFACE((8,7,6,5));
#940=IFCINDEXEDPOLYGONALFACE((1,5,6,2));
#941=IFCINDEXEDPOLYGONALFACE((2,6,7,3));
#942=IFCINDEXEDPOLYGONALFACE((3,7,8,4));
#943=IFCINDEXEDPOLYGONALFACE((4,8,5,1));
#944=IFCPOLYGONALFACESET(#937,.T.,(#938,#939,#940,#941,#942,#943),$);
#945=IFCSHAPEREPRESENTATION(#11,'Body','Tessellation',(#944));
#946=IFCPRODUCTDEFINITIONSHAPE($,$,(#945));
#947=IFCCARTESIANPOINT((0.,0.,0.));
#948=IFCAXIS2PLACEMENT3D(#947,$,$);
#949=IFCLOCALPLACEMENT(#69,#948);
#950=IFCCOVERING('0Ik$xWzKrO9xOzzgoNC1HI',$,'L/-4/-1#6',$,'gratschnitt',#949,#946,$,$);
#951=IFCPROPERTYSINGLEVALUE('Stueckart',$,IFCLABEL('gratschnitt'),$);
#952=IFCPROPERTYSINGLEVALUE('Motiv',$,IFCLABEL('L'),$);
#953=IFCPROPERTYSINGLEVALUE('Rasterposition',$,IFCLABEL('L/-4/-1'),$);
#954=IFCPROPERTYSINGLEVALUE('Gefaelleflaeche',$,IFCLABEL('F6'),$);
#955=IFCPROPERTYSINGLEVALUE('Rohling',$,IFCLABEL('S60x10#86'),$);
#956=IFCPROPERTYSINGLEVALUE('Herkunft',$,IFCLABEL('neu'),$);
#957=IFCPROPERTYSINGLEVALUE('Schnitte',$,IFCINTEGER(2),$);
#958=IFCPROPERTYSINGLEVALUE('Schnittlaenge',$,IFCREAL(369.60000000000002),$);
#959=IFCPROPERTYSINGLEVALUE('Schnittarten',$,IFCLABEL('gratschnitt'),$);
#960=IFCPROPERTYSET('1gvNyB5ebQTevGTOIv24xy',$,'HP_Fliesenstueck',$,(#951,#952,#953,#954,#955,#956,#957,#958,#959));
#961=IFCRELDEFINESBYPROPERTIES('1yEEZLfsbLJBgL4eMZPTat',$,$,$,(#950),#960);
#962=IFCQUANTITYLENGTH('Width',$,$,9.,$);
#963=IFCQUANTITYAREA('NetArea',$,$,0.024920000000000001,$);
#964=IFCELEMENTQUANTITY('150gHdT9bU3v4Yfllf2eyE',$,'Qto_CoveringBaseQuantities',$,$,(#962,#963));
#965=IFCRELDEFINESBYPROPERTIES('3$KKpwLN5PvwDBV_UoIIK9',$,$,$,(#950),#964);
#966=IFCCARTESIANPOINTLIST3D(((234.69999999999999,-344.13,6.1390000000000002),(234.69999999999999,-485.55000000000001,7.6390000000000002),(180.15000000000001,-430.99000000000001,6.4820000000000002),(80.150000000000006,-189.56999999999999,2.8610000000000002),(234.69999999999999,-344.13,-2.8609999999999998),(234.69999999999999,-485.55000000000001,-1.3609999999999998),(180.15000000000001,-430.99000000000001,-2.5179999999999998),(80.150000000000006,-189.56999999999999,-6.1389999999999993)),$);
#967=IFCINDEXEDPOLYGONALFACE((1,2,3,4));
#968=IFCINDEXEDPOLYGONALFACE((8,7,6,5));
#969=IFCINDEXEDPOLYGONALFACE((1,5,6,2));
#970=IFCINDEXEDPOLYGONALFACE((2,6,7,3));
#971=IFCINDEXEDPOLYGONALFACE((3,7,8,4));
#972=IFCINDEXEDPOLYGONALFACE((4,8,5,1));
#973=IFCPOLYGONALFACESET(#966,.T.,(#967,#968,#969,#970,#971,#972),$);
#974=IFCSHAPEREPRESENTATION(#11,'Body','Tessellation',(#973));
#975=IFCPRODUCTDEFINITIONSHAPE($,$,(#974));
#976=IFCCARTESIANPOINT((0.,0.,0.));
#977=IFCAXIS2PLACEMENT3D(#976,$,$);
#978=IFCLOCALPLACEMENT(#69,#977);
#979=IFCCOVERING('0Z3rF1CwPRVxiGXqpJlYWB',$,'L/-4/-1#7',$,'gratschnitt',#978,#975,$,$);
#980=IFCPROPERTYSINGLEVALUE('Stueckart',$,IFCLABEL('gratschnitt'),$);
#981=IFCPROPERTYSINGLEVALUE('Motiv',$,IFCLABEL('L'),$);
#982=IFCPROPERTYSINGLEVALUE('Rasterposition',$,IFCLABEL('L/-4/-1'),$);
#983=IFCPROPERTYSINGLEVALUE('Gefaelleflaeche',$,IFCLABEL('F7'),$);
#984=IFCPROPERTYSINGLEVALUE('Rohling',$,IFCLABEL('S60x10#86'),$);
#985=IFCPROPERTYSINGLEVALUE('Herkunft',$,IFCLABEL('reststueck'),$);
#986=IFCPROPERTYSINGLEVALUE('Schnitte',$,IFCINTEGER(2),$);
#987=IFCPROPERTYSINGLEVALUE('Schnittlaenge',$,IFCREAL(402.69999999999999),$);
#988=IFCPROPERTYSINGLEVALUE('Schnittarten',$,IFCLABEL('gehrung,gratschnitt'),$);
#989=IFCPROPERTYSET('1o9WsyldDMEuHTWabaROFj',$,'HP_Fliesenstueck',$,(#980,#981,#982,#983,#984,#985,#986,#987,#988));
#990=IFCRELDEFINESBYPROPERTIES('3xMMkw4t1UNwvgMTaHaOv_',$,$,$,(#979),#989);
#991=IFCQUANTITYLENGTH('Width',$,$,9.,$);
#992=IFCQUANTITYAREA('NetArea',$,$,0.014787,$);
#993=IFCELEMENTQUANTITY('1yXAmB$yrMu889PMLFY6A5',$,'Qto_CoveringBaseQuantities',$,$,(#991,#992));
#994=IFCRELDEFINESBYPROPERTIES('1YrAbrkBPQbfQhyIOny17P',$,$,$,(#979),#993);
#995=IFCCARTESIANPOINTLIST3D(((-582.75999999999999,-239.77000000000001,8.7409999999999997),(-682.75999999999999,-281.19,10.241),(-831.96000000000004,-131.99000000000001,12.478999999999999),(-831.96000000000004,9.4299999999999997,12.478999999999999),(-582.75999999999999,-239.77000000000001,-0.25900000000000034),(-682.75999999999999,-281.19,1.2409999999999997),(-831.96000000000004,-131.99000000000001,3.4789999999999992),(-831.96000000000004,9.4299999999999997,3.4789999999999992)),$);
#996=IFCINDEXEDPOLYGONALFACE((1,2,3,4));
#997=IFCINDEXEDPOLYGONALFACE((8,7,6,5));
#998=IFCINDEXEDPOLYGONALFACE((1,5,6,2));
#999=IFCINDEXEDPOLYGONALFACE((2,6,7,3));
#1000=IFCINDEXEDPOLYGONALFACE((3,7,8,4));
#1001=IFCINDEXEDPOLYGONALFACE((4,8,5,1));
#1002=IFCPOLYGONALFACESET(#995,.T.,(#996,#997,#998,#999,#1000,#1001),$);
#1003=IFCSHAPEREPRESENTATION(#11,'Body','Tessellation',(#1002));
#1004=IFCPRODUCTDEFINITIONSHAPE($,$,(#1003));
#1005=IFCCARTESIANPOINT((0.,0.,0.));
#1006=IFCAXIS2PLACEMENT3D(#1005,$,$);
#1007=IFCLOCALPLACEMENT(#69,#1006);
#1008=IFCCOVERING('0Gx7z0jLLT79BsWZ_bKIsM',$,'L/-4/-2#4',$,'gratschnitt',#1007,#1004,$,$);
#1009=IFCPROPERTYSINGLEVALUE('Stueckart',$,IFCLABEL('gratschnitt'),$);
#1010=IFCPROPERTYSINGLEVALUE('Motiv',$,IFCLABEL('L'),$);
#1011=IFCPROPERTYSINGLEVALUE('Rasterposition',$,IFCLABEL('L/-4/-2'),$);
#1012=IFCPROPERTYSINGLEVALUE('Gefaelleflaeche',$,IFCLABEL('F4'),$);
#1013=IFCPROPERTYSINGLEVALUE('Rohling',$,IFCLABEL('S60x10#80'),$);
#1014=IFCPROPERTYSINGLEVALUE('Herkunft',$,IFCLABEL('neu'),$);
#1015=IFCPROPERTYSINGLEVALUE('Schnitte',$,IFCINTEGER(2),$);
#1016=IFCPROPERTYSINGLEVALUE('Schnittlaenge',$,IFCREAL(249.69999999999999),$);
#1017=IFCPROPERTYSINGLEVALUE('Schnittarten',$,IFCLABEL('gehrung,gratschnitt'),$);
#1018=IFCPROPERTYSET('30SnniAeHH7Qwba9MSBPjQ',$,'HP_Fliesenstueck',$,(#1009,#1010,#1011,#1012,#1013,#1014,#1015,#1016,#1017));
#1019=IFCRELDEFINESBYPROPERTIES('0uGYoDn4nJLxDNmxEKSzuO',$,$,$,(#1008),#1018);
#1020=IFCQUANTITYLENGTH('Width',$,$,9.,$);
#1021=IFCQUANTITYAREA('NetArea',$,$,0.028170000000000001,$);
#1022=IFCELEMENTQUANTITY('35TKLnGX1P5f$t6DjjsUT$',$,'Qto_CoveringBaseQuantities',$,$,(#1020,#1021));
#1023=IFCRELDEFINESBYPROPERTIES('1$Lmiiw$TVkPcnCcUNU4XC',$,$,$,(#1008),#1022);
#1024=IFCCARTESIANPOINTLIST3D(((-478.39999999999998,-344.13,8.7240000000000002),(-478.39999999999998,-485.55000000000001,10.224),(-680.47000000000003,-283.48000000000002,10.224),(-580.47000000000003,-242.06,8.7240000000000002),(-478.39999999999998,-344.13,-0.2759999999999998),(-478.39999999999998,-485.55000000000001,1.2240000000000002),(-680.47000000000003,-283.48000000000002,1.2240000000000002),(-580.47000000000003,-242.06,-0.2759999999999998)),$);
#1025=IFCINDEXEDPOLYGONALFACE((1,2,3,4));
#1026=IFCINDEXEDPOLYGONALFACE((8,7,6,5));
#1027=IFCINDEXEDPOLYGONALFACE((1,5,6,2));
#1028=IFCINDEXEDPOLYGONALFACE((2,6,7,3));
#1029=IFCINDEXEDPOLYGONALFACE((3,7,8,4));
#1030=IFCINDEXEDPOLYGONALFACE((4,8,5,1));
#1031=IFCPOLYGONALFACESET(#1024,.T.,(#1025,#1026,#1027,#1028,#1029,#1030),$);
#1032=IFCSHAPEREPRESENTATION(#11,'Body','Tessellation',(#1031));
#1033=IFCPRODUCTDEFINITIONSHAPE($,$,(#1032));
#1034=IFCCARTESIANPOINT((0.,0.,0.));
#1035=IFCAXIS2PLACEMENT3D(#1034,$,$);
#1036=IFCLOCALPLACEMENT(#69,#1035);
#1037=IFCCOVERING('22qD9PWNfS1vX6Kf$zYBbV',$,'L/-4/-2#5',$,'gratschnitt',#1036,#1033,$,$);
#1038=IFCPROPERTYSINGLEVALUE('Stueckart',$,IFCLABEL('gratschnitt'),$);
#1039=IFCPROPERTYSINGLEVALUE('Motiv',$,IFCLABEL('L'),$);
#1040=IFCPROPERTYSINGLEVALUE('Rasterposition',$,IFCLABEL('L/-4/-2'),$);
#1041=IFCPROPERTYSINGLEVALUE('Gefaelleflaeche',$,IFCLABEL('F5'),$);
#1042=IFCPROPERTYSINGLEVALUE('Rohling',$,IFCLABEL('S60x10#78'),$);
#1043=IFCPROPERTYSINGLEVALUE('Herkunft',$,IFCLABEL('reststueck'),$);
#1044=IFCPROPERTYSINGLEVALUE('Schnitte',$,IFCINTEGER(2),$);
#1045=IFCPROPERTYSINGLEVALUE('Schnittlaenge',$,IFCREAL(249.69999999999999),$);
#1046=IFCPROPERTYSINGLEVALUE('Schnittarten',$,IFCLABEL('gehrung,gratschnitt'),$);
#1047=IFCPROPERTYSET('10BqPfadvOzQSYMoEIUNmH',$,'HP_Fliesenstueck',$,(#1038,#1039,#1040,#1041,#1042,#1043,#1044,#1045,#1046));
#1048=IFCRELDEFINESBYPROPERTIES('18OZZ_uBTKJu5rS1coIwdE',$,$,$,(#1037),#1047);
#1049=IFCQUANTITYLENGTH('Width',$,$,9.,$);
#1050=IFCQUANTITYAREA('NetArea',$,$,0.021505,$);
#1051=IFCELEMENTQUANTITY('0EHMQDqzrHYQOY7Ym7TN9L',$,'Qto_CoveringBaseQuantities',$,$,(#1049,#1050));
#1052=IFCRELDEFINESBYPROPERTIES('30cwFJ8AnLb9H0ZKYFWE5o',$,$,$,(#1037),#1051);
#1053=IFCCARTESIANPOINTLIST3D(((947.80999999999995,-344.13,14.217000000000001),(947.80999999999995,-390.97000000000003,14.217000000000001),(786.36000000000001,-324.10000000000002,11.795),(594.25999999999999,-131.99000000000001,8.9139999999999997),(594.25999999999999,9.4299999999999997,8.9139999999999997),(947.80999999999995,-344.13,5.2170000000000005),(947.80999999999995,-390.97000000000003,5.2170000000000005),(786.36000000000001,-324.10000000000002,2.7949999999999999),(594.25999999999999,-131.99000000000001,-0.086000000000000298),(594.25999999999999,9.4299999999999997,-0.086000000000000298)),$);
#1054=IFCINDEXEDPOLYGONALFACE((1,2,3,4,5));
#1055=IFCINDEXEDPOLYGONALFACE((10,9,8,7,6));
#1056=IFCINDEXEDPOLYGONALFACE((1,6,7,2));
#1057=IFCINDEXEDPOLYGONALFACE((2,7,8,3));
#1058=IFCINDEXEDPOLYGONALFACE((3,8,9,4));
#1059=IFCINDEXEDPOLYGONALFACE((4,9,10,5));
#1060=IFCINDEXEDPOLYGONALFACE((5,10,6,1));
#1061=IFCPOLYGONALFACESET(#1053,.T.,(#1054,#1055,#1056,#1057,#1058,#1059,#1060),$);
#1062=IFCSHAPEREPRESENTATION(#11,'Body','Tessellation',(#1061));
#1063=IFCPRODUCTDEFINITIONSHAPE($,$,(#1062));
#1064=IFCCARTESIANPOINT((0.,0.,0.));
#1065=IFCAXIS2PLACEMENT3D(#1064,$,$);
#1066=IFCLOCALPLACEMENT(#69,#1065);
#1067=IFCCOVERING('2GSKH5ycjQLecqk11dbkl7',$,'L/-4/0#0',$,'gratschnitt',#1066,#1063,$,$);
#1068=IFCPROPERTYSINGLEVALUE('Stueckart',$,IFCLABEL('gratschnitt'),$);
#1069=IFCPROPERTYSINGLEVALUE('Motiv',$,IFCLABEL('L'),$);
#1070=IFCPROPERTYSINGLEVALUE('Rasterposition',$,IFCLABEL('L/-4/0'),$);
#1071=IFCPROPERTYSINGLEVALUE('Gefaelleflaeche',$,IFCLABEL('F0'),$);
#1072=IFCPROPERTYSINGLEVALUE('Rohling',$,IFCLABEL('S60x10#40'),$);
#1073=IFCPROPERTYSINGLEVALUE('Herkunft',$,IFCLABEL('neu'),$);
#1074=IFCPROPERTYSINGLEVALUE('Schnitte',$,IFCINTEGER(3),$);
#1075=IFCPROPERTYSINGLEVALUE('Schnittlaenge',$,IFCREAL(363.),$);
#1076=IFCPROPERTYSINGLEVALUE('Schnittarten',$,IFCLABEL('gehrung,gratschnitt'),$);
#1077=IFCPROPERTYSET('1pwyGrfXPGUxHT$RnlhRcC',$,'HP_Fliesenstueck',$,(#1068,#1069,#1070,#1071,#1072,#1073,#1074,#1075,#1076));
#1078=IFCRELDEFINESBYPROPERTIES('2557edGL9VsQnO3AtKWzMg',$,$,$,(#1067),#1077);
#1079=IFCQUANTITYLENGTH('Width',$,$,9.,$);
#1080=IFCQUANTITYAREA('NetArea',$,$,0.042365,$);
#1081=IFCELEMENTQUANTITY('1Rws8c$wvR8fMI2PfkgpXT',$,'Qto_CoveringBaseQuantities',$,$,(#1079,#1080));
#1082=IFCRELDEFINESBYPROPERTIES('13LhfpAKXTuvLaAJl7tivQ',$,$,$,(#1067),#1081);
#1083=IFCCARTESIANPOINTLIST3D(((947.80999999999995,-485.55000000000001,15.202999999999999),(791.89999999999998,-329.63999999999999,11.896000000000001),(947.80999999999995,-394.22000000000003,14.234),(947.80999999999995,-485.55000000000001,6.2029999999999994),(791.89999999999998,-329.63999999999999,2.8960000000000008),(947.80999999999995,-394.22000000000003,5.234)),$);
#1084=IFCINDEXEDPOLYGONALFACE((1,2,3));
#1085=IFCINDEXEDPOLYGONALFACE((6,5,4));
#1086=IFCINDEXEDPOLYGONALFACE((1,4,5,2));
#1087=IFCINDEXEDPOLYGONALFACE((2,5,6,3));
#1088=IFCINDEXEDPOLYGONALFACE((3,6,4,1));
#1089=IFCPOLYGONALFACESET(#1083,.T.,(#1084,#1085,#1086,#1087,#1088),$);
#1090=IFCSHAPEREPRESENTATION(#11,'Body','Tessellation',(#1089));
#1091=IFCPRODUCTDEFINITIONSHAPE($,$,(#1090));
#1092=IFCCARTESIANPOINT((0.,0.,0.));
#1093=IFCAXIS2PLACEMENT3D(#1092,$,$);
#1094=IFCLOCALPLACEMENT(#69,#1093);
#1095=IFCCOVERING('3ElHXUlP5Um8dQxosxPolC',$,'L/-4/0#7',$,'gratschnitt',#1094,#1091,$,$);
#1096=IFCPROPERTYSINGLEVALUE('Stueckart',$,IFCLABEL('gratschnitt'),$);
#1097=IFCPROPERTYSINGLEVALUE('Motiv',$,IFCLABEL('L'),$);
#1098=IFCPROPERTYSINGLEVALUE('Rasterposition',$,IFCLABEL('L/-4/0'),$);
#1099=IFCPROPERTYSINGLEVALUE('Gefaelleflaeche',$,IFCLABEL('F7'),$);
#1100=IFCPROPERTYSINGLEVALUE('Rohling',$,IFCLABEL('S60x10#40'),$);
#1101=IFCPROPERTYSINGLEVALUE('Herkunft',$,IFCLABEL('reststueck'),$);
#1102=IFCPROPERTYSINGLEVALUE('Schnitte',$,IFCINTEGER(2),$);
#1103=IFCPROPERTYSINGLEVALUE('Schnittlaenge',$,IFCREAL(260.10000000000002),$);
#1104=IFCPROPERTYSINGLEVALUE('Schnittarten',$,IFCLABEL('gehrung,gratschnitt'),$);
#1105=IFCPROPERTYSET('1Mp8hieB9NoBqC5lMVmMTW',$,'HP_Fliesenstueck',$,(#1096,#1097,#1098,#1099,#1100,#1101,#1102,#1103,#1104));
#1106=IFCRELDEFINESBYPROPERTIES('2vwesu0nTOKfzmBhfd1EUa',$,$,$,(#1095),#1105);
#1107=IFCQUANTITYLENGTH('Width',$,$,9.,$);
#1108=IFCQUANTITYAREA('NetArea',$,$,0.0071190000000000003,$);
#1109=IFCELEMENTQUANTITY('0sdF6xZ6jGJejBw8DV1Cxt',$,'Qto_CoveringBaseQuantities',$,$,(#1107,#1108));
#1110=IFCRELDEFINESBYPROPERTIES('1rfqwCWOrML8mPcKhokwdF',$,$,$,(#1095),#1109);
#1111=IFCCARTESIANPOINTLIST3D(((-75.859999999999999,-179.22999999999999,2.706),(-117.28,-279.23000000000002,4.2060000000000004),(-118.84999999999999,-277.66000000000003,4.2060000000000004),(-118.84999999999999,-136.24000000000001,2.706),(-75.859999999999999,-179.22999999999999,-6.2940000000000005),(-117.28,-279.23000000000002,-4.7939999999999996),(-118.84999999999999,-277.66000000000003,-4.7939999999999996),(-118.84999999999999,-136.24000000000001,-6.2940000000000005)),$);
#1112=IFCINDEXEDPOLYGONALFACE((1,2,3,4));
#1113=IFCINDEXEDPOLYGONALFACE((8,7,6,5));
#1114=IFCINDEXEDPOLYGONALFACE((1,5,6,2));
#1115=IFCINDEXEDPOLYGONALFACE((2,6,7,3));
#1116=IFCINDEXEDPOLYGONALFACE((3,7,8,4));
#1117=IFCINDEXEDPOLYGONALFACE((4,8,5,1));
#1118=IFCPOLYGONALFACESET(#1111,.T.,(#1112,#1113,#1114,#1115,#1116,#1117),$);
#1119=IFCSHAPEREPRESENTATION(#11,'Body','Tessellation',(#1118));
#1120=IFCPRODUCTDEFINITIONSHAPE($,$,(#1119));
#1121=IFCCARTESIANPOINT((0.,0.,0.));
#1122=IFCAXIS2PLACEMENT3D(#1121,$,$);
#1123=IFCLOCALPLACEMENT(#69,#1122);
#1124=IFCCOVERING('3t20FzGOvQag70luhp4ebs',$,'L/-5/-1#5',$,'gratschnitt',#1123,#1120,$,$);
#1125=IFCPROPERTYSINGLEVALUE('Stueckart',$,IFCLABEL('gratschnitt'),$);
#1126=IFCPROPERTYSINGLEVALUE('Motiv',$,IFCLABEL('L'),$);
#1127=IFCPROPERTYSINGLEVALUE('Rasterposition',$,IFCLABEL('L/-5/-1'),$);
#1128=IFCPROPERTYSINGLEVALUE('Gefaelleflaeche',$,IFCLABEL('F5'),$);
#1129=IFCPROPERTYSINGLEVALUE('Rohling',$,IFCLABEL('S60x10#73'),$);
#1130=IFCPROPERTYSINGLEVALUE('Herkunft',$,IFCLABEL('reststueck'),$);
#1131=IFCPROPERTYSINGLEVALUE('Schnitte',$,IFCINTEGER(2),$);
#1132=IFCPROPERTYSINGLEVALUE('Schnittlaenge',$,IFCREAL(249.69999999999999),$);
#1133=IFCPROPERTYSINGLEVALUE('Schnittarten',$,IFCLABEL('gehrung,gratschnitt'),$);
#1134=IFCPROPERTYSET('3HLN5kRHLNYQ_vlLmPdBcf',$,'HP_Fliesenstueck',$,(#1125,#1126,#1127,#1128,#1129,#1130,#1131,#1132,#1133));
#1135=IFCRELDEFINESBYPROPERTIES('0o80F0fFjIMRMiUdYvmq2c',$,$,$,(#1124),#1134);
#1136=IFCQUANTITYLENGTH('Width',$,$,9.,$);
#1137=IFCQUANTITYAREA('NetArea',$,$,0.0031510000000000002,$);
#1138=IFCELEMENTQUANTITY('1H_sf66ILUBPRlQhyBbAeH',$,'Qto_CoveringBaseQuantities',$,$,(#1136,#1137));
#1139=IFCRELDEFINESBYPROPERTIES('3$_abCR5rKsQihvGcKlzPM',$,$,$,(#1124),#1138);
#1140=IFCCARTESIANPOINTLIST3D(((177.59999999999999,-432.69,6.4900000000000002),(234.69999999999999,-570.53999999999996,8.5579999999999998),(234.69999999999999,-631.21000000000004,9.468),(-114.98999999999999,-281.51999999999998,4.2229999999999999),(-73.569999999999993,-181.52000000000001,2.7229999999999999),(177.59999999999999,-432.69,-2.5099999999999998),(234.69999999999999,-570.53999999999996,-0.44200000000000017),(234.69999999999999,-631.21000000000004,0.46799999999999997),(-114.98999999999999,-281.51999999999998,-4.7770000000000001),(-73.569999999999993,-181.52000000000001,-6.2770000000000001)),$);
#1141=IFCINDEXEDPOLYGONALFACE((1,2,3,4,5));
#1142=IFCINDEXEDPOLYGONALFACE((10,9,8,7,6));
#1143=IFCINDEXEDPOLYGONALFACE((1,6,7,2));
#1144=IFCINDEXEDPOLYGONALFACE((2,7,8,3));
#1145=IFCINDEXEDPOLYGONALFACE((3,8,9,4));
#1146=IFCINDEXEDPOLYGONALFACE((4,9,10,5));
#1147=IFCINDEXEDPOLYGONALFACE((5,10,6,1));
#1148=IFCPOLYGONALFACESET(#1140,.T.,(#1141,#1142,#1143,#1144,#1145,#1146,#1147),$);
#1149=IFCSHAPEREPRESENTATION(#11,'Body','Tessellation',(#1148));
#1150=IFCPRODUCTDEFINITIONSHAPE($,$,(#1149));
#1151=IFCCARTESIANPOINT((0.,0.,0.));
#1152=IFCAXIS2PLACEMENT3D(#1151,$,$);
#1153=IFCLOCALPLACEMENT(#69,#1152);
#1154=IFCCOVERING('3i5ybEP9vNOO9F5r17NUBr',$,'L/-5/-1#6',$,'gratschnitt',#1153,#1150,$,$);
#1155=IFCPROPERTYSINGLEVALUE('Stueckart',$,IFCLABEL('gratschnitt'),$);
#1156=IFCPROPERTYSINGLEVALUE('Motiv',$,IFCLABEL('L'),$);
#1157=IFCPROPERTYSINGLEVALUE('Rasterposition',$,IFCLABEL('L/-5/-1'),$);
#1158=IFCPROPERTYSINGLEVALUE('Gefaelleflaeche',$,IFCLABEL('F6'),$);
#1159=IFCPROPERTYSINGLEVALUE('Rohling',$,IFCLABEL('S60x10#33'),$);
#1160=IFCPROPERTYSINGLEVALUE('Herkunft',$,IFCLABEL('neu'),$);
#1161=IFCPROPERTYSINGLEVALUE('Schnitte',$,IFCINTEGER(3),$);
#1162=IFCPROPERTYSINGLEVALUE('Schnittlaenge',$,IFCREAL(318.10000000000002),$);
#1163=IFCPROPERTYSINGLEVALUE('Schnittarten',$,IFCLABEL('gehrung,gratschnitt'),$);
#1164=IFCPROPERTYSET('2U6LkMynPMfOtM6O2eqqEd',$,'HP_Fliesenstueck',$,(#1155,#1156,#1157,#1158,#1159,#1160,#1161,#1162,#1163));
#1165=IFCRELDEFINESBYPROPERTIES('3548IRFevUVgaccNm_sJrZ',$,$,$,(#1154),#1164);
#1166=IFCQUANTITYLENGTH('Width',$,$,9.,$);
#1167=IFCQUANTITYAREA('NetArea',$,$,0.044219000000000001,$);
#1168=IFCELEMENTQUANTITY('1XhfnZNpPVUfCV87RujEzi',$,'Qto_CoveringBaseQuantities',$,$,(#1166,#1167));
#1169=IFCRELDEFINESBYPROPERTIES('1yFQ7OekvHpuzvCl_R4f_E',$,$,$,(#1154),#1168);
#1170=IFCCARTESIANPOINTLIST3D(((234.69999999999999,-489.79000000000002,7.6840000000000002),(234.69999999999999,-562.70000000000005,8.4580000000000002),(183.15000000000001,-438.23000000000002,6.5910000000000002),(234.69999999999999,-489.79000000000002,-1.3159999999999998),(234.69999999999999,-562.70000000000005,-0.54199999999999982),(183.15000000000001,-438.23000000000002,-2.4089999999999998)),$);
#1171=IFCINDEXEDPOLYGONALFACE((1,2,3));
#1172=IFCINDEXEDPOLYGONALFACE((6,5,4));
#1173=IFCINDEXEDPOLYGONALFACE((1,4,5,2));
#1174=IFCINDEXEDPOLYGONALFACE((2,5,6,3));
#1175=IFCINDEXEDPOLYGONALFACE((3,6,4,1));
#1176=IFCPOLYGONALFACESET(#1170,.T.,(#1171,#1172,#1173,#1174,#1175),$);
#1177=IFCSHAPEREPRESENTATION(#11,'Body','Tessellation',(#1176));
#1178=IFCPRODUCTDEFINITIONSHAPE($,$,(#1177));
#1179=IFCCARTESIANPOINT((0.,0.,0.));
#1180=IFCAXIS2PLACEMENT3D(#1179,$,$);
#1181=IFCLOCALPLACEMENT(#69,#1180);
#1182=IFCCOVERING('22ZBJS7R1IYufDGUq_BCJi',$,'L/-5/-1#7',$,'gratschnitt',#1181,#1178,$,$);
#1183=IFCPROPERTYSINGLEVALUE('Stueckart',$,IFCLABEL('gratschnitt'),$);
#1184=IFCPROPERTYSINGLEVALUE('Motiv',$,IFCLABEL('L'),$);
#1185=IFCPROPERTYSINGLEVALUE('Rasterposition',$,IFCLABEL('L/-5/-1'),$);
#1186=IFCPROPERTYSINGLEVALUE('Gefaelleflaeche',$,IFCLABEL('F7'),$);
#1187=IFCPROPERTYSINGLEVALUE('Rohling',$,IFCLABEL('S60x10#95'),$);
#1188=IFCPROPERTYSINGLEVALUE('Herkunft',$,IFCLABEL('reststueck'),$);
#1189=IFCPROPERTYSINGLEVALUE('Schnitte',$,IFCINTEGER(2),$);
#1190=IFCPROPERTYSINGLEVALUE('Schnittlaenge',$,IFCREAL(207.59999999999999),$);
#1191=IFCPROPERTYSINGLEVALUE('Schnittarten',$,IFCLABEL('gehrung,gratschnitt'),$);
#1192=IFCPROPERTYSET('1s_o25ZXjN_vDKup$PZ40R',$,'HP_Fliesenstueck',$,(#1183,#1184,#1185,#1186,#1187,#1188,#1189,#1190,#1191));
#1193=IFCRELDEFINESBYPROPERTIES('1KvsZ80N5OJBfNmul0$7dg',$,$,$,(#1182),#1192);
#1194=IFCQUANTITYLENGTH('Width',$,$,9.,$);
#1195=IFCQUANTITYAREA('NetArea',$,$,0.0018799999999999999,$);
#1196=IFCELEMENTQUANTITY('3Ert0dO0DLQRmyVsRTRZhZ',$,'Qto_CoveringBaseQuantities',$,$,(#1194,#1195));
#1197=IFCRELDEFINESBYPROPERTIES('2eFufMKcbRZu24WltilJgt',$,$,$,(#1182),#1196);
#1198=IFCCARTESIANPOINTLIST3D(((-685.75999999999999,-282.43000000000001,10.286),(-785.75999999999999,-323.85000000000002,11.786),(-831.96000000000004,-277.66000000000003,12.478999999999999),(-831.96000000000004,-136.24000000000001,12.478999999999999),(-685.75999999999999,-282.43000000000001,1.2859999999999996),(-785.75999999999999,-323.85000000000002,2.7859999999999996),(-831.96000000000004,-277.66000000000003,3.4789999999999992),(-831.96000000000004,-136.24000000000001,3.4789999999999992)),$);
#1199=IFCINDEXEDPOLYGONALFACE((1,2,3,4));
#1200=IFCINDEXEDPOLYGONALFACE((8,7,6,5));
#1201=IFCINDEXEDPOLYGONALFACE((1,5,6,2));
#1202=IFCINDEXEDPOLYGONALFACE((2,6,7,3));
#1203=IFCINDEXEDPOLYGONALFACE((3,7,8,4));
#1204=IFCINDEXEDPOLYGONALFACE((4,8,5,1));
#1205=IFCPOLYGONALFACESET(#1198,.T.,(#1199,#1200,#1201,#1202,#1203,#1204),$);
#1206=IFCSHAPEREPRESENTATION(#11,'Body','Tessellation',(#1205));
#1207=IFCPRODUCTDEFINITIONSHAPE($,$,(#1206));
#1208=IFCCARTESIANPOINT((0.,0.,0.));
#1209=IFCAXIS2PLACEMENT3D(#1208,$,$);
#1210=IFCLOCALPLACEMENT(#69,#1209);
#1211=IFCCOVERING('0GhLQecDTOIhzuozsXST8N',$,'L/-5/-2#4',$,'gratschnitt',#1210,#1207,$,$);
#1212=IFCPROPERTYSINGLEVALUE('Stueckart',$,IFCLABEL('gratschnitt'),$);
#1213=IFCPROPERTYSINGLEVALUE('Motiv',$,IFCLABEL('L'),$);
#1214=IFCPROPERTYSINGLEVALUE('Rasterposition',$,IFCLABEL('L/-5/-2'),$);
#1215=IFCPROPERTYSINGLEVALUE('Gefaelleflaeche',$,IFCLABEL('F4'),$);
#1216=IFCPROPERTYSINGLEVALUE('Rohling',$,IFCLABEL('S60x10#52'),$);
#1217=IFCPROPERTYSINGLEVALUE('Herkunft',$,IFCLABEL('reststueck'),$);
#1218=IFCPROPERTYSINGLEVALUE('Schnitte',$,IFCINTEGER(2),$);
#1219=IFCPROPERTYSINGLEVALUE('Schnittlaenge',$,IFCREAL(249.69999999999999),$);
#1220=IFCPROPERTYSINGLEVALUE('Schnittarten',$,IFCLABEL('gehrung,gratschnitt'),$);
#1221=IFCPROPERTYSET('1uF7J0Am5J9uFpK1glRR_i',$,'HP_Fliesenstueck',$,(#1212,#1213,#1214,#1215,#1216,#1217,#1218,#1219,#1220));
#1222=IFCRELDEFINESBYPROPERTIES('1u8pTaYPXPROnRCondKIfv',$,$,$,(#1211),#1221);
#1223=IFCQUANTITYLENGTH('Width',$,$,9.,$);
#1224=IFCQUANTITYAREA('NetArea',$,$,0.013604,$);
#1225=IFCELEMENTQUANTITY('2txOFBq1rNKOgGl1TcCmH0',$,'Qto_CoveringBaseQuantities',$,$,(#1223,#1224));
#1226=IFCRELDEFINESBYPROPERTIES('2lJFG52XLTSRSfXV5sP76j',$,$,$,(#1211),#1225);
#1227=IFCCARTESIANPOINTLIST3D(((-478.39999999999998,-489.79000000000002,10.269),(-478.39999999999998,-631.21000000000004,11.769),(-783.47000000000003,-326.14999999999998,11.769),(-683.47000000000003,-284.73000000000002,10.269),(-478.39999999999998,-489.79000000000002,1.2690000000000001),(-478.39999999999998,-631.21000000000004,2.7690000000000001),(-783.47000000000003,-326.14999999999998,2.7690000000000001),(-683.47000000000003,-284.73000000000002,1.2690000000000001)),$);
#1228=IFCINDEXEDPOLYGONALFACE((1,2,3,4));
#1229=IFCINDEXEDPOLYGONALFACE((8,7,6,5));
#1230=IFCINDEXEDPOLYGONALFACE((1,5,6,2));
#1231=IFCINDEXEDPOLYGONALFACE((2,6,7,3));
#1232=IFCINDEXEDPOLYGONALFACE((3,7,8,4));
#1233=IFCINDEXEDPOLYGONALFACE((4,8,5,1));
#1234=IFCPOLYGONALFACESET(#1227,.T.,(#1228,#1229,#1230,#1231,#1232,#1233),$);
#1235=IFCSHAPEREPRESENTATION(#11,'Body','Tessellation',(#1234));
#1236=IFCPRODUCTDEFINITIONSHAPE($,$,(#1235));
#1237=IFCCARTESIANPOINT((0.,0.,0.));
#1238=IFCAXIS2PLACEMENT3D(#1237,$,$);
#1239=IFCLOCALPLACEMENT(#69,#1238);
#1240=IFCCOVERING('2Iv7JP2y9JFfbveW0WYTJW',$,'L/-5/-2#5',$,'gratschnitt',#1239,#1236,$,$);
#1241=IFCPROPERTYSINGLEVALUE('Stueckart',$,IFCLABEL('gratschnitt'),$);
#1242=IFCPROPERTYSINGLEVALUE('Motiv',$,IFCLABEL('L'),$);
#1243=IFCPROPERTYSINGLEVALUE('Rasterposition',$,IFCLABEL('L/-5/-2'),$);
#1244=IFCPROPERTYSINGLEVALUE('Gefaelleflaeche',$,IFCLABEL('F5'),$);
#1245=IFCPROPERTYSINGLEVALUE('Rohling',$,IFCLABEL('S60x10#52'),$);
#1246=IFCPROPERTYSINGLEVALUE('Herkunft',$,IFCLABEL('neu'),$);
#1247=IFCPROPERTYSINGLEVALUE('Schnitte',$,IFCINTEGER(2),$);
#1248=IFCPROPERTYSINGLEVALUE('Schnittlaenge',$,IFCREAL(249.69999999999999),$);
#1249=IFCPROPERTYSINGLEVALUE('Schnittarten',$,IFCLABEL('gehrung,gratschnitt'),$);
#1250=IFCPROPERTYSET('2WcPskdj5KPOUZWHv02Ozf',$,'HP_Fliesenstueck',$,(#1241,#1242,#1243,#1244,#1245,#1246,#1247,#1248,#1249));
#1251=IFCRELDEFINESBYPROPERTIES('0wJ$x3$mXSMftrLc60JVxF',$,$,$,(#1240),#1250);
#1252=IFCQUANTITYLENGTH('Width',$,$,9.,$);
#1253=IFCQUANTITYAREA('NetArea',$,$,0.036070999999999999,$);
#1254=IFCELEMENTQUANTITY('0rOvXUnDLMuO35KAkUagB6',$,'Qto_CoveringBaseQuantities',$,$,(#1252,#1253));
#1255=IFCRELDEFINESBYPROPERTIES('1z_3jNWavR8xlbfWnxs2E7',$,$,$,(#1240),#1254);
#1256=IFCCARTESIANPOINTLIST3D(((779.12,-321.10000000000002,11.686999999999999),(594.25999999999999,-244.53,8.9139999999999997),(594.25999999999999,-136.24000000000001,8.9139999999999997),(779.12,-321.10000000000002,2.6869999999999994),(594.25999999999999,-244.53,-0.086000000000000298),(594.25999999999999,-136.24000000000001,-0.086000000000000298)),$);
#1257=IFCINDEXEDPOLYGONALFACE((1,2,3));
#1258=IFCINDEXEDPOLYGONALFACE((6,5,4));
#1259=IFCINDEXEDPOLYGONALFACE((1,4,5,2));
#1260=IFCINDEXEDPOLYGONALFACE((2,5,6,3));
#1261=IFCINDEXEDPOLYGONALFACE((3,6,4,1));
#1262=IFCPOLYGONALFACESET(#1256,.T.,(#1257,#1258,#1259,#1260,#1261),$);
#1263=IFCSHAPEREPRESENTATION(#11,'Body','Tessellation',(#1262));
#1264=IFCPRODUCTDEFINITIONSHAPE($,$,(#1263));
#1265=IFCCARTESIANPOINT((0.,0.,0.));
#1266=IFCAXIS2PLACEMENT3D(#1265,$,$);
#1267=IFCLOCALPLACEMENT(#69,#1266);
#1268=IFCCOVERING('2CDdXCDQLOlhFdPb7pWUMs',$,'L/-5/0#0',$,'gratschnitt',#1267,#1264,$,$);
#1269=IFCPROPERTYSINGLEVALUE('Stueckart',$,IFCLABEL('gratschnitt'),$);
#1270=IFCPROPERTYSINGLEVALUE('Motiv',$,IFCLABEL('L'),$);
#1271=IFCPROPERTYSINGLEVALUE('Rasterposition',$,IFCLABEL('L/-5/0'),$);
#1272=IFCPROPERTYSINGLEVALUE('Gefaelleflaeche',$,IFCLABEL('F0'),$);
#1273=IFCPROPERTYSINGLEVALUE('Rohling',$,IFCLABEL('S60x10#44'),$);
#1274=IFCPROPERTYSINGLEVALUE('Herkunft',$,IFCLABEL('reststueck'),$);
#1275=IFCPROPERTYSINGLEVALUE('Schnitte',$,IFCINTEGER(2),$);
#1276=IFCPROPERTYSINGLEVALUE('Schnittlaenge',$,IFCREAL(308.39999999999998),$);
#1277=IFCPROPERTYSINGLEVALUE('Schnittarten',$,IFCLABEL('gehrung,gratschnitt'),$);
#1278=IFCPROPERTYSET('3K0iRT_XHH09ktGtZnMyW4',$,'HP_Fliesenstueck',$,(#1269,#1270,#1271,#1272,#1273,#1274,#1275,#1276,#1277));
#1279=IFCRELDEFINESBYPROPERTIES('1wdXsXFZTG8fppJgoJTLXg',$,$,$,(#1268),#1278);
#1280=IFCQUANTITYLENGTH('Width',$,$,9.,$);
#1281=IFCQUANTITYAREA('NetArea',$,$,0.010009000000000001,$);
#1282=IFCELEMENTQUANTITY('2H0Bl9m19G2P0wLKpXswLj',$,'Qto_CoveringBaseQuantities',$,$,(#1280,#1281));
#1283=IFCRELDEFINESBYPROPERTIES('3Mt$f9ja1QI9yeRqseGyXg',$,$,$,(#1268),#1282);
#1284=IFCCARTESIANPOINTLIST3D(((947.80999999999995,-489.79000000000002,15.247999999999999),(947.80999999999995,-631.21000000000004,16.748000000000001),(594.25999999999999,-277.66000000000003,9.2479999999999993),(594.25999999999999,-247.77000000000001,8.9309999999999992),(784.65999999999997,-326.63999999999999,11.787000000000001),(947.80999999999995,-489.79000000000002,6.2479999999999993),(947.80999999999995,-631.21000000000004,7.7480000000000011),(594.25999999999999,-277.66000000000003,0.24799999999999933),(594.25999999999999,-247.77000000000001,-0.069000000000000838),(784.65999999999997,-326.63999999999999,2.7870000000000008)),$);
#1285=IFCINDEXEDPOLYGONALFACE((1,2,3,4,5));
#1286=IFCINDEXEDPOLYGONALFACE((10,9,8,7,6));
#1287=IFCINDEXEDPOLYGONALFACE((1,6,7,2));
#1288=IFCINDEXEDPOLYGONALFACE((2,7,8,3));
#1289=IFCINDEXEDPOLYGONALFACE((3,8,9,4));
#1290=IFCINDEXEDPOLYGONALFACE((4,9,10,5));
#1291=IFCINDEXEDPOLYGONALFACE((5,10,6,1));
#1292=IFCPOLYGONALFACESET(#1284,.T.,(#1285,#1286,#1287,#1288,#1289,#1290,#1291),$);
#1293=IFCSHAPEREPRESENTATION(#11,'Body','Tessellation',(#1292));
#1294=IFCPRODUCTDEFINITIONSHAPE($,$,(#1293));
#1295=IFCCARTESIANPOINT((0.,0.,0.));
#1296=IFCAXIS2PLACEMENT3D(#1295,$,$);
#1297=IFCLOCALPLACEMENT(#69,#1296);
#1298=IFCCOVERING('0iJ8Dz47XIaurkOnnOsr43',$,'L/-5/0#7',$,'gratschnitt',#1297,#1294,$,$);
#1299=IFCPROPERTYSINGLEVALUE('Stueckart',$,IFCLABEL('gratschnitt'),$);
#1300=IFCPROPERTYSINGLEVALUE('Motiv',$,IFCLABEL('L'),$);
#1301=IFCPROPERTYSINGLEVALUE('Rasterposition',$,IFCLABEL('L/-5/0'),$);
#1302=IFCPROPERTYSINGLEVALUE('Gefaelleflaeche',$,IFCLABEL('F7'),$);
#1303=IFCPROPERTYSINGLEVALUE('Rohling',$,IFCLABEL('S60x10#44'),$);
#1304=IFCPROPERTYSINGLEVALUE('Herkunft',$,IFCLABEL('neu'),$);
#1305=IFCPROPERTYSINGLEVALUE('Schnitte',$,IFCINTEGER(3),$);
#1306=IFCPROPERTYSINGLEVALUE('Schnittlaenge',$,IFCREAL(377.39999999999998),$);
#1307=IFCPROPERTYSINGLEVALUE('Schnittarten',$,IFCLABEL('gehrung,gratschnitt'),$);
#1308=IFCPROPERTYSET('27$$9gE89Suv6jJKHosE30',$,'HP_Fliesenstueck',$,(#1299,#1300,#1301,#1302,#1303,#1304,#1305,#1306,#1307));
#1309=IFCRELDEFINESBYPROPERTIES('3zT9VD$J9MQAyYw6tphD99',$,$,$,(#1298),#1308);
#1310=IFCQUANTITYLENGTH('Width',$,$,9.,$);
#1311=IFCQUANTITYAREA('NetArea',$,$,0.039380999999999999,$);
#1312=IFCELEMENTQUANTITY('1PWn1$YT1IR8YDeFmf1DIS',$,'Qto_CoveringBaseQuantities',$,$,(#1310,#1311));
#1313=IFCRELDEFINESBYPROPERTIES('2zT5dNyYPV5fQcQwcY$hxA',$,$,$,(#1298),#1312);
#1314=IFCCARTESIANPOINTLIST3D(((234.69999999999999,-635.45000000000005,9.532),(234.69999999999999,-776.87,11.653),(-118.84999999999999,-423.31999999999999,6.3499999999999996),(-118.84999999999999,-290.85000000000002,4.3630000000000004),(-116.23,-284.51999999999998,4.2679999999999998),(234.69999999999999,-635.45000000000005,0.53200000000000003),(234.69999999999999,-776.87,2.6530000000000005),(-118.84999999999999,-423.31999999999999,-2.6500000000000004),(-118.84999999999999,-290.85000000000002,-4.6369999999999996),(-116.23,-284.51999999999998,-4.7320000000000002)),$);
#1315=IFCINDEXEDPOLYGONALFACE((1,2,3,4,5));
#1316=IFCINDEXEDPOLYGONALFACE((10,9,8,7,6));
#1317=IFCINDEXEDPOLYGONALFACE((1,6,7,2));
#1318=IFCINDEXEDPOLYGONALFACE((2,7,8,3));
#1319=IFCINDEXEDPOLYGONALFACE((3,8,9,4));
#1320=IFCINDEXEDPOLYGONALFACE((4,9,10,5));
#1321=IFCINDEXEDPOLYGONALFACE((5,10,6,1));
#1322=IFCPOLYGONALFACESET(#1314,.T.,(#1315,#1316,#1317,#1318,#1319,#1320,#1321),$);
#1323=IFCSHAPEREPRESENTATION(#11,'Body','Tessellation',(#1322));
#1324=IFCPRODUCTDEFINITIONSHAPE($,$,(#1323));
#1325=IFCCARTESIANPOINT((0.,0.,0.));
#1326=IFCAXIS2PLACEMENT3D(#1325,$,$);
#1327=IFCLOCALPLACEMENT(#69,#1326);
#1328=IFCCOVERING('2aWcljjbXVcxtrji_USv9z',$,'L/-6/-1#6',$,'gratschnitt',#1327,#1324,$,$);
#1329=IFCPROPERTYSINGLEVALUE('Stueckart',$,IFCLABEL('gratschnitt'),$);
#1330=IFCPROPERTYSINGLEVALUE('Motiv',$,IFCLABEL('L'),$);
#1331=IFCPROPERTYSINGLEVALUE('Rasterposition',$,IFCLABEL('L/-6/-1'),$);
#1332=IFCPROPERTYSINGLEVALUE('Gefaelleflaeche',$,IFCLABEL('F6'),$);
#1333=IFCPROPERTYSINGLEVALUE('Rohling',$,IFCLABEL('S60x10#17'),$);
#1334=IFCPROPERTYSINGLEVALUE('Herkunft',$,IFCLABEL('neu'),$);
#1335=IFCPROPERTYSINGLEVALUE('Schnitte',$,IFCINTEGER(3),$);
#1336=IFCPROPERTYSINGLEVALUE('Schnittlaenge',$,IFCREAL(280.69999999999999),$);
#1337=IFCPROPERTYSINGLEVALUE('Schnittarten',$,IFCLABEL('gehrung,gratschnitt'),$);
#1338=IFCPROPERTYSET('1VNuKGiwnV29zzbjXDfJBV',$,'HP_Fliesenstueck',$,(#1329,#1330,#1331,#1332,#1333,#1334,#1335,#1336,#1337));
#1339=IFCRELDEFINESBYPROPERTIES('2hgA8gxvHHOualvhyvMJ54',$,$,$,(#1328),#1338);
#1340=IFCQUANTITYLENGTH('Width',$,$,9.,$);
#1341=IFCQUANTITYAREA('NetArea',$,$,0.049987999999999998,$);
#1342=IFCELEMENTQUANTITY('14NtDXTZ9SHRwSFrVzurji',$,'Qto_CoveringBaseQuantities',$,$,(#1340,#1341));
#1343=IFCRELDEFINESBYPROPERTIES('2uyqj3jc1RX9Sqr5b9vJKK',$,$,$,(#1328),#1342);
#1344=IFCCARTESIANPOINTLIST3D(((-788.75999999999999,-325.08999999999997,11.831),(-831.96000000000004,-342.98000000000002,12.478999999999999),(-831.96000000000004,-281.89999999999998,12.478999999999999),(-788.75999999999999,-325.08999999999997,2.8309999999999995),(-831.96000000000004,-342.98000000000002,3.4789999999999992),(-831.96000000000004,-281.89999999999998,3.4789999999999992)),$);
#1345=IFCINDEXEDPOLYGONALFACE((1,2,3));
#1346=IFCINDEXEDPOLYGONALFACE((6,5,4));
#1347=IFCINDEXEDPOLYGONALFACE((1,4,5,2));
#1348=IFCINDEXEDPOLYGONALFACE((2,5,6,3));
#1349=IFCINDEXEDPOLYGONALFACE((3,6,4,1));
#1350=IFCPOLYGONALFACESET(#1344,.T.,(#1345,#1346,#1347,#1348,#1349),$);
#1351=IFCSHAPEREPRESENTATION(#11,'Body','Tessellation',(#1350));
#1352=IFCPRODUCTDEFINITIONSHAPE($,$,(#1351));
#1353=IFCCARTESIANPOINT((0.,0.,0.));
#1354=IFCAXIS2PLACEMENT3D(#1353,$,$);
#1355=IFCLOCALPLACEMENT(#69,#1354);
#1356=IFCCOVERING('0aNJNIaMvOaP6ut_0lLU2m',$,'L/-6/-2#4',$,'gratschnitt',#1355,#1352,$,$);
#1357=IFCPROPERTYSINGLEVALUE('Stueckart',$,IFCLABEL('gratschnitt'),$);
#1358=IFCPROPERTYSINGLEVALUE('Motiv',$,IFCLABEL('L'),$);
#1359=IFCPROPERTYSINGLEVALUE('Rasterposition',$,IFCLABEL('L/-6/-2'),$);
#1360=IFCPROPERTYSINGLEVALUE('Gefaelleflaeche',$,IFCLABEL('F4'),$);
#1361=IFCPROPERTYSINGLEVALUE('Rohling',$,IFCLABEL('S60x10#33'),$);
#1362=IFCPROPERTYSINGLEVALUE('Herkunft',$,IFCLABEL('reststueck'),$);
#1363=IFCPROPERTYSINGLEVALUE('Schnitte',$,IFCINTEGER(2),$);
#1364=IFCPROPERTYSINGLEVALUE('Schnittlaenge',$,IFCREAL(107.8),$);
#1365=IFCPROPERTYSINGLEVALUE('Schnittarten',$,IFCLABEL('gehrung,gratschnitt'),$);
#1366=IFCPROPERTYSET('1P8sFUnwTOBeWyWBkqnGw2',$,'HP_Fliesenstueck',$,(#1357,#1358,#1359,#1360,#1361,#1362,#1363,#1364,#1365));
#1367=IFCRELDEFINESBYPROPERTIES('3QqhSTGfrNgAqzjTRjt0o4',$,$,$,(#1356),#1366);
#1368=IFCQUANTITYLENGTH('Width',$,$,9.,$);
#1369=IFCQUANTITYAREA('NetArea',$,$,0.0013190000000000001,$);
#1370=IFCELEMENTQUANTITY('3THNKDc9PRBwbrHC5UcK2L',$,'Qto_CoveringBaseQuantities',$,$,(#1368,#1369));
#1371=IFCRELDEFINESBYPROPERTIES('3nRcIxuczMAB4fUwsSKCmF',$,$,$,(#1356),#1370);
#1372=IFCCARTESIANPOINTLIST3D(((-478.39999999999998,-635.45000000000005,11.814),(-478.39999999999998,-776.87,13.314),(-831.96000000000004,-423.31999999999999,13.314),(-831.96000000000004,-346.23000000000002,12.497),(-786.47000000000003,-327.38999999999999,11.814),(-478.39999999999998,-635.45000000000005,2.8140000000000001),(-478.39999999999998,-776.87,4.3140000000000001),(-831.96000000000004,-423.31999999999999,4.3140000000000001),(-831.96000000000004,-346.23000000000002,3.4969999999999999),(-786.47000000000003,-327.38999999999999,2.8140000000000001)),$);
#1373=IFCINDEXEDPOLYGONALFACE((1,2,3,4,5));
#1374=IFCINDEXEDPOLYGONALFACE((10,9,8,7,6));
#1375=IFCINDEXEDPOLYGONALFACE((1,6,7,2));
#1376=IFCINDEXEDPOLYGONALFACE((2,7,8,3));
#1377=IFCINDEXEDPOLYGONALFACE((3,8,9,4));
#1378=IFCINDEXEDPOLYGONALFACE((4,9,10,5));
#1379=IFCINDEXEDPOLYGONALFACE((5,10,6,1));
#1380=IFCPOLYGONALFACESET(#1372,.T.,(#1373,#1374,#1375,#1376,#1377,#1378,#1379),$);
#1381=IFCSHAPEREPRESENTATION(#11,'Body','Tessellation',(#1380));
#1382=IFCPRODUCTDEFINITIONSHAPE($,$,(#1381));
#1383=IFCCARTESIANPOINT((0.,0.,0.));
#1384=IFCAXIS2PLACEMENT3D(#1383,$,$);
#1385=IFCLOCALPLACEMENT(#69,#1384);
#1386=IFCCOVERING('2DFjucCz5MHfsMMTNBD$$2',$,'L/-6/-2#5',$,'gratschnitt',#1385,#1382,$,$);
#1387=IFCPROPERTYSINGLEVALUE('Stueckart',$,IFCLABEL('gratschnitt'),$);
#1388=IFCPROPERTYSINGLEVALUE('Motiv',$,IFCLABEL('L'),$);
#1389=IFCPROPERTYSINGLEVALUE('Rasterposition',$,IFCLABEL('L/-6/-2'),$);
#1390=IFCPROPERTYSINGLEVALUE('Gefaelleflaeche',$,IFCLABEL('F5'),$);
#1391=IFCPROPERTYSINGLEVALUE('Rohling',$,IFCLABEL('S60x10#25'),$);
#1392=IFCPROPERTYSINGLEVALUE('Herkunft',$,IFCLABEL('neu'),$);
#1393=IFCPROPERTYSINGLEVALUE('Schnitte',$,IFCINTEGER(3),$);
#1394=IFCPROPERTYSINGLEVALUE('Schnittlaenge',$,IFCREAL(267.69999999999999),$);
#1395=IFCPROPERTYSINGLEVALUE('Schnittarten',$,IFCLABEL('gehrung,gratschnitt'),$);
#1396=IFCPROPERTYSET('3G1RC2ZuHQWQb0MmPk1Zku',$,'HP_Fliesenstueck',$,(#1387,#1388,#1389,#1390,#1391,#1392,#1393,#1394,#1395));
#1397=IFCRELDEFINESBYPROPERTIES('2BMG8nx9zJOv5RtLC4cTKP',$,$,$,(#1386),#1396);
#1398=IFCQUANTITYLENGTH('Width',$,$,9.,$);
#1399=IFCQUANTITYAREA('NetArea',$,$,0.048536999999999997,$);
#1400=IFCELEMENTQUANTITY('26V76jtnTUrRyWkjFvzp4a',$,'Qto_CoveringBaseQuantities',$,$,(#1398,#1399));
#1401=IFCRELDEFINESBYPROPERTIES('1YLl7rBn1PjhCuXSuh_2Jo',$,$,$,(#1386),#1400);
#1402=IFCCARTESIANPOINTLIST3D(((947.80999999999995,-635.45000000000005,16.792999999999999),(947.80999999999995,-745.,17.954999999999998),(931.87,-760.94000000000005,17.954999999999998),(594.25999999999999,-423.31999999999999,10.792999999999999),(594.25999999999999,-281.89999999999998,9.2929999999999993),(947.80999999999995,-635.45000000000005,7.7929999999999993),(947.80999999999995,-745.,8.9549999999999983),(931.87,-760.94000000000005,8.9549999999999983),(594.25999999999999,-423.31999999999999,1.7929999999999993),(594.25999999999999,-281.89999999999998,0.29299999999999926)),$);
#1403=IFCINDEXEDPOLYGONALFACE((1,2,3,4,5));
#1404=IFCINDEXEDPOLYGONALFACE((10,9,8,7,6));
#1405=IFCINDEXEDPOLYGONALFACE((1,6,7,2));
#1406=IFCINDEXEDPOLYGONALFACE((2,7,8,3));
#1407=IFCINDEXEDPOLYGONALFACE((3,8,9,4));
#1408=IFCINDEXEDPOLYGONALFACE((4,9,10,5));
#1409=IFCINDEXEDPOLYGONALFACE((5,10,6,1));
#1410=IFCPOLYGONALFACESET(#1402,.T.,(#1403,#1404,#1405,#1406,#1407,#1408,#1409),$);
#1411=IFCSHAPEREPRESENTATION(#11,'Body','Tessellation',(#1410));
#1412=IFCPRODUCTDEFINITIONSHAPE($,$,(#1411));
#1413=IFCCARTESIANPOINT((0.,0.,0.));
#1414=IFCAXIS2PLACEMENT3D(#1413,$,$);
#1415=IFCLOCALPLACEMENT(#69,#1414);
#1416=IFCCOVERING('3XoPw5N8jMIAD3SGBl4hNi',$,'L/-6/0#7',$,'gehrung',#1415,#1412,$,$);
#1417=IFCPROPERTYSINGLEVALUE('Stueckart',$,IFCLABEL('gehrung'),$);
#1418=IFCPROPERTYSINGLEVALUE('Motiv',$,IFCLABEL('L'),$);
#1419=IFCPROPERTYSINGLEVALUE('Rasterposition',$,IFCLABEL('L/-6/0'),$);
#1420=IFCPROPERTYSINGLEVALUE('Gefaelleflaeche',$,IFCLABEL('F7'),$);
#1421=IFCPROPERTYSINGLEVALUE('Rohling',$,IFCLABEL('S60x10#22'),$);
#1422=IFCPROPERTYSINGLEVALUE('Herkunft',$,IFCLABEL('neu'),$);
#1423=IFCPROPERTYSINGLEVALUE('Schnitte',$,IFCINTEGER(3),$);
#1424=IFCPROPERTYSINGLEVALUE('Schnittlaenge',$,IFCREAL(273.5),$);
#1425=IFCPROPERTYSINGLEVALUE('Schnittarten',$,IFCLABEL('gerade,gehrung'),$);
#1426=IFCPROPERTYSET('11Ixhf7xDLC8hQpkrBG8mg',$,'HP_Fliesenstueck',$,(#1417,#1418,#1419,#1420,#1421,#1422,#1423,#1424,#1425));
#1427=IFCRELDEFINESBYPROPERTIES('156u9_5rHUiApLDNvUyOp2',$,$,$,(#1416),#1426);
#1428=IFCQUANTITYLENGTH('Width',$,$,9.,$);
#1429=IFCQUANTITYAREA('NetArea',$,$,0.049745999999999999,$);
#1430=IFCELEMENTQUANTITY('1rEjJYGX5Tzfptm6mAF2Bt',$,'Qto_CoveringBaseQuantities',$,$,(#1428,#1429));
#1431=IFCRELDEFINESBYPROPERTIES('1sOg9GyRzMY9MVWh3uJ1WI',$,$,$,(#1416),#1430);
#1432=IFCCARTESIANPOINTLIST3D(((-118.84999999999999,-427.56,6.4130000000000003),(234.69999999999999,-781.12,11.717000000000001),(234.69999999999999,-922.53999999999996,13.837999999999999),(-118.84999999999999,-568.99000000000001,8.5350000000000001),(-118.84999999999999,-427.56,-2.5869999999999997),(234.69999999999999,-781.12,2.7170000000000005),(234.69999999999999,-922.53999999999996,4.8379999999999992),(-118.84999999999999,-568.99000000000001,-0.46499999999999986)),$);
#1433=IFCINDEXEDPOLYGONALFACE((1,2,3,4));
#1434=IFCINDEXEDPOLYGONALFACE((8,7,6,5));
#1435=IFCINDEXEDPOLYGONALFACE((1,5,6,2));
#1436=IFCINDEXEDPOLYGONALFACE((2,6,7,3));
#1437=IFCINDEXEDPOLYGONALFACE((3,7,8,4));
#1438=IFCINDEXEDPOLYGONALFACE((4,8,5,1));
#1439=IFCPOLYGONALFACESET(#1432,.T.,(#1433,#1434,#1435,#1436,#1437,#1438),$);
#1440=IFCSHAPEREPRESENTATION(#11,'Body','Tessellation',(#1439));
#1441=IFCPRODUCTDEFINITIONSHAPE($,$,(#1440));
#1442=IFCCARTESIANPOINT((0.,0.,0.));
#1443=IFCAXIS2PLACEMENT3D(#1442,$,$);
#1444=IFCLOCALPLACEMENT(#69,#1443);
#1445=IFCCOVERING('1JQNieDrzUyuQpC5XuBOfK',$,'L/-7/-1#6',$,'gehrung',#1444,#1441,$,$);
#1446=IFCPROPERTYSINGLEVALUE('Stueckart',$,IFCLABEL('gehrung'),$);
#1447=IFCPROPERTYSINGLEVALUE('Motiv',$,IFCLABEL('L'),$);
#1448=IFCPROPERTYSINGLEVALUE('Rasterposition',$,IFCLABEL('L/-7/-1'),$);
#1449=IFCPROPERTYSINGLEVALUE('Gefaelleflaeche',$,IFCLABEL('F6'),$);
#1450=IFCPROPERTYSINGLEVALUE('Rohling',$,IFCLABEL('S60x10#3'),$);
#1451=IFCPROPERTYSINGLEVALUE('Herkunft',$,IFCLABEL('neu'),$);
#1452=IFCPROPERTYSINGLEVALUE('Schnitte',$,IFCINTEGER(2),$);
#1453=IFCPROPERTYSINGLEVALUE('Schnittlaenge',$,IFCREAL(282.80000000000001),$);
#1454=IFCPROPERTYSINGLEVALUE('Schnittarten',$,IFCLABEL('gehrung'),$);
#1455=IFCPROPERTYSET('1PFwzILvLTMBOUImfNlTui',$,'HP_Fliesenstueck',$,(#1446,#1447,#1448,#1449,#1450,#1451,#1452,#1453,#1454));
#1456=IFCRELDEFINESBYPROPERTIES('2sqBFJ7AjNFOPd4kqcoDZC',$,$,$,(#1445),#1455);
#1457=IFCQUANTITYLENGTH('Width',$,$,9.,$);
#1458=IFCQUANTITYAREA('NetArea',$,$,0.050000000000000003,$);
#1459=IFCELEMENTQUANTITY('1Edt5mhcjKneb7ET8uiOHA',$,'Qto_CoveringBaseQuantities',$,$,(#1457,#1458));
#1460=IFCRELDEFINESBYPROPERTIES('2QuUg4CFHScO2e8SahA$Ea',$,$,$,(#1445),#1459);
#1461=IFCCARTESIANPOINTLIST3D(((-831.96000000000004,-427.56,13.359),(-478.39999999999998,-781.12,13.359),(-478.39999999999998,-922.53999999999996,14.859),(-831.96000000000004,-568.99000000000001,14.859),(-831.96000000000004,-427.56,4.359),(-478.39999999999998,-781.12,4.359),(-478.39999999999998,-922.53999999999996,5.859),(-831.96000000000004,-568.99000000000001,5.859)),$);
#1462=IFCINDEXEDPOLYGONALFACE((1,2,3,4));
#1463=IFCINDEXEDPOLYGONALFACE((8,7,6,5));
#1464=IFCINDEXEDPOLYGONALFACE((1,5,6,2));
#1465=IFCINDEXEDPOLYGONALFACE((2,6,7,3));
#1466=IFCINDEXEDPOLYGONALFACE((3,7,8,4));
#1467=IFCINDEXEDPOLYGONALFACE((4,8,5,1));
#1468=IFCPOLYGONALFACESET(#1461,.T.,(#1462,#1463,#1464,#1465,#1466,#1467),$);
#1469=IFCSHAPEREPRESENTATION(#11,'Body','Tessellation',(#1468));
#1470=IFCPRODUCTDEFINITIONSHAPE($,$,(#1469));
#1471=IFCCARTESIANPOINT((0.,0.,0.));
#1472=IFCAXIS2PLACEMENT3D(#1471,$,$);
#1473=IFCLOCALPLACEMENT(#69,#1472);
#1474=IFCCOVERING('2SHB1u_vzHfwDe163N9edR',$,'L/-7/-2#5',$,'gehrung',#1473,#1470,$,$);
#1475=IFCPROPERTYSINGLEVALUE('Stueckart',$,IFCLABEL('gehrung'),$);
#1476=IFCPROPERTYSINGLEVALUE('Motiv',$,IFCLABEL('L'),$);
#1477=IFCPROPERTYSINGLEVALUE('Rasterposition',$,IFCLABEL('L/-7/-2'),$);
#1478=IFCPROPERTYSINGLEVALUE('Gefaelleflaeche',$,IFCLABEL('F5'),$);
#1479=IFCPROPERTYSINGLEVALUE('Rohling',$,IFCLABEL('S60x10#4'),$);
#1480=IFCPROPERTYSINGLEVALUE('Herkunft',$,IFCLABEL('neu'),$);
#1481=IFCPROPERTYSINGLEVALUE('Schnitte',$,IFCINTEGER(2),$);
#1482=IFCPROPERTYSINGLEVALUE('Schnittlaenge',$,IFCREAL(282.80000000000001),$);
#1483=IFCPROPERTYSINGLEVALUE('Schnittarten',$,IFCLABEL('gehrung'),$);
#1484=IFCPROPERTYSET('31VqURjgvNPBvjF0mW4BYk',$,'HP_Fliesenstueck',$,(#1475,#1476,#1477,#1478,#1479,#1480,#1481,#1482,#1483));
#1485=IFCRELDEFINESBYPROPERTIES('1yZOTZkRfH0ANrBXFvSY9V',$,$,$,(#1474),#1484);
#1486=IFCQUANTITYLENGTH('Width',$,$,9.,$);
#1487=IFCQUANTITYAREA('NetArea',$,$,0.050000000000000003,$);
#1488=IFCELEMENTQUANTITY('3h4q8NNZbQQek$SauRHvqF',$,'Qto_CoveringBaseQuantities',$,$,(#1486,#1487));
#1489=IFCRELDEFINESBYPROPERTIES('3Lwri9i1LIgQwThHB7xcGs',$,$,$,(#1474),#1488);
#1490=IFCCARTESIANPOINTLIST3D(((929.75,-763.05999999999995,17.954999999999998),(859.03999999999996,-833.76999999999998,17.954999999999998),(594.25999999999999,-568.99000000000001,12.337999999999999),(594.25999999999999,-427.56,10.837999999999999),(929.75,-763.05999999999995,8.9549999999999983),(859.03999999999996,-833.76999999999998,8.9549999999999983),(594.25999999999999,-568.99000000000001,3.3379999999999992),(594.25999999999999,-427.56,1.8379999999999992)),$);
#1491=IFCINDEXEDPOLYGONALFACE((1,2,3,4));
#1492=IFCINDEXEDPOLYGONALFACE((8,7,6,5));
#1493=IFCINDEXEDPOLYGONALFACE((1,5,6,2));
#1494=IFCINDEXEDPOLYGONALFACE((2,6,7,3));
#1495=IFCINDEXEDPOLYGONALFACE((3,7,8,4));
#1496=IFCINDEXEDPOLYGONALFACE((4,8,5,1));
#1497=IFCPOLYGONALFACESET(#1490,.T.,(#1491,#1492,#1493,#1494,#1495,#1496),$);
#1498=IFCSHAPEREPRESENTATION(#11,'Body','Tessellation',(#1497));
#1499=IFCPRODUCTDEFINITIONSHAPE($,$,(#1498));
#1500=IFCCARTESIANPOINT((0.,0.,0.));
#1501=IFCAXIS2PLACEMENT3D(#1500,$,$);
#1502=IFCLOCALPLACEMENT(#69,#1501);
#1503=IFCCOVERING('3eSsFpqRHLsAiw1L3NbxNn',$,'L/-7/0#7',$,'gehrung',#1502,#1499,$,$);
#1504=IFCPROPERTYSINGLEVALUE('Stueckart',$,IFCLABEL('gehrung'),$);
#1505=IFCPROPERTYSINGLEVALUE('Motiv',$,IFCLABEL('L'),$);
#1506=IFCPROPERTYSINGLEVALUE('Rasterposition',$,IFCLABEL('L/-7/0'),$);
#1507=IFCPROPERTYSINGLEVALUE('Gefaelleflaeche',$,IFCLABEL('F7'),$);
#1508=IFCPROPERTYSINGLEVALUE('Rohling',$,IFCLABEL('S60x10#38'),$);
#1509=IFCPROPERTYSINGLEVALUE('Herkunft',$,IFCLABEL('neu'),$);
#1510=IFCPROPERTYSINGLEVALUE('Schnitte',$,IFCINTEGER(2),$);
#1511=IFCPROPERTYSINGLEVALUE('Schnittlaenge',$,IFCREAL(241.40000000000001),$);
#1512=IFCPROPERTYSINGLEVALUE('Schnittarten',$,IFCLABEL('gerade,gehrung'),$);
#1513=IFCPROPERTYSET('2pAfb2LpTGgg7q_lVy9wIX',$,'HP_Fliesenstueck',$,(#1504,#1505,#1506,#1507,#1508,#1509,#1510,#1511,#1512));
#1514=IFCRELDEFINESBYPROPERTIES('2ZNhuLKpzLUvLhZdqJtjKS',$,$,$,(#1503),#1513);
#1515=IFCQUANTITYLENGTH('Width',$,$,9.,$);
#1516=IFCQUANTITYAREA('NetArea',$,$,0.042445999999999998,$);
#1517=IFCELEMENTQUANTITY('1hIz0vvMrHUhdBjV5phmPh',$,'Qto_CoveringBaseQuantities',$,$,(#1515,#1516));
#1518=IFCRELDEFINESBYPROPERTIES('3du3yqnznGDvW0EYfpke0M',$,$,$,(#1503),#1517);
#1519=IFCCARTESIANPOINTLIST3D(((-118.84999999999999,-573.23000000000002,8.5980000000000008),(234.69999999999999,-926.77999999999997,13.901999999999999),(234.69999999999999,-1068.2,16.023),(-118.84999999999999,-714.64999999999998,10.720000000000001),(-118.84999999999999,-573.23000000000002,-0.40199999999999925),(234.69999999999999,-926.77999999999997,4.9019999999999992),(234.69999999999999,-1068.2,7.0229999999999997),(-118.84999999999999,-714.64999999999998,1.7200000000000006)),$);
#1520=IFCINDEXEDPOLYGONALFACE((1,2,3,4));
#1521=IFCINDEXEDPOLYGONALFACE((8,7,6,5));
#1522=IFCINDEXEDPOLYGONALFACE((1,5,6,2));
#1523=IFCINDEXEDPOLYGONALFACE((2,6,7,3));
#1524=IFCINDEXEDPOLYGONALFACE((3,7,8,4));
#1525=IFCINDEXEDPOLYGONALFACE((4,8,5,1));
#1526=IFCPOLYGONALFACESET(#1519,.T.,(#1520,#1521,#1522,#1523,#1524,#1525),$);
#1527=IFCSHAPEREPRESENTATION(#11,'Body','Tessellation',(#1526));
#1528=IFCPRODUCTDEFINITIONSHAPE($,$,(#1527));
#1529=IFCCARTESIANPOINT((0.,0.,0.));
#1530=IFCAXIS2PLACEMENT3D(#1529,$,$);
#1531=IFCLOCALPLACEMENT(#69,#1530);
#1532=IFCCOVERING('05uAn_$WbP8e2rrEbkQGfQ',$,'L/-8/-1#6',$,'gehrung',#1531,#1528,$,$);
#1533=IFCPROPERTYSINGLEVALUE('Stueckart',$,IFCLABEL('gehrung'),$);
#1534=IFCPROPERTYSINGLEVALUE('Motiv',$,IFCLABEL('L'),$);
#1535=IFCPROPERTYSINGLEVALUE('Rasterposition',$,IFCLABEL('L/-8/-1'),$);
#1536=IFCPROPERTYSINGLEVALUE('Gefaelleflaeche',$,IFCLABEL('F6'),$);
#1537=IFCPROPERTYSINGLEVALUE('Rohling',$,IFCLABEL('S60x10#5'),$);
#1538=IFCPROPERTYSINGLEVALUE('Herkunft',$,IFCLABEL('neu'),$);
#1539=IFCPROPERTYSINGLEVALUE('Schnitte',$,IFCINTEGER(2),$);
#1540=IFCPROPERTYSINGLEVALUE('Schnittlaenge',$,IFCREAL(282.80000000000001),$);
#1541=IFCPROPERTYSINGLEVALUE('Schnittarten',$,IFCLABEL('gehrung'),$);
#1542=IFCPROPERTYSET('2wNupQiinTZh7TqbJ0jgOT',$,'HP_Fliesenstueck',$,(#1533,#1534,#1535,#1536,#1537,#1538,#1539,#1540,#1541));
#1543=IFCRELDEFINESBYPROPERTIES('3cf9gjVo5KvA9bidVseITG',$,$,$,(#1532),#1542);
#1544=IFCQUANTITYLENGTH('Width',$,$,9.,$);
#1545=IFCQUANTITYAREA('NetArea',$,$,0.050000000000000003,$);
#1546=IFCELEMENTQUANTITY('1sXfeKuvfHLPPHg0UBtoaL',$,'Qto_CoveringBaseQuantities',$,$,(#1544,#1545));
#1547=IFCRELDEFINESBYPROPERTIES('2eBFYDq8zKI9kkqmcJwEqO',$,$,$,(#1532),#1546);
#1548=IFCCARTESIANPOINTLIST3D(((-831.96000000000004,-573.23000000000002,14.904),(-478.39999999999998,-926.77999999999997,14.904),(-478.39999999999998,-1068.2,16.404),(-831.96000000000004,-714.64999999999998,16.404),(-831.96000000000004,-573.23000000000002,5.9039999999999999),(-478.39999999999998,-926.77999999999997,5.9039999999999999),(-478.39999999999998,-1068.2,7.4039999999999999),(-831.96000000000004,-714.64999999999998,7.4039999999999999)),$);
#1549=IFCINDEXEDPOLYGONALFACE((1,2,3,4));
#1550=IFCINDEXEDPOLYGONALFACE((8,7,6,5));
#1551=IFCINDEXEDPOLYGONALFACE((1,5,6,2));
#1552=IFCINDEXEDPOLYGONALFACE((2,6,7,3));
#1553=IFCINDEXEDPOLYGONALFACE((3,7,8,4));
#1554=IFCINDEXEDPOLYGONALFACE((4,8,5,1));
#1555=IFCPOLYGONALFACESET(#1548,.T.,(#1549,#1550,#1551,#1552,#1553,#1554),$);
#1556=IFCSHAPEREPRESENTATION(#11,'Body','Tessellation',(#1555));
#1557=IFCPRODUCTDEFINITIONSHAPE($,$,(#1556));
#1558=IFCCARTESIANPOINT((0.,0.,0.));
#1559=IFCAXIS2PLACEMENT3D(#1558,$,$);
#1560=IFCLOCALPLACEMENT(#69,#1559);
#1561=IFCCOVERING('0_MSpzQJDT2gAO3gjNilRz',$,'L/-8/-2#5',$,'gehrung',#1560,#1557,$,$);
#1562=IFCPROPERTYSINGLEVALUE('Stueckart',$,IFCLABEL('gehrung'),$);
#1563=IFCPROPERTYSINGLEVALUE('Motiv',$,IFCLABEL('L'),$);
#1564=IFCPROPERTYSINGLEVALUE('Rasterposition',$,IFCLABEL('L/-8/-2'),$);
#1565=IFCPROPERTYSINGLEVALUE('Gefaelleflaeche',$,IFCLABEL('F5'),$);
#1566=IFCPROPERTYSINGLEVALUE('Rohling',$,IFCLABEL('S60x10#6'),$);
#1567=IFCPROPERTYSINGLEVALUE('Herkunft',$,IFCLABEL('neu'),$);
#1568=IFCPROPERTYSINGLEVALUE('Schnitte',$,IFCINTEGER(2),$);
#1569=IFCPROPERTYSINGLEVALUE('Schnittlaenge',$,IFCREAL(282.80000000000001),$);
#1570=IFCPROPERTYSINGLEVALUE('Schnittarten',$,IFCLABEL('gehrung'),$);
#1571=IFCPROPERTYSET('0$T5JK9IXQl86o24ZxsUof',$,'HP_Fliesenstueck',$,(#1562,#1563,#1564,#1565,#1566,#1567,#1568,#1569,#1570));
#1572=IFCRELDEFINESBYPROPERTIES('3dOV04xUzOohBdqhEvZ$2J',$,$,$,(#1561),#1571);
#1573=IFCQUANTITYLENGTH('Width',$,$,9.,$);
#1574=IFCQUANTITYAREA('NetArea',$,$,0.050000000000000003,$);
#1575=IFCELEMENTQUANTITY('206wdolUjVtfJ7VNQrht7U',$,'Qto_CoveringBaseQuantities',$,$,(#1573,#1574));
#1576=IFCRELDEFINESBYPROPERTIES('1voPHQIgPQdPl6zICFA5gw',$,$,$,(#1561),#1575);
#1577=IFCCARTESIANPOINTLIST3D(((856.91999999999996,-835.88999999999999,17.954999999999998),(786.21000000000004,-906.60000000000002,17.954999999999998),(594.25999999999999,-714.64999999999998,13.882999999999999),(594.25999999999999,-573.23000000000002,12.382999999999999),(856.91999999999996,-835.88999999999999,8.9549999999999983),(786.21000000000004,-906.60000000000002,8.9549999999999983),(594.25999999999999,-714.64999999999998,4.8829999999999991),(594.25999999999999,-573.23000000000002,3.3829999999999991)),$);
#1578=IFCINDEXEDPOLYGONALFACE((1,2,3,4));
#1579=IFCINDEXEDPOLYGONALFACE((8,7,6,5));
#1580=IFCINDEXEDPOLYGONALFACE((1,5,6,2));
#1581=IFCINDEXEDPOLYGONALFACE((2,6,7,3));
#1582=IFCINDEXEDPOLYGONALFACE((3,7,8,4));
#1583=IFCINDEXEDPOLYGONALFACE((4,8,5,1));
#1584=IFCPOLYGONALFACESET(#1577,.T.,(#1578,#1579,#1580,#1581,#1582,#1583),$);
#1585=IFCSHAPEREPRESENTATION(#11,'Body','Tessellation',(#1584));
#1586=IFCPRODUCTDEFINITIONSHAPE($,$,(#1585));
#1587=IFCCARTESIANPOINT((0.,0.,0.));
#1588=IFCAXIS2PLACEMENT3D(#1587,$,$);
#1589=IFCLOCALPLACEMENT(#69,#1588);
#1590=IFCCOVERING('06qQyoYT5Mlxher1tkaawj',$,'L/-8/0#7',$,'gehrung',#1589,#1586,$,$);
#1591=IFCPROPERTYSINGLEVALUE('Stueckart',$,IFCLABEL('gehrung'),$);
#1592=IFCPROPERTYSINGLEVALUE('Motiv',$,IFCLABEL('L'),$);
#1593=IFCPROPERTYSINGLEVALUE('Rasterposition',$,IFCLABEL('L/-8/0'),$);
#1594=IFCPROPERTYSINGLEVALUE('Gefaelleflaeche',$,IFCLABEL('F7'),$);
#1595=IFCPROPERTYSINGLEVALUE('Rohling',$,IFCLABEL('S60x10#66'),$);
#1596=IFCPROPERTYSINGLEVALUE('Herkunft',$,IFCLABEL('neu'),$);
#1597=IFCPROPERTYSINGLEVALUE('Schnitte',$,IFCINTEGER(2),$);
#1598=IFCPROPERTYSINGLEVALUE('Schnittlaenge',$,IFCREAL(241.40000000000001),$);
#1599=IFCPROPERTYSINGLEVALUE('Schnittarten',$,IFCLABEL('gerade,gehrung'),$);
#1600=IFCPROPERTYSET('0LOhIvdizNtB_X1tnkK0LT',$,'HP_Fliesenstueck',$,(#1591,#1592,#1593,#1594,#1595,#1596,#1597,#1598,#1599));
#1601=IFCRELDEFINESBYPROPERTIES('0jAkrKPVTQwhmQDDQCrcrH',$,$,$,(#1590),#1600);
#1602=IFCQUANTITYLENGTH('Width',$,$,9.,$);
#1603=IFCQUANTITYAREA('NetArea',$,$,0.032146000000000001,$);
#1604=IFCELEMENTQUANTITY('3uT4SifI9IzRA8vZR8emj$',$,'Qto_CoveringBaseQuantities',$,$,(#1602,#1603));
#1605=IFCRELDEFINESBYPROPERTIES('3N7MvDwyXPihoxA7cjc1fk',$,$,$,(#1590),#1604);
#1606=IFCCARTESIANPOINTLIST3D(((234.69999999999999,-1072.45,16.087),(234.69999999999999,-1197.,17.954999999999998),(217.84,-1197.,17.954999999999998),(-118.84999999999999,-860.30999999999995,12.904999999999999),(-118.84999999999999,-718.88999999999999,10.782999999999999),(234.69999999999999,-1072.45,7.0869999999999997),(234.69999999999999,-1197.,8.9549999999999983),(217.84,-1197.,8.9549999999999983),(-118.84999999999999,-860.30999999999995,3.9049999999999994),(-118.84999999999999,-718.88999999999999,1.7829999999999995)),$);
#1607=IFCINDEXEDPOLYGONALFACE((1,2,3,4,5));
#1608=IFCINDEXEDPOLYGONALFACE((10,9,8,7,6));
#1609=IFCINDEXEDPOLYGONALFACE((1,6,7,2));
#1610=IFCINDEXEDPOLYGONALFACE((2,7,8,3));
#1611=IFCINDEXEDPOLYGONALFACE((3,8,9,4));
#1612=IFCINDEXEDPOLYGONALFACE((4,9,10,5));
#1613=IFCINDEXEDPOLYGONALFACE((5,10,6,1));
#1614=IFCPOLYGONALFACESET(#1606,.T.,(#1607,#1608,#1609,#1610,#1611,#1612,#1613),$);
#1615=IFCSHAPEREPRESENTATION(#11,'Body','Tessellation',(#1614));
#1616=IFCPRODUCTDEFINITIONSHAPE($,$,(#1615));
#1617=IFCCARTESIANPOINT((0.,0.,0.));
#1618=IFCAXIS2PLACEMENT3D(#1617,$,$);
#1619=IFCLOCALPLACEMENT(#69,#1618);
#1620=IFCCOVERING('29tKbMQZXJGQVddKAryIGn',$,'L/-9/-1#6',$,'schraeg',#1619,#1616,$,$);
#1621=IFCPROPERTYSINGLEVALUE('Stueckart',$,IFCLABEL('schraeg'),$);
#1622=IFCPROPERTYSINGLEVALUE('Motiv',$,IFCLABEL('L'),$);
#1623=IFCPROPERTYSINGLEVALUE('Rasterposition',$,IFCLABEL('L/-9/-1'),$);
#1624=IFCPROPERTYSINGLEVALUE('Gefaelleflaeche',$,IFCLABEL('F6'),$);
#1625=IFCPROPERTYSINGLEVALUE('Rohling',$,IFCLABEL('S60x10#20'),$);
#1626=IFCPROPERTYSINGLEVALUE('Herkunft',$,IFCLABEL('neu'),$);
#1627=IFCPROPERTYSINGLEVALUE('Schnitte',$,IFCINTEGER(3),$);
#1628=IFCPROPERTYSINGLEVALUE('Schnittlaenge',$,IFCREAL(282.80000000000001),$);
#1629=IFCPROPERTYSINGLEVALUE('Schnittarten',$,IFCLABEL('schraeg,gehrung'),$);
#1630=IFCPROPERTYSET('3LDlebyyLLxBXKZ5goWYcw',$,'HP_Fliesenstueck',$,(#1621,#1622,#1623,#1624,#1625,#1626,#1627,#1628,#1629));
#1631=IFCRELDEFINESBYPROPERTIES('2znDSCfFrNbAKKhQmfgaQg',$,$,$,(#1620),#1630);
#1632=IFCQUANTITYLENGTH('Width',$,$,9.,$);
#1633=IFCQUANTITYAREA('NetArea',$,$,0.049858,$);
#1634=IFCELEMENTQUANTITY('2q$TaRpQfM6xzPVW6T5qyX',$,'Qto_CoveringBaseQuantities',$,$,(#1632,#1633));
#1635=IFCRELDEFINESBYPROPERTIES('3CCsFMng5QY8TNA3gbF8iu',$,$,$,(#1620),#1634);
#1636=IFCCARTESIANPOINTLIST3D(((-478.39999999999998,-1072.45,16.449000000000002),(-478.39999999999998,-1151.05,17.283000000000001),(-496.80000000000001,-1195.47,17.949000000000002),(-831.96000000000004,-860.30999999999995,17.949000000000002),(-831.96000000000004,-718.88999999999999,16.449000000000002),(-478.39999999999998,-1072.45,7.4490000000000016),(-478.39999999999998,-1151.05,8.2830000000000013),(-496.80000000000001,-1195.47,8.9490000000000016),(-831.96000000000004,-860.30999999999995,8.9490000000000016),(-831.96000000000004,-718.88999999999999,7.4490000000000016)),$);
#1637=IFCINDEXEDPOLYGONALFACE((1,2,3,4,5));
#1638=IFCINDEXEDPOLYGONALFACE((10,9,8,7,6));
#1639=IFCINDEXEDPOLYGONALFACE((1,6,7,2));
#1640=IFCINDEXEDPOLYGONALFACE((2,7,8,3));
#1641=IFCINDEXEDPOLYGONALFACE((3,8,9,4));
#1642=IFCINDEXEDPOLYGONALFACE((4,9,10,5));
#1643=IFCINDEXEDPOLYGONALFACE((5,10,6,1));
#1644=IFCPOLYGONALFACESET(#1636,.T.,(#1637,#1638,#1639,#1640,#1641,#1642,#1643),$);
#1645=IFCSHAPEREPRESENTATION(#11,'Body','Tessellation',(#1644));
#1646=IFCPRODUCTDEFINITIONSHAPE($,$,(#1645));
#1647=IFCCARTESIANPOINT((0.,0.,0.));
#1648=IFCAXIS2PLACEMENT3D(#1647,$,$);
#1649=IFCLOCALPLACEMENT(#69,#1648);
#1650=IFCCOVERING('3yf$Tns4XHXPjOzRV7AjtN',$,'L/-9/-2#5',$,'gratschnitt',#1649,#1646,$,$);
#1651=IFCPROPERTYSINGLEVALUE('Stueckart',$,IFCLABEL('gratschnitt'),$);
#1652=IFCPROPERTYSINGLEVALUE('Motiv',$,IFCLABEL('L'),$);
#1653=IFCPROPERTYSINGLEVALUE('Rasterposition',$,IFCLABEL('L/-9/-2'),$);
#1654=IFCPROPERTYSINGLEVALUE('Gefaelleflaeche',$,IFCLABEL('F5'),$);
#1655=IFCPROPERTYSINGLEVALUE('Rohling',$,IFCLABEL('S60x10#23'),$);
#1656=IFCPROPERTYSINGLEVALUE('Herkunft',$,IFCLABEL('neu'),$);
#1657=IFCPROPERTYSINGLEVALUE('Schnitte',$,IFCINTEGER(3),$);
#1658=IFCPROPERTYSINGLEVALUE('Schnittlaenge',$,IFCREAL(268.10000000000002),$);
#1659=IFCPROPERTYSINGLEVALUE('Schnittarten',$,IFCLABEL('gehrung,gratschnitt'),$);
#1660=IFCPROPERTYSET('2Kh9BSkQ9NAhJk05WMJR5m',$,'HP_Fliesenstueck',$,(#1651,#1652,#1653,#1654,#1655,#1656,#1657,#1658,#1659));
#1661=IFCRELDEFINESBYPROPERTIES('16fwtceNDKpPpiC7vBT5yt',$,$,$,(#1650),#1660);
#1662=IFCQUANTITYLENGTH('Width',$,$,9.,$);
#1663=IFCQUANTITYAREA('NetArea',$,$,0.049422000000000001,$);
#1664=IFCELEMENTQUANTITY('2CwX9oPrXLm9Rz$47bFO0c',$,'Qto_CoveringBaseQuantities',$,$,(#1662,#1663));
#1665=IFCRELDEFINESBYPROPERTIES('3g_QJ5CW5Q3hphmiq2h0Ra',$,$,$,(#1650),#1664);
#1666=IFCCARTESIANPOINTLIST3D(((-478.39999999999998,-1197.,17.954999999999998),(-494.19,-1197.,17.954999999999998),(-478.39999999999998,-1158.8900000000001,17.382999999999999),(-478.39999999999998,-1197.,8.9549999999999983),(-494.19,-1197.,8.9549999999999983),(-478.39999999999998,-1158.8900000000001,8.3829999999999991)),$);
#1667=IFCINDEXEDPOLYGONALFACE((1,2,3));
#1668=IFCINDEXEDPOLYGONALFACE((6,5,4));
#1669=IFCINDEXEDPOLYGONALFACE((1,4,5,2));
#1670=IFCINDEXEDPOLYGONALFACE((2,5,6,3));
#1671=IFCINDEXEDPOLYGONALFACE((3,6,4,1));
#1672=IFCPOLYGONALFACESET(#1666,.T.,(#1667,#1668,#1669,#1670,#1671),$);
#1673=IFCSHAPEREPRESENTATION(#11,'Body','Tessellation',(#1672));
#1674=IFCPRODUCTDEFINITIONSHAPE($,$,(#1673));
#1675=IFCCARTESIANPOINT((0.,0.,0.));
#1676=IFCAXIS2PLACEMENT3D(#1675,$,$);
#1677=IFCLOCALPLACEMENT(#69,#1676);
#1678=IFCCOVERING('1q788bynnK2xMqMRYoAZFO',$,'L/-9/-2#6',$,'gratschnitt',#1677,#1674,$,$);
#1679=IFCPROPERTYSINGLEVALUE('Stueckart',$,IFCLABEL('gratschnitt'),$);
#1680=IFCPROPERTYSINGLEVALUE('Motiv',$,IFCLABEL('L'),$);
#1681=IFCPROPERTYSINGLEVALUE('Rasterposition',$,IFCLABEL('L/-9/-2'),$);
#1682=IFCPROPERTYSINGLEVALUE('Gefaelleflaeche',$,IFCLABEL('F6'),$);
#1683=IFCPROPERTYSINGLEVALUE('Rohling',$,IFCLABEL('S60x10#13'),$);
#1684=IFCPROPERTYSINGLEVALUE('Herkunft',$,IFCLABEL('reststueck'),$);
#1685=IFCPROPERTYSINGLEVALUE('Schnitte',$,IFCINTEGER(3),$);
#1686=IFCPROPERTYSINGLEVALUE('Schnittlaenge',$,IFCREAL(95.099999999999994),$);
#1687=IFCPROPERTYSINGLEVALUE('Schnittarten',$,IFCLABEL('schraeg,gehrung,gratschnitt'),$);
#1688=IFCPROPERTYSET('19wShaGa1G3g6LRgEJN995',$,'HP_Fliesenstueck',$,(#1679,#1680,#1681,#1682,#1683,#1684,#1685,#1686,#1687));
#1689=IFCRELDEFINESBYPROPERTIES('2wqGWipf5PtfDEJrGrYLYv',$,$,$,(#1678),#1688);
#1690=IFCQUANTITYLENGTH('Width',$,$,9.,$);
#1691=IFCQUANTITYAREA('NetArea',$,$,0.000301,$);
#1692=IFCELEMENTQUANTITY('0gSXNkiBnHjQJ$kdkL9TKc',$,'Qto_CoveringBaseQuantities',$,$,(#1690,#1691));
#1693=IFCRELDEFINESBYPROPERTIES('0JJgoKIVfMi8V_Jc1lSPpk',$,$,$,(#1678),#1692);
#1694=IFCCARTESIANPOINTLIST3D(((784.09000000000003,-908.72000000000003,17.954999999999998),(713.38,-979.44000000000005,17.954999999999998),(594.25999999999999,-860.30999999999995,15.428000000000001),(594.25999999999999,-718.88999999999999,13.928000000000001),(784.09000000000003,-908.72000000000003,8.9549999999999983),(713.38,-979.44000000000005,8.9549999999999983),(594.25999999999999,-860.30999999999995,6.4280000000000008),(594.25999999999999,-718.88999999999999,4.9280000000000008)),$);
#1695=IFCINDEXEDPOLYGONALFACE((1,2,3,4));
#1696=IFCINDEXEDPOLYGONALFACE((8,7,6,5));
#1697=IFCINDEXEDPOLYGONALFACE((1,5,6,2));
#1698=IFCINDEXEDPOLYGONALFACE((2,6,7,3));
#1699=IFCINDEXEDPOLYGONALFACE((3,7,8,4));
#1700=IFCINDEXEDPOLYGONALFACE((4,8,5,1));
#1701=IFCPOLYGONALFACESET(#1694,.T.,(#1695,#1696,#1697,#1698,#1699,#1700),$);
#1702=IFCSHAPEREPRESENTATION(#11,'Body','Tessellation',(#1701));
#1703=IFCPRODUCTDEFINITIONSHAPE($,$,(#1702));
#1704=IFCCARTESIANPOINT((0.,0.,0.));
#1705=IFCAXIS2PLACEMENT3D(#1704,$,$);
#1706=IFCLOCALPLACEMENT(#69,#1705);
#1707=IFCCOVERING('3pzLxmp0LQbhkAc3s$$IXE',$,'L/-9/0#7',$,'gehrung',#1706,#1703,$,$);
#1708=IFCPROPERTYSINGLEVALUE('Stueckart',$,IFCLABEL('gehrung'),$);
#1709=IFCPROPERTYSINGLEVALUE('Motiv',$,IFCLABEL('L'),$);
#1710=IFCPROPERTYSINGLEVALUE('Rasterposition',$,IFCLABEL('L/-9/0'),$);
#1711=IFCPROPERTYSINGLEVALUE('Gefaelleflaeche',$,IFCLABEL('F7'),$);
#1712=IFCPROPERTYSINGLEVALUE('Rohling',$,IFCLABEL('S60x10#87'),$);
#1713=IFCPROPERTYSINGLEVALUE('Herkunft',$,IFCLABEL('reststueck'),$);
#1714=IFCPROPERTYSINGLEVALUE('Schnitte',$,IFCINTEGER(2),$);
#1715=IFCPROPERTYSINGLEVALUE('Schnittlaenge',$,IFCREAL(241.40000000000001),$);
#1716=IFCPROPERTYSINGLEVALUE('Schnittarten',$,IFCLABEL('gerade,gehrung'),$);
#1717=IFCPROPERTYSET('1KLMvcicHQxgHF7dASmLQu',$,'HP_Fliesenstueck',$,(#1708,#1709,#1710,#1711,#1712,#1713,#1714,#1715,#1716));
#1718=IFCRELDEFINESBYPROPERTIES('2xqcmIuSXMthDLhlCK3T5k',$,$,$,(#1707),#1717);
#1719=IFCQUANTITYLENGTH('Width',$,$,9.,$);
#1720=IFCQUANTITYAREA('NetArea',$,$,0.021846000000000001,$);
#1721=IFCELEMENTQUANTITY('3zj53f97vKvQ0QUI6$ygmk',$,'Qto_CoveringBaseQuantities',$,$,(#1719,#1720));
#1722=IFCRELDEFINESBYPROPERTIES('3aurRR_GjUxgjf5ptQGLK1',$,$,$,(#1707),#1721);
#1723=IFCCARTESIANPOINTLIST3D(((234.69999999999999,238.53,5.0190000000000001),(234.69999999999999,98.840000000000003,3.5379999999999998),(233.47999999999999,98.329999999999998,3.5190000000000001),(98.329999999999998,233.47999999999999,3.5190000000000001),(139.75,333.48000000000002,5.0190000000000001),(234.69999999999999,238.53,-3.9809999999999999),(234.69999999999999,98.840000000000003,-5.4619999999999997),(233.47999999999999,98.329999999999998,-5.4809999999999999),(98.329999999999998,233.47999999999999,-5.4809999999999999),(139.75,333.48000000000002,-3.9809999999999999)),$);
#1724=IFCINDEXEDPOLYGONALFACE((1,2,3,4,5));
#1725=IFCINDEXEDPOLYGONALFACE((10,9,8,7,6));
#1726=IFCINDEXEDPOLYGONALFACE((1,6,7,2));
#1727=IFCINDEXEDPOLYGONALFACE((2,7,8,3));
#1728=IFCINDEXEDPOLYGONALFACE((3,8,9,4));
#1729=IFCINDEXEDPOLYGONALFACE((4,9,10,5));
#1730=IFCINDEXEDPOLYGONALFACE((5,10,6,1));
#1731=IFCPOLYGONALFACESET(#1723,.T.,(#1724,#1725,#1726,#1727,#1728,#1729,#1730),$);
#1732=IFCSHAPEREPRESENTATION(#11,'Body','Tessellation',(#1731));
#1733=IFCPRODUCTDEFINITIONSHAPE($,$,(#1732));
#1734=IFCCARTESIANPOINT((0.,0.,0.));
#1735=IFCAXIS2PLACEMENT3D(#1734,$,$);
#1736=IFCLOCALPLACEMENT(#69,#1735);
#1737=IFCCOVERING('0nPxSVMXTTQgSYwsIAo7_x',$,'L/0/-1#1',$,'gratschnitt',#1736,#1733,$,$);
#1738=IFCPROPERTYSINGLEVALUE('Stueckart',$,IFCLABEL('gratschnitt'),$);
#1739=IFCPROPERTYSINGLEVALUE('Motiv',$,IFCLABEL('L'),$);
#1740=IFCPROPERTYSINGLEVALUE('Rasterposition',$,IFCLABEL('L/0/-1'),$);
#1741=IFCPROPERTYSINGLEVALUE('Gefaelleflaeche',$,IFCLABEL('F1'),$);
#1742=IFCPROPERTYSINGLEVALUE('Rohling',$,IFCLABEL('S60x10#92'),$);
#1743=IFCPROPERTYSINGLEVALUE('Herkunft',$,IFCLABEL('reststueck'),$);
#1744=IFCPROPERTYSINGLEVALUE('Schnitte',$,IFCINTEGER(3),$);
#1745=IFCPROPERTYSINGLEVALUE('Schnittlaenge',$,IFCREAL(249.30000000000001),$);
#1746=IFCPROPERTYSINGLEVALUE('Schnittarten',$,IFCLABEL('gehrung,gratschnitt'),$);
#1747=IFCPROPERTYSET('2KIKv3TdvJEOQgeLhP$uAg',$,'HP_Fliesenstueck',$,(#1738,#1739,#1740,#1741,#1742,#1743,#1744,#1745,#1746));
#1748=IFCRELDEFINESBYPROPERTIES('1p3fgP8TjIDPseD4Ggda$u',$,$,$,(#1737),#1747);
#1749=IFCQUANTITYLENGTH('Width',$,$,9.,$);
#1750=IFCQUANTITYAREA('NetArea',$,$,0.016355000000000001,$);
#1751=IFCELEMENTQUANTITY('1b0uHOQs1N8AEv31dlxX_a',$,'Qto_CoveringBaseQuantities',$,$,(#1749,#1750));
#1752=IFCRELDEFINESBYPROPERTIES('03WuAZMWnMkOPlUCvVqWAE',$,$,$,(#1737),#1751);
#1753=IFCCARTESIANPOINTLIST3D(((137.46000000000001,335.76999999999998,5.0369999999999999),(96.040000000000006,235.77000000000001,3.5369999999999999),(-118.84999999999999,450.66000000000003,6.7599999999999998),(-118.84999999999999,592.08000000000004,8.8810000000000002),(137.46000000000001,335.76999999999998,-3.9630000000000001),(96.040000000000006,235.77000000000001,-5.4630000000000001),(-118.84999999999999,450.66000000000003,-2.2400000000000002),(-118.84999999999999,592.08000000000004,-0.11899999999999977)),$);
#1754=IFCINDEXEDPOLYGONALFACE((1,2,3,4));
#1755=IFCINDEXEDPOLYGONALFACE((8,7,6,5));
#1756=IFCINDEXEDPOLYGONALFACE((1,5,6,2));
#1757=IFCINDEXEDPOLYGONALFACE((2,6,7,3));
#1758=IFCINDEXEDPOLYGONALFACE((3,7,8,4));
#1759=IFCINDEXEDPOLYGONALFACE((4,8,5,1));
#1760=IFCPOLYGONALFACESET(#1753,.T.,(#1754,#1755,#1756,#1757,#1758,#1759),$);
#1761=IFCSHAPEREPRESENTATION(#11,'Body','Tessellation',(#1760));
#1762=IFCPRODUCTDEFINITIONSHAPE($,$,(#1761));
#1763=IFCCARTESIANPOINT((0.,0.,0.));
#1764=IFCAXIS2PLACEMENT3D(#1763,$,$);
#1765=IFCLOCALPLACEMENT(#69,#1764);
#1766=IFCCOVERING('1Tu$zmMbPLs8JACT$vI08k',$,'L/0/-1#2',$,'gratschnitt',#1765,#1762,$,$);
#1767=IFCPROPERTYSINGLEVALUE('Stueckart',$,IFCLABEL('gratschnitt'),$);
#1768=IFCPROPERTYSINGLEVALUE('Motiv',$,IFCLABEL('L'),$);
#1769=IFCPROPERTYSINGLEVALUE('Rasterposition',$,IFCLABEL('L/0/-1'),$);
#1770=IFCPROPERTYSINGLEVALUE('Gefaelleflaeche',$,IFCLABEL('F2'),$);
#1771=IFCPROPERTYSINGLEVALUE('Rohling',$,IFCLABEL('S60x10#60'),$);
#1772=IFCPROPERTYSINGLEVALUE('Herkunft',$,IFCLABEL('neu'),$);
#1773=IFCPROPERTYSINGLEVALUE('Schnitte',$,IFCINTEGER(2),$);
#1774=IFCPROPERTYSINGLEVALUE('Schnittlaenge',$,IFCREAL(249.69999999999999),$);
#1775=IFCPROPERTYSINGLEVALUE('Schnittarten',$,IFCLABEL('gehrung,gratschnitt'),$);
#1776=IFCPROPERTYSET('0gg$tq$_nK9f7oaTnH0RnW',$,'HP_Fliesenstueck',$,(#1767,#1768,#1769,#1770,#1771,#1772,#1773,#1774,#1775));
#1777=IFCRELDEFINESBYPROPERTIES('2RNKzKvGnR0gByptYP5AX6',$,$,$,(#1766),#1776);
#1778=IFCQUANTITYLENGTH('Width',$,$,9.,$);
#1779=IFCQUANTITYAREA('NetArea',$,$,0.033319000000000001,$);
#1780=IFCELEMENTQUANTITY('3xLuVX3_LU9x62Ymiuq$mi',$,'Qto_CoveringBaseQuantities',$,$,(#1778,#1779));
#1781=IFCRELDEFINESBYPROPERTIES('3hJkh9qIHH0h3L8PhdcBme',$,$,$,(#1766),#1780);
#1782=IFCCARTESIANPOINTLIST3D(((-478.39999999999998,238.53,7.6040000000000001),(-478.39999999999998,199.78999999999999,7.1929999999999996),(-653.67999999999995,272.38999999999999,9.8219999999999992),(-831.96000000000004,450.66000000000003,13.603999999999999),(-831.96000000000004,592.08000000000004,15.103999999999999),(-478.39999999999998,238.53,-1.3959999999999999),(-478.39999999999998,199.78999999999999,-1.8070000000000004),(-653.67999999999995,272.38999999999999,0.82199999999999918),(-831.96000000000004,450.66000000000003,4.6039999999999992),(-831.96000000000004,592.08000000000004,6.1039999999999992)),$);
#1783=IFCINDEXEDPOLYGONALFACE((1,2,3,4,5));
#1784=IFCINDEXEDPOLYGONALFACE((10,9,8,7,6));
#1785=IFCINDEXEDPOLYGONALFACE((1,6,7,2));
#1786=IFCINDEXEDPOLYGONALFACE((2,7,8,3));
#1787=IFCINDEXEDPOLYGONALFACE((3,8,9,4));
#1788=IFCINDEXEDPOLYGONALFACE((4,9,10,5));
#1789=IFCINDEXEDPOLYGONALFACE((5,10,6,1));
#1790=IFCPOLYGONALFACESET(#1782,.T.,(#1783,#1784,#1785,#1786,#1787,#1788,#1789),$);
#1791=IFCSHAPEREPRESENTATION(#11,'Body','Tessellation',(#1790));
#1792=IFCPRODUCTDEFINITIONSHAPE($,$,(#1791));
#1793=IFCCARTESIANPOINT((0.,0.,0.));
#1794=IFCAXIS2PLACEMENT3D(#1793,$,$);
#1795=IFCLOCALPLACEMENT(#69,#1794);
#1796=IFCCOVERING('1cU_gJzTbKZh7kwvUD3Xg5',$,'L/0/-2#3',$,'gratschnitt',#1795,#1792,$,$);
#1797=IFCPROPERTYSINGLEVALUE('Stueckart',$,IFCLABEL('gratschnitt'),$);
#1798=IFCPROPERTYSINGLEVALUE('Motiv',$,IFCLABEL('L'),$);
#1799=IFCPROPERTYSINGLEVALUE('Rasterposition',$,IFCLABEL('L/0/-2'),$);
#1800=IFCPROPERTYSINGLEVALUE('Gefaelleflaeche',$,IFCLABEL('F3'),$);
#1801=IFCPROPERTYSINGLEVALUE('Rohling',$,IFCLABEL('S60x10#42'),$);
#1802=IFCPROPERTYSINGLEVALUE('Herkunft',$,IFCLABEL('neu'),$);
#1803=IFCPROPERTYSINGLEVALUE('Schnitte',$,IFCINTEGER(3),$);
#1804=IFCPROPERTYSINGLEVALUE('Schnittlaenge',$,IFCREAL(369.89999999999998),$);
#1805=IFCPROPERTYSINGLEVALUE('Schnittarten',$,IFCLABEL('gehrung,gratschnitt'),$);
#1806=IFCPROPERTYSET('3dsFkwiW9RrAzyMNIb7tnJ',$,'HP_Fliesenstueck',$,(#1797,#1798,#1799,#1800,#1801,#1802,#1803,#1804,#1805));
#1807=IFCRELDEFINESBYPROPERTIES('2WutLn8hLUwBf9t16bpLbJ',$,$,$,(#1796),#1806);
#1808=IFCQUANTITYLENGTH('Width',$,$,9.,$);
#1809=IFCQUANTITYAREA('NetArea',$,$,0.041001999999999997,$);
#1810=IFCELEMENTQUANTITY('15ru6bysfJVxpRXfeVU$eS',$,'Qto_CoveringBaseQuantities',$,$,(#1808,#1809));
#1811=IFCRELDEFINESBYPROPERTIES('0Ym6yd2HTPPf7rSSdN6eCy',$,$,$,(#1796),#1810);
#1812=IFCCARTESIANPOINTLIST3D(((-478.39999999999998,97.109999999999999,7.1760000000000002),(-648.13999999999999,266.83999999999997,9.7219999999999995),(-478.39999999999998,196.53999999999999,7.1760000000000002),(-478.39999999999998,97.109999999999999,-1.8239999999999998),(-648.13999999999999,266.83999999999997,0.72199999999999953),(-478.39999999999998,196.53999999999999,-1.8239999999999998)),$);
#1813=IFCINDEXEDPOLYGONALFACE((1,2,3));
#1814=IFCINDEXEDPOLYGONALFACE((6,5,4));
#1815=IFCINDEXEDPOLYGONALFACE((1,4,5,2));
#1816=IFCINDEXEDPOLYGONALFACE((2,5,6,3));
#1817=IFCINDEXEDPOLYGONALFACE((3,6,4,1));
#1818=IFCPOLYGONALFACESET(#1812,.T.,(#1813,#1814,#1815,#1816,#1817),$);
#1819=IFCSHAPEREPRESENTATION(#11,'Body','Tessellation',(#1818));
#1820=IFCPRODUCTDEFINITIONSHAPE($,$,(#1819));
#1821=IFCCARTESIANPOINT((0.,0.,0.));
#1822=IFCAXIS2PLACEMENT3D(#1821,$,$);
#1823=IFCLOCALPLACEMENT(#69,#1822);
#1824=IFCCOVERING('0AISUDeIbGnQWvdgIuTNH8',$,'L/0/-2#4',$,'gratschnitt',#1823,#1820,$,$);
#1825=IFCPROPERTYSINGLEVALUE('Stueckart',$,IFCLABEL('gratschnitt'),$);
#1826=IFCPROPERTYSINGLEVALUE('Motiv',$,IFCLABEL('L'),$);
#1827=IFCPROPERTYSINGLEVALUE('Rasterposition',$,IFCLABEL('L/0/-2'),$);
#1828=IFCPROPERTYSINGLEVALUE('Gefaelleflaeche',$,IFCLABEL('F4'),$);
#1829=IFCPROPERTYSINGLEVALUE('Rohling',$,IFCLABEL('S60x10#43'),$);
#1830=IFCPROPERTYSINGLEVALUE('Herkunft',$,IFCLABEL('reststueck'),$);
#1831=IFCPROPERTYSINGLEVALUE('Schnitte',$,IFCINTEGER(2),$);
#1832=IFCPROPERTYSINGLEVALUE('Schnittlaenge',$,IFCREAL(283.10000000000002),$);
#1833=IFCPROPERTYSINGLEVALUE('Schnittarten',$,IFCLABEL('gehrung,gratschnitt'),$);
#1834=IFCPROPERTYSET('3RSrFMXbzPkAcsQ$QM2$Yo',$,'HP_Fliesenstueck',$,(#1825,#1826,#1827,#1828,#1829,#1830,#1831,#1832,#1833));
#1835=IFCRELDEFINESBYPROPERTIES('0pKw6pnYbVQugizc5vHe4T',$,$,$,(#1824),#1834);
#1836=IFCQUANTITYLENGTH('Width',$,$,9.,$);
#1837=IFCQUANTITYAREA('NetArea',$,$,0.0084379999999999993,$);
#1838=IFCELEMENTQUANTITY('0NOSQ7oyXIgxmK5RAGcNs3',$,'Qto_CoveringBaseQuantities',$,$,(#1836,#1837));
#1839=IFCRELDEFINESBYPROPERTIES('2aKcrHPqzNVfObAfzAGFYk',$,$,$,(#1824),#1838);
#1840=IFCCARTESIANPOINTLIST3D(((947.80999999999995,238.53,14.217000000000001),(947.80999999999995,97.109999999999999,14.217000000000001),(740.01999999999998,304.89999999999998,11.1),(840.01999999999998,346.31999999999999,12.6),(947.80999999999995,238.53,5.2170000000000005),(947.80999999999995,97.109999999999999,5.2170000000000005),(740.01999999999998,304.89999999999998,2.0999999999999996),(840.01999999999998,346.31999999999999,3.5999999999999996)),$);
#1841=IFCINDEXEDPOLYGONALFACE((1,2,3,4));
#1842=IFCINDEXEDPOLYGONALFACE((8,7,6,5));
#1843=IFCINDEXEDPOLYGONALFACE((1,5,6,2));
#1844=IFCINDEXEDPOLYGONALFACE((2,6,7,3));
#1845=IFCINDEXEDPOLYGONALFACE((3,7,8,4));
#1846=IFCINDEXEDPOLYGONALFACE((4,8,5,1));
#1847=IFCPOLYGONALFACESET(#1840,.T.,(#1841,#1842,#1843,#1844,#1845,#1846),$);
#1848=IFCSHAPEREPRESENTATION(#11,'Body','Tessellation',(#1847));
#1849=IFCPRODUCTDEFINITIONSHAPE($,$,(#1848));
#1850=IFCCARTESIANPOINT((0.,0.,0.));
#1851=IFCAXIS2PLACEMENT3D(#1850,$,$);
#1852=IFCLOCALPLACEMENT(#69,#1851);
#1853=IFCCOVERING('1h3rpPcUfIGR3iyevKigC6',$,'L/0/0#0',$,'gratschnitt',#1852,#1849,$,$);
#1854=IFCPROPERTYSINGLEVALUE('Stueckart',$,IFCLABEL('gratschnitt'),$);
#1855=IFCPROPERTYSINGLEVALUE('Motiv',$,IFCLABEL('L'),$);
#1856=IFCPROPERTYSINGLEVALUE('Rasterposition',$,IFCLABEL('L/0/0'),$);
#1857=IFCPROPERTYSINGLEVALUE('Gefaelleflaeche',$,IFCLABEL('F0'),$);
#1858=IFCPROPERTYSINGLEVALUE('Rohling',$,IFCLABEL('S60x10#82'),$);
#1859=IFCPROPERTYSINGLEVALUE('Herkunft',$,IFCLABEL('reststueck'),$);
#1860=IFCPROPERTYSINGLEVALUE('Schnitte',$,IFCINTEGER(2),$);
#1861=IFCPROPERTYSINGLEVALUE('Schnittlaenge',$,IFCREAL(249.69999999999999),$);
#1862=IFCPROPERTYSINGLEVALUE('Schnittarten',$,IFCLABEL('gehrung,gratschnitt'),$);
#1863=IFCPROPERTYSET('2iKKpEO2nNRhwr9UOZcMnJ',$,'HP_Fliesenstueck',$,(#1854,#1855,#1856,#1857,#1858,#1859,#1860,#1861,#1862));
#1864=IFCRELDEFINESBYPROPERTIES('1GBzCOprvIOvDUuiDEVIV0',$,$,$,(#1853),#1863);
#1865=IFCQUANTITYLENGTH('Width',$,$,9.,$);
#1866=IFCQUANTITYAREA('NetArea',$,$,0.022315000000000002,$);
#1867=IFCELEMENTQUANTITY('2xv2Ja9DTN_x1Z7lmFXomJ',$,'Qto_CoveringBaseQuantities',$,$,(#1865,#1866));
#1868=IFCRELDEFINESBYPROPERTIES('1FNskoaR5JkANQNm2j9wKG',$,$,$,(#1853),#1867);
#1869=IFCCARTESIANPOINTLIST3D(((837.72000000000003,348.62,12.583),(737.72000000000003,307.19999999999999,11.083),(594.25999999999999,450.66000000000003,11.083),(594.25999999999999,592.08000000000004,12.583),(837.72000000000003,348.62,3.5830000000000002),(737.72000000000003,307.19999999999999,2.0830000000000002),(594.25999999999999,450.66000000000003,2.0830000000000002),(594.25999999999999,592.08000000000004,3.5830000000000002)),$);
#1870=IFCINDEXEDPOLYGONALFACE((1,2,3,4));
#1871=IFCINDEXEDPOLYGONALFACE((8,7,6,5));
#1872=IFCINDEXEDPOLYGONALFACE((1,5,6,2));
#1873=IFCINDEXEDPOLYGONALFACE((2,6,7,3));
#1874=IFCINDEXEDPOLYGONALFACE((3,7,8,4));
#1875=IFCINDEXEDPOLYGONALFACE((4,8,5,1));
#1876=IFCPOLYGONALFACESET(#1869,.T.,(#1870,#1871,#1872,#1873,#1874,#1875),$);
#1877=IFCSHAPEREPRESENTATION(#11,'Body','Tessellation',(#1876));
#1878=IFCPRODUCTDEFINITIONSHAPE($,$,(#1877));
#1879=IFCCARTESIANPOINT((0.,0.,0.));
#1880=IFCAXIS2PLACEMENT3D(#1879,$,$);
#1881=IFCLOCALPLACEMENT(#69,#1880);
#1882=IFCCOVERING('1TkMCUUgfMs9shkbmK1s86',$,'L/0/0#1',$,'gratschnitt',#1881,#1878,$,$);
#1883=IFCPROPERTYSINGLEVALUE('Stueckart',$,IFCLABEL('gratschnitt'),$);
#1884=IFCPROPERTYSINGLEVALUE('Motiv',$,IFCLABEL('L'),$);
#1885=IFCPROPERTYSINGLEVALUE('Rasterposition',$,IFCLABEL('L/0/0'),$);
#1886=IFCPROPERTYSINGLEVALUE('Gefaelleflaeche',$,IFCLABEL('F1'),$);
#1887=IFCPROPERTYSINGLEVALUE('Rohling',$,IFCLABEL('S60x10#81'),$);
#1888=IFCPROPERTYSINGLEVALUE('Herkunft',$,IFCLABEL('neu'),$);
#1889=IFCPROPERTYSINGLEVALUE('Schnitte',$,IFCINTEGER(2),$);
#1890=IFCPROPERTYSINGLEVALUE('Schnittlaenge',$,IFCREAL(249.69999999999999),$);
#1891=IFCPROPERTYSINGLEVALUE('Schnittarten',$,IFCLABEL('gehrung,gratschnitt'),$);
#1892=IFCPROPERTYSET('3jTsjxOf5HlQ1WJKMT3vBb',$,'HP_Fliesenstueck',$,(#1883,#1884,#1885,#1886,#1887,#1888,#1889,#1890,#1891));
#1893=IFCRELDEFINESBYPROPERTIES('08GO8DR$1Mo8rp7QRdpEl2',$,$,$,(#1882),#1892);
#1894=IFCQUANTITYLENGTH('Width',$,$,9.,$);
#1895=IFCQUANTITYAREA('NetArea',$,$,0.027359999999999999,$);
#1896=IFCELEMENTQUANTITY('3b5UeU7OzN8BHFc7hAcM6X',$,'Qto_CoveringBaseQuantities',$,$,(#1894,#1895));
#1897=IFCRELDEFINESBYPROPERTIES('0TitGZZM9RBxpLtGx9Lmf7',$,$,$,(#1882),#1896);
#1898=IFCCARTESIANPOINTLIST3D(((234.69999999999999,384.19,6.5640000000000001),(234.69999999999999,242.77000000000001,5.0640000000000001),(141.,336.48000000000002,5.0640000000000001),(182.41999999999999,436.48000000000002,6.5640000000000001),(234.69999999999999,384.19,-2.4359999999999999),(234.69999999999999,242.77000000000001,-3.9359999999999999),(141.,336.48000000000002,-3.9359999999999999),(182.41999999999999,436.48000000000002,-2.4359999999999999)),$);
#1899=IFCINDEXEDPOLYGONALFACE((1,2,3,4));
#1900=IFCINDEXEDPOLYGONALFACE((8,7,6,5));
#1901=IFCINDEXEDPOLYGONALFACE((1,5,6,2));
#1902=IFCINDEXEDPOLYGONALFACE((2,6,7,3));
#1903=IFCINDEXEDPOLYGONALFACE((3,7,8,4));
#1904=IFCINDEXEDPOLYGONALFACE((4,8,5,1));
#1905=IFCPOLYGONALFACESET(#1898,.T.,(#1899,#1900,#1901,#1902,#1903,#1904),$);
#1906=IFCSHAPEREPRESENTATION(#11,'Body','Tessellation',(#1905));
#1907=IFCPRODUCTDEFINITIONSHAPE($,$,(#1906));
#1908=IFCCARTESIANPOINT((0.,0.,0.));
#1909=IFCAXIS2PLACEMENT3D(#1908,$,$);
#1910=IFCLOCALPLACEMENT(#69,#1909);
#1911=IFCCOVERING('2p1RLc8z5UZxMEhZnIgo08',$,'L/1/-1#1',$,'gratschnitt',#1910,#1907,$,$);
#1912=IFCPROPERTYSINGLEVALUE('Stueckart',$,IFCLABEL('gratschnitt'),$);
#1913=IFCPROPERTYSINGLEVALUE('Motiv',$,IFCLABEL('L'),$);
#1914=IFCPROPERTYSINGLEVALUE('Rasterposition',$,IFCLABEL('L/1/-1'),$);
#1915=IFCPROPERTYSINGLEVALUE('Gefaelleflaeche',$,IFCLABEL('F1'),$);
#1916=IFCPROPERTYSINGLEVALUE('Rohling',$,IFCLABEL('S60x10#45'),$);
#1917=IFCPROPERTYSINGLEVALUE('Herkunft',$,IFCLABEL('reststueck'),$);
#1918=IFCPROPERTYSINGLEVALUE('Schnitte',$,IFCINTEGER(2),$);
#1919=IFCPROPERTYSINGLEVALUE('Schnittlaenge',$,IFCREAL(249.69999999999999),$);
#1920=IFCPROPERTYSINGLEVALUE('Schnittarten',$,IFCLABEL('gehrung,gratschnitt'),$);
#1921=IFCPROPERTYSET('1qxQd4RP9SkeiX3$6lCxYO',$,'HP_Fliesenstueck',$,(#1912,#1913,#1914,#1915,#1916,#1917,#1918,#1919,#1920));
#1922=IFCRELDEFINESBYPROPERTIES('00rBXKv4bNi9XrJrn5XtFk',$,$,$,(#1911),#1921);
#1923=IFCQUANTITYLENGTH('Width',$,$,9.,$);
#1924=IFCQUANTITYAREA('NetArea',$,$,0.010323000000000001,$);
#1925=IFCELEMENTQUANTITY('1n8zrHe0rVoeTddhosFg5k',$,'Qto_CoveringBaseQuantities',$,$,(#1923,#1924));
#1926=IFCRELDEFINESBYPROPERTIES('17d5SWxkLGDQBu33SJTnSb',$,$,$,(#1911),#1925);
#1927=IFCCARTESIANPOINTLIST3D(((180.12,438.76999999999998,6.5819999999999999),(138.69999999999999,338.76999999999998,5.0819999999999999),(-118.84999999999999,596.33000000000004,8.9450000000000003),(-118.84999999999999,737.75,11.066000000000001),(180.12,438.76999999999998,-2.4180000000000001),(138.69999999999999,338.76999999999998,-3.9180000000000001),(-118.84999999999999,596.33000000000004,-0.054999999999999716),(-118.84999999999999,737.75,2.0660000000000007)),$);
#1928=IFCINDEXEDPOLYGONALFACE((1,2,3,4));
#1929=IFCINDEXEDPOLYGONALFACE((8,7,6,5));
#1930=IFCINDEXEDPOLYGONALFACE((1,5,6,2));
#1931=IFCINDEXEDPOLYGONALFACE((2,6,7,3));
#1932=IFCINDEXEDPOLYGONALFACE((3,7,8,4));
#1933=IFCINDEXEDPOLYGONALFACE((4,8,5,1));
#1934=IFCPOLYGONALFACESET(#1927,.T.,(#1928,#1929,#1930,#1931,#1932,#1933),$);
#1935=IFCSHAPEREPRESENTATION(#11,'Body','Tessellation',(#1934));
#1936=IFCPRODUCTDEFINITIONSHAPE($,$,(#1935));
#1937=IFCCARTESIANPOINT((0.,0.,0.));
#1938=IFCAXIS2PLACEMENT3D(#1937,$,$);
#1939=IFCLOCALPLACEMENT(#69,#1938);
#1940=IFCCOVERING('0ZfB2AewPVzhMJTaL14W$S',$,'L/1/-1#2',$,'gratschnitt',#1939,#1936,$,$);
#1941=IFCPROPERTYSINGLEVALUE('Stueckart',$,IFCLABEL('gratschnitt'),$);
#1942=IFCPROPERTYSINGLEVALUE('Motiv',$,IFCLABEL('L'),$);
#1943=IFCPROPERTYSINGLEVALUE('Rasterposition',$,IFCLABEL('L/1/-1'),$);
#1944=IFCPROPERTYSINGLEVALUE('Gefaelleflaeche',$,IFCLABEL('F2'),$);
#1945=IFCPROPERTYSINGLEVALUE('Rohling',$,IFCLABEL('S60x10#45'),$);
#1946=IFCPROPERTYSINGLEVALUE('Herkunft',$,IFCLABEL('neu'),$);
#1947=IFCPROPERTYSINGLEVALUE('Schnitte',$,IFCINTEGER(2),$);
#1948=IFCPROPERTYSINGLEVALUE('Schnittlaenge',$,IFCREAL(249.69999999999999),$);
#1949=IFCPROPERTYSINGLEVALUE('Schnittarten',$,IFCLABEL('gehrung,gratschnitt'),$);
#1950=IFCPROPERTYSET('2WGVYCHxfGTRs4GoOHAPh0',$,'HP_Fliesenstueck',$,(#1941,#1942,#1943,#1944,#1945,#1946,#1947,#1948,#1949));
#1951=IFCRELDEFINESBYPROPERTIES('386LLQ9BbJ1ONlLG2G825B',$,$,$,(#1940),#1950);
#1952=IFCQUANTITYLENGTH('Width',$,$,9.,$);
#1953=IFCQUANTITYAREA('NetArea',$,$,0.039351999999999998,$);
#1954=IFCELEMENTQUANTITY('2WJxVqSQXTbfzW13j_N8hd',$,'Qto_CoveringBaseQuantities',$,$,(#1952,#1953));
#1955=IFCRELDEFINESBYPROPERTIES('0byB8EjOvMG8WzINzN99WB',$,$,$,(#1940),#1954);
#1956=IFCCARTESIANPOINTLIST3D(((-831.96000000000004,737.75,16.649000000000001),(-478.39999999999998,384.19,9.1489999999999991),(-478.39999999999998,242.77000000000001,7.649),(-831.96000000000004,596.33000000000004,15.148999999999999),(-831.96000000000004,737.75,7.6490000000000009),(-478.39999999999998,384.19,0.14899999999999913),(-478.39999999999998,242.77000000000001,-1.351),(-831.96000000000004,596.33000000000004,6.1489999999999991)),$);
#1957=IFCINDEXEDPOLYGONALFACE((1,2,3,4));
#1958=IFCINDEXEDPOLYGONALFACE((8,7,6,5));
#1959=IFCINDEXEDPOLYGONALFACE((1,5,6,2));
#1960=IFCINDEXEDPOLYGONALFACE((2,6,7,3));
#1961=IFCINDEXEDPOLYGONALFACE((3,7,8,4));
#1962=IFCINDEXEDPOLYGONALFACE((4,8,5,1));
#1963=IFCPOLYGONALFACESET(#1956,.T.,(#1957,#1958,#1959,#1960,#1961,#1962),$);
#1964=IFCSHAPEREPRESENTATION(#11,'Body','Tessellation',(#1963));
#1965=IFCPRODUCTDEFINITIONSHAPE($,$,(#1964));
#1966=IFCCARTESIANPOINT((0.,0.,0.));
#1967=IFCAXIS2PLACEMENT3D(#1966,$,$);
#1968=IFCLOCALPLACEMENT(#69,#1967);
#1969=IFCCOVERING('0fKyYnAyzTphOyP7tmWdJo',$,'L/1/-2#3',$,'gehrung',#1968,#1965,$,$);
#1970=IFCPROPERTYSINGLEVALUE('Stueckart',$,IFCLABEL('gehrung'),$);
#1971=IFCPROPERTYSINGLEVALUE('Motiv',$,IFCLABEL('L'),$);
#1972=IFCPROPERTYSINGLEVALUE('Rasterposition',$,IFCLABEL('L/1/-2'),$);
#1973=IFCPROPERTYSINGLEVALUE('Gefaelleflaeche',$,IFCLABEL('F3'),$);
#1974=IFCPROPERTYSINGLEVALUE('Rohling',$,IFCLABEL('S60x10#7'),$);
#1975=IFCPROPERTYSINGLEVALUE('Herkunft',$,IFCLABEL('neu'),$);
#1976=IFCPROPERTYSINGLEVALUE('Schnitte',$,IFCINTEGER(2),$);
#1977=IFCPROPERTYSINGLEVALUE('Schnittlaenge',$,IFCREAL(282.80000000000001),$);
#1978=IFCPROPERTYSINGLEVALUE('Schnittarten',$,IFCLABEL('gehrung'),$);
#1979=IFCPROPERTYSET('1HSeKUUbbMbggd4esIweoA',$,'HP_Fliesenstueck',$,(#1970,#1971,#1972,#1973,#1974,#1975,#1976,#1977,#1978));
#1980=IFCRELDEFINESBYPROPERTIES('3nbC6oI65IVfdli98xJb9Q',$,$,$,(#1969),#1979);
#1981=IFCQUANTITYLENGTH('Width',$,$,9.,$);
#1982=IFCQUANTITYAREA('NetArea',$,$,0.050000000000000003,$);
#1983=IFCELEMENTQUANTITY('0QxQbMOs9QBBDwhsVh3_st',$,'Qto_CoveringBaseQuantities',$,$,(#1981,#1982));
#1984=IFCRELDEFINESBYPROPERTIES('3VCxWg8jfPCgHWgIVawiGY',$,$,$,(#1969),#1983);
#1985=IFCCARTESIANPOINTLIST3D(((947.80999999999995,384.19,14.217000000000001),(947.80999999999995,242.77000000000001,14.217000000000001),(843.01999999999998,347.56999999999999,12.645),(943.01999999999998,388.99000000000001,14.145),(947.80999999999995,384.19,5.2170000000000005),(947.80999999999995,242.77000000000001,5.2170000000000005),(843.01999999999998,347.56999999999999,3.6449999999999996),(943.01999999999998,388.99000000000001,5.1449999999999996)),$);
#1986=IFCINDEXEDPOLYGONALFACE((1,2,3,4));
#1987=IFCINDEXEDPOLYGONALFACE((8,7,6,5));
#1988=IFCINDEXEDPOLYGONALFACE((1,5,6,2));
#1989=IFCINDEXEDPOLYGONALFACE((2,6,7,3));
#1990=IFCINDEXEDPOLYGONALFACE((3,7,8,4));
#1991=IFCINDEXEDPOLYGONALFACE((4,8,5,1));
#1992=IFCPOLYGONALFACESET(#1985,.T.,(#1986,#1987,#1988,#1989,#1990,#1991),$);
#1993=IFCSHAPEREPRESENTATION(#11,'Body','Tessellation',(#1992));
#1994=IFCPRODUCTDEFINITIONSHAPE($,$,(#1993));
#1995=IFCCARTESIANPOINT((0.,0.,0.));
#1996=IFCAXIS2PLACEMENT3D(#1995,$,$);
#1997=IFCLOCALPLACEMENT(#69,#1996);
#1998=IFCCOVERING('3xDr$qzkPJ1AYYd5YvFAUA',$,'L/1/0#0',$,'gratschnitt',#1997,#1994,$,$);
#1999=IFCPROPERTYSINGLEVALUE('Stueckart',$,IFCLABEL('gratschnitt'),$);
#2000=IFCPROPERTYSINGLEVALUE('Motiv',$,IFCLABEL('L'),$);
#2001=IFCPROPERTYSINGLEVALUE('Rasterposition',$,IFCLABEL('L/1/0'),$);
#2002=IFCPROPERTYSINGLEVALUE('Gefaelleflaeche',$,IFCLABEL('F0'),$);
#2003=IFCPROPERTYSINGLEVALUE('Rohling',$,IFCLABEL('S60x10#41'),$);
#2004=IFCPROPERTYSINGLEVALUE('Herkunft',$,IFCLABEL('reststueck'),$);
#2005=IFCPROPERTYSINGLEVALUE('Schnitte',$,IFCINTEGER(2),$);
#2006=IFCPROPERTYSINGLEVALUE('Schnittlaenge',$,IFCREAL(249.69999999999999),$);
#2007=IFCPROPERTYSINGLEVALUE('Schnittarten',$,IFCLABEL('gehrung,gratschnitt'),$);
#2008=IFCPROPERTYSET('0$om5LbWDLSeTEM_C2mkx$',$,'HP_Fliesenstueck',$,(#1999,#2000,#2001,#2002,#2003,#2004,#2005,#2006,#2007));
#2009=IFCRELDEFINESBYPROPERTIES('0QJ5RoyyPPBQvQVkVuSU3S',$,$,$,(#1998),#2008);
#2010=IFCQUANTITYLENGTH('Width',$,$,9.,$);
#2011=IFCQUANTITYAREA('NetArea',$,$,0.0077489999999999998,$);
#2012=IFCELEMENTQUANTITY('3rV$A1dwHOoBjLBXU0ol0G',$,'Qto_CoveringBaseQuantities',$,$,(#2010,#2011));
#2013=IFCRELDEFINESBYPROPERTIES('2NbFQ09X9Qxf0X0TS_R3rh',$,$,$,(#1998),#2012);
#2014=IFCCARTESIANPOINTLIST3D(((940.72000000000003,391.27999999999997,14.128),(840.72000000000003,349.86000000000001,12.628),(594.25999999999999,596.33000000000004,12.628),(594.25999999999999,737.75,14.128),(940.72000000000003,391.27999999999997,5.1280000000000001),(840.72000000000003,349.86000000000001,3.6280000000000001),(594.25999999999999,596.33000000000004,3.6280000000000001),(594.25999999999999,737.75,5.1280000000000001)),$);
#2015=IFCINDEXEDPOLYGONALFACE((1,2,3,4));
#2016=IFCINDEXEDPOLYGONALFACE((8,7,6,5));
#2017=IFCINDEXEDPOLYGONALFACE((1,5,6,2));
#2018=IFCINDEXEDPOLYGONALFACE((2,6,7,3));
#2019=IFCINDEXEDPOLYGONALFACE((3,7,8,4));
#2020=IFCINDEXEDPOLYGONALFACE((4,8,5,1));
#2021=IFCPOLYGONALFACESET(#2014,.T.,(#2015,#2016,#2017,#2018,#2019,#2020),$);
#2022=IFCSHAPEREPRESENTATION(#11,'Body','Tessellation',(#2021));
#2023=IFCPRODUCTDEFINITIONSHAPE($,$,(#2022));
#2024=IFCCARTESIANPOINT((0.,0.,0.));
#2025=IFCAXIS2PLACEMENT3D(#2024,$,$);
#2026=IFCLOCALPLACEMENT(#69,#2025);
#2027=IFCCOVERING('0KnkJ2qdHJHO__efxVtOl$',$,'L/1/0#1',$,'gratschnitt',#2026,#2023,$,$);
#2028=IFCPROPERTYSINGLEVALUE('Stueckart',$,IFCLABEL('gratschnitt'),$);
#2029=IFCPROPERTYSINGLEVALUE('Motiv',$,IFCLABEL('L'),$);
#2030=IFCPROPERTYSINGLEVALUE('Rasterposition',$,IFCLABEL('L/1/0'),$);
#2031=IFCPROPERTYSINGLEVALUE('Gefaelleflaeche',$,IFCLABEL('F1'),$);
#2032=IFCPROPERTYSINGLEVALUE('Rohling',$,IFCLABEL('S60x10#41'),$);
#2033=IFCPROPERTYSINGLEVALUE('Herkunft',$,IFCLABEL('neu'),$);
#2034=IFCPROPERTYSINGLEVALUE('Schnitte',$,IFCINTEGER(2),$);
#2035=IFCPROPERTYSINGLEVALUE('Schnittlaenge',$,IFCREAL(249.69999999999999),$);
#2036=IFCPROPERTYSINGLEVALUE('Schnittarten',$,IFCLABEL('gehrung,gratschnitt'),$);
#2037=IFCPROPERTYSET('1RtoP5DrbIBBhio$bp7ntp',$,'HP_Fliesenstueck',$,(#2028,#2029,#2030,#2031,#2032,#2033,#2034,#2035,#2036));
#2038=IFCRELDEFINESBYPROPERTIES('3nXkTBn$bIwOdazmFcFjx0',$,$,$,(#2027),#2037);
#2039=IFCQUANTITYLENGTH('Width',$,$,9.,$);
#2040=IFCQUANTITYAREA('NetArea',$,$,0.041926999999999999,$);
#2041=IFCELEMENTQUANTITY('0k0vDSSorU3OPcOv6zJkNf',$,'Qto_CoveringBaseQuantities',$,$,(#2039,#2040));
#2042=IFCRELDEFINESBYPROPERTIES('1aiZotRoLV_emRIRGZSAwK',$,$,$,(#2027),#2041);
#2043=IFCCARTESIANPOINTLIST3D(((234.69999999999999,529.86000000000001,8.109),(234.69999999999999,388.44,6.609),(183.66,439.48000000000002,6.609),(225.08000000000001,539.48000000000002,8.109),(234.69999999999999,529.86000000000001,-0.89100000000000001),(234.69999999999999,388.44,-2.391),(183.66,439.48000000000002,-2.391),(225.08000000000001,539.48000000000002,-0.89100000000000001)),$);
#2044=IFCINDEXEDPOLYGONALFACE((1,2,3,4));
#2045=IFCINDEXEDPOLYGONALFACE((8,7,6,5));
#2046=IFCINDEXEDPOLYGONALFACE((1,5,6,2));
#2047=IFCINDEXEDPOLYGONALFACE((2,6,7,3));
#2048=IFCINDEXEDPOLYGONALFACE((3,7,8,4));
#2049=IFCINDEXEDPOLYGONALFACE((4,8,5,1));
#2050=IFCPOLYGONALFACESET(#2043,.T.,(#2044,#2045,#2046,#2047,#2048,#2049),$);
#2051=IFCSHAPEREPRESENTATION(#11,'Body','Tessellation',(#2050));
#2052=IFCPRODUCTDEFINITIONSHAPE($,$,(#2051));
#2053=IFCCARTESIANPOINT((0.,0.,0.));
#2054=IFCAXIS2PLACEMENT3D(#2053,$,$);
#2055=IFCLOCALPLACEMENT(#69,#2054);
#2056=IFCCOVERING('0J7YWSV$fUtBG_lmgOLFOM',$,'L/2/-1#1',$,'gratschnitt',#2055,#2052,$,$);
#2057=IFCPROPERTYSINGLEVALUE('Stueckart',$,IFCLABEL('gratschnitt'),$);
#2058=IFCPROPERTYSINGLEVALUE('Motiv',$,IFCLABEL('L'),$);
#2059=IFCPROPERTYSINGLEVALUE('Rasterposition',$,IFCLABEL('L/2/-1'),$);
#2060=IFCPROPERTYSINGLEVALUE('Gefaelleflaeche',$,IFCLABEL('F1'),$);
#2061=IFCPROPERTYSINGLEVALUE('Rohling',$,IFCLABEL('S60x10#30'),$);
#2062=IFCPROPERTYSINGLEVALUE('Herkunft',$,IFCLABEL('reststueck'),$);
#2063=IFCPROPERTYSINGLEVALUE('Schnitte',$,IFCINTEGER(2),$);
#2064=IFCPROPERTYSINGLEVALUE('Schnittlaenge',$,IFCREAL(249.69999999999999),$);
#2065=IFCPROPERTYSINGLEVALUE('Schnittarten',$,IFCLABEL('gehrung,gratschnitt'),$);
#2066=IFCPROPERTYSET('2BjCJ51kDInBjxp7iicFGE',$,'HP_Fliesenstueck',$,(#2057,#2058,#2059,#2060,#2061,#2062,#2063,#2064,#2065));
#2067=IFCRELDEFINESBYPROPERTIES('396ZrBT51LmRsRMrhTcmvp',$,$,$,(#2056),#2066);
#2068=IFCQUANTITYLENGTH('Width',$,$,9.,$);
#2069=IFCQUANTITYAREA('NetArea',$,$,0.0042890000000000003,$);
#2070=IFCELEMENTQUANTITY('3ooQyeGJTKSQp6zQI0HrsI',$,'Qto_CoveringBaseQuantities',$,$,(#2068,#2069));
#2071=IFCRELDEFINESBYPROPERTIES('3uv$kvsq1L78MxoLu6$ez3',$,$,$,(#2056),#2070);
#2072=IFCCARTESIANPOINTLIST3D(((222.78999999999999,541.76999999999998,8.1270000000000007),(181.37,441.76999999999998,6.6269999999999998),(-118.84999999999999,741.99000000000001,11.130000000000001),(-118.84999999999999,883.40999999999997,13.250999999999999),(222.78999999999999,541.76999999999998,-0.87299999999999933),(181.37,441.76999999999998,-2.3730000000000002),(-118.84999999999999,741.99000000000001,2.1300000000000008),(-118.84999999999999,883.40999999999997,4.2509999999999994)),$);
#2073=IFCINDEXEDPOLYGONALFACE((1,2,3,4));
#2074=IFCINDEXEDPOLYGONALFACE((8,7,6,5));
#2075=IFCINDEXEDPOLYGONALFACE((1,5,6,2));
#2076=IFCINDEXEDPOLYGONALFACE((2,6,7,3));
#2077=IFCINDEXEDPOLYGONALFACE((3,7,8,4));
#2078=IFCINDEXEDPOLYGONALFACE((4,8,5,1));
#2079=IFCPOLYGONALFACESET(#2072,.T.,(#2073,#2074,#2075,#2076,#2077,#2078),$);
#2080=IFCSHAPEREPRESENTATION(#11,'Body','Tessellation',(#2079));
#2081=IFCPRODUCTDEFINITIONSHAPE($,$,(#2080));
#2082=IFCCARTESIANPOINT((0.,0.,0.));
#2083=IFCAXIS2PLACEMENT3D(#2082,$,$);
#2084=IFCLOCALPLACEMENT(#69,#2083);
#2085=IFCCOVERING('2OfY1_f_rT1PAjJiwUZlAO',$,'L/2/-1#2',$,'gratschnitt',#2084,#2081,$,$);
#2086=IFCPROPERTYSINGLEVALUE('Stueckart',$,IFCLABEL('gratschnitt'),$);
#2087=IFCPROPERTYSINGLEVALUE('Motiv',$,IFCLABEL('L'),$);
#2088=IFCPROPERTYSINGLEVALUE('Rasterposition',$,IFCLABEL('L/2/-1'),$);
#2089=IFCPROPERTYSINGLEVALUE('Gefaelleflaeche',$,IFCLABEL('F2'),$);
#2090=IFCPROPERTYSINGLEVALUE('Rohling',$,IFCLABEL('S60x10#30'),$);
#2091=IFCPROPERTYSINGLEVALUE('Herkunft',$,IFCLABEL('neu'),$);
#2092=IFCPROPERTYSINGLEVALUE('Schnitte',$,IFCINTEGER(2),$);
#2093=IFCPROPERTYSINGLEVALUE('Schnittlaenge',$,IFCREAL(249.69999999999999),$);
#2094=IFCPROPERTYSINGLEVALUE('Schnittarten',$,IFCLABEL('gehrung,gratschnitt'),$);
#2095=IFCPROPERTYSET('2KHh6SxlnSvPHZXRToqw$V',$,'HP_Fliesenstueck',$,(#2086,#2087,#2088,#2089,#2090,#2091,#2092,#2093,#2094));
#2096=IFCRELDEFINESBYPROPERTIES('2PjTFPklnLyRyGCk_TMEZ1',$,$,$,(#2085),#2095);
#2097=IFCQUANTITYLENGTH('Width',$,$,9.,$);
#2098=IFCQUANTITYAREA('NetArea',$,$,0.045386000000000003,$);
#2099=IFCELEMENTQUANTITY('3OmO_Mn4PGwgg4mfZ3jjlA',$,'Qto_CoveringBaseQuantities',$,$,(#2097,#2098));
#2100=IFCRELDEFINESBYPROPERTIES('3dAbMFYmDMzAJtT7H52sXA',$,$,$,(#2085),#2099);
#2101=IFCCARTESIANPOINTLIST3D(((-478.39999999999998,529.86000000000001,10.694000000000001),(-478.39999999999998,388.44,9.1940000000000008),(-831.96000000000004,741.99000000000001,16.693999999999999),(-831.96000000000004,860.86000000000001,17.954999999999998),(-820.67999999999995,872.13,17.954999999999998),(-478.39999999999998,529.86000000000001,1.6940000000000008),(-478.39999999999998,388.44,0.19400000000000084),(-831.96000000000004,741.99000000000001,7.6939999999999991),(-831.96000000000004,860.86000000000001,8.9549999999999983),(-820.67999999999995,872.13,8.9549999999999983)),$);
#2102=IFCINDEXEDPOLYGONALFACE((1,2,3,4,5));
#2103=IFCINDEXEDPOLYGONALFACE((10,9,8,7,6));
#2104=IFCINDEXEDPOLYGONALFACE((1,6,7,2));
#2105=IFCINDEXEDPOLYGONALFACE((2,7,8,3));
#2106=IFCINDEXEDPOLYGONALFACE((3,8,9,4));
#2107=IFCINDEXEDPOLYGONALFACE((4,9,10,5));
#2108=IFCINDEXEDPOLYGONALFACE((5,10,6,1));
#2109=IFCPOLYGONALFACESET(#2101,.T.,(#2102,#2103,#2104,#2105,#2106,#2107,#2108),$);
#2110=IFCSHAPEREPRESENTATION(#11,'Body','Tessellation',(#2109));
#2111=IFCPRODUCTDEFINITIONSHAPE($,$,(#2110));
#2112=IFCCARTESIANPOINT((0.,0.,0.));
#2113=IFCAXIS2PLACEMENT3D(#2112,$,$);
#2114=IFCLOCALPLACEMENT(#69,#2113);
#2115=IFCCOVERING('04QvOnJMLSNw5JfzTiCRY4',$,'L/2/-2#3',$,'gehrung',#2114,#2111,$,$);
#2116=IFCPROPERTYSINGLEVALUE('Stueckart',$,IFCLABEL('gehrung'),$);
#2117=IFCPROPERTYSINGLEVALUE('Motiv',$,IFCLABEL('L'),$);
#2118=IFCPROPERTYSINGLEVALUE('Rasterposition',$,IFCLABEL('L/2/-2'),$);
#2119=IFCPROPERTYSINGLEVALUE('Gefaelleflaeche',$,IFCLABEL('F3'),$);
#2120=IFCPROPERTYSINGLEVALUE('Rohling',$,IFCLABEL('S60x10#19'),$);
#2121=IFCPROPERTYSINGLEVALUE('Herkunft',$,IFCLABEL('neu'),$);
#2122=IFCPROPERTYSINGLEVALUE('Schnitte',$,IFCINTEGER(3),$);
#2123=IFCPROPERTYSINGLEVALUE('Schnittlaenge',$,IFCREAL(276.19999999999999),$);
#2124=IFCPROPERTYSINGLEVALUE('Schnittarten',$,IFCLABEL('gerade,gehrung'),$);
#2125=IFCPROPERTYSET('3GR2x2$HvG2w3XCqLK7K2g',$,'HP_Fliesenstueck',$,(#2116,#2117,#2118,#2119,#2120,#2121,#2122,#2123,#2124));
#2126=IFCRELDEFINESBYPROPERTIES('2106BLnzDLL9sxwp1vOyyV',$,$,$,(#2115),#2125);
#2127=IFCQUANTITYLENGTH('Width',$,$,9.,$);
#2128=IFCQUANTITYAREA('NetArea',$,$,0.049873000000000001,$);
#2129=IFCELEMENTQUANTITY('3XYmdrImvIKhPA5kz1ooQv',$,'Qto_CoveringBaseQuantities',$,$,(#2127,#2128));
#2130=IFCRELDEFINESBYPROPERTIES('23ymj4O_bVn9BXGON2XhI4',$,$,$,(#2115),#2129);
#2131=IFCCARTESIANPOINTLIST3D(((947.80999999999995,529.86000000000001,15.673),(947.80999999999995,394.22000000000003,14.234),(943.72000000000003,392.52999999999997,14.173),(594.25999999999999,741.99000000000001,14.173),(594.25999999999999,883.40999999999997,15.673),(947.80999999999995,529.86000000000001,6.673),(947.80999999999995,394.22000000000003,5.234),(943.72000000000003,392.52999999999997,5.173),(594.25999999999999,741.99000000000001,5.173),(594.25999999999999,883.40999999999997,6.673)),$);
#2132=IFCINDEXEDPOLYGONALFACE((1,2,3,4,5));
#2133=IFCINDEXEDPOLYGONALFACE((10,9,8,7,6));
#2134=IFCINDEXEDPOLYGONALFACE((1,6,7,2));
#2135=IFCINDEXEDPOLYGONALFACE((2,7,8,3));
#2136=IFCINDEXEDPOLYGONALFACE((3,8,9,4));
#2137=IFCINDEXEDPOLYGONALFACE((4,9,10,5));
#2138=IFCINDEXEDPOLYGONALFACE((5,10,6,1));
#2139=IFCPOLYGONALFACESET(#2131,.T.,(#2132,#2133,#2134,#2135,#2136,#2137,#2138),$);
#2140=IFCSHAPEREPRESENTATION(#11,'Body','Tessellation',(#2139));
#2141=IFCPRODUCTDEFINITIONSHAPE($,$,(#2140));
#2142=IFCCARTESIANPOINT((0.,0.,0.));
#2143=IFCAXIS2PLACEMENT3D(#2142,$,$);
#2144=IFCLOCALPLACEMENT(#69,#2143);
#2145=IFCCOVERING('0G55_OBynS0vEDN8y09BBw',$,'L/2/0#1',$,'gratschnitt',#2144,#2141,$,$);
#2146=IFCPROPERTYSINGLEVALUE('Stueckart',$,IFCLABEL('gratschnitt'),$);
#2147=IFCPROPERTYSINGLEVALUE('Motiv',$,IFCLABEL('L'),$);
#2148=IFCPROPERTYSINGLEVALUE('Rasterposition',$,IFCLABEL('L/2/0'),$);
#2149=IFCPROPERTYSINGLEVALUE('Gefaelleflaeche',$,IFCLABEL('F1'),$);
#2150=IFCPROPERTYSINGLEVALUE('Rohling',$,IFCLABEL('S60x10#18'),$);
#2151=IFCPROPERTYSINGLEVALUE('Herkunft',$,IFCLABEL('neu'),$);
#2152=IFCPROPERTYSINGLEVALUE('Schnitte',$,IFCINTEGER(3),$);
#2153=IFCPROPERTYSINGLEVALUE('Schnittlaenge',$,IFCREAL(281.5),$);
#2154=IFCPROPERTYSINGLEVALUE('Schnittarten',$,IFCLABEL('gehrung,gratschnitt'),$);
#2155=IFCPROPERTYSET('2LbTM3L1jKWAw0vXoLlz1J',$,'HP_Fliesenstueck',$,(#2146,#2147,#2148,#2149,#2150,#2151,#2152,#2153,#2154));
#2156=IFCRELDEFINESBYPROPERTIES('1Nps4VRw1LpBwSYctFKoqT',$,$,$,(#2145),#2155);
#2157=IFCQUANTITYLENGTH('Width',$,$,9.,$);
#2158=IFCQUANTITYAREA('NetArea',$,$,0.049987999999999998,$);
#2159=IFCELEMENTQUANTITY('2e3e62_nfT5gIXVk0Z7wW2',$,'Qto_CoveringBaseQuantities',$,$,(#2157,#2158));
#2160=IFCRELDEFINESBYPROPERTIES('3CjrMjY0XUPArWreQuA2gC',$,$,$,(#2145),#2159);
#2161=IFCCARTESIANPOINTLIST3D(((234.69999999999999,534.10000000000002,8.1539999999999999),(226.33000000000001,542.48000000000002,8.1539999999999999),(234.69999999999999,562.70000000000005,8.4580000000000002),(234.69999999999999,534.10000000000002,-0.84600000000000009),(226.33000000000001,542.48000000000002,-0.84600000000000009),(234.69999999999999,562.70000000000005,-0.54199999999999982)),$);
#2162=IFCINDEXEDPOLYGONALFACE((1,2,3));
#2163=IFCINDEXEDPOLYGONALFACE((6,5,4));
#2164=IFCINDEXEDPOLYGONALFACE((1,4,5,2));
#2165=IFCINDEXEDPOLYGONALFACE((2,5,6,3));
#2166=IFCINDEXEDPOLYGONALFACE((3,6,4,1));
#2167=IFCPOLYGONALFACESET(#2161,.T.,(#2162,#2163,#2164,#2165,#2166),$);
#2168=IFCSHAPEREPRESENTATION(#11,'Body','Tessellation',(#2167));
#2169=IFCPRODUCTDEFINITIONSHAPE($,$,(#2168));
#2170=IFCCARTESIANPOINT((0.,0.,0.));
#2171=IFCAXIS2PLACEMENT3D(#2170,$,$);
#2172=IFCLOCALPLACEMENT(#69,#2171);
#2173=IFCCOVERING('2bkus2wQjN4wJmEXapC5gB',$,'L/3/-1#1',$,'gratschnitt',#2172,#2169,$,$);
#2174=IFCPROPERTYSINGLEVALUE('Stueckart',$,IFCLABEL('gratschnitt'),$);
#2175=IFCPROPERTYSINGLEVALUE('Motiv',$,IFCLABEL('L'),$);
#2176=IFCPROPERTYSINGLEVALUE('Rasterposition',$,IFCLABEL('L/3/-1'),$);
#2177=IFCPROPERTYSINGLEVALUE('Gefaelleflaeche',$,IFCLABEL('F1'),$);
#2178=IFCPROPERTYSINGLEVALUE('Rohling',$,IFCLABEL('S60x10#10'),$);
#2179=IFCPROPERTYSINGLEVALUE('Herkunft',$,IFCLABEL('reststueck'),$);
#2180=IFCPROPERTYSINGLEVALUE('Schnitte',$,IFCINTEGER(2),$);
#2181=IFCPROPERTYSINGLEVALUE('Schnittlaenge',$,IFCREAL(50.5),$);
#2182=IFCPROPERTYSINGLEVALUE('Schnittarten',$,IFCLABEL('gehrung,gratschnitt'),$);
#2183=IFCPROPERTYSET('08pFNhPgDTlw3FlHY4S05R',$,'HP_Fliesenstueck',$,(#2174,#2175,#2176,#2177,#2178,#2179,#2180,#2181,#2182));
#2184=IFCRELDEFINESBYPROPERTIES('0scc$sS61QSQORRhginJVS',$,$,$,(#2173),#2183);
#2185=IFCQUANTITYLENGTH('Width',$,$,9.,$);
#2186=IFCQUANTITYAREA('NetArea',$,$,0.00012,$);
#2187=IFCELEMENTQUANTITY('0XniO0ksLUYQRH6nAdFcRh',$,'Qto_CoveringBaseQuantities',$,$,(#2185,#2186));
#2188=IFCRELDEFINESBYPROPERTIES('0_9Hi5dUnUievUEcm3bluY',$,$,$,(#2173),#2187);
#2189=IFCCARTESIANPOINTLIST3D(((234.69999999999999,675.51999999999998,10.132999999999999),(234.69999999999999,570.53999999999996,8.5579999999999998),(224.03,544.76999999999998,8.1720000000000006),(-118.84999999999999,887.64999999999998,13.315),(-118.84999999999999,1029.0799999999999,15.436),(234.69999999999999,675.51999999999998,1.1329999999999991),(234.69999999999999,570.53999999999996,-0.44200000000000017),(224.03,544.76999999999998,-0.8279999999999994),(-118.84999999999999,887.64999999999998,4.3149999999999995),(-118.84999999999999,1029.0799999999999,6.4359999999999999)),$);
#2190=IFCINDEXEDPOLYGONALFACE((1,2,3,4,5));
#2191=IFCINDEXEDPOLYGONALFACE((10,9,8,7,6));
#2192=IFCINDEXEDPOLYGONALFACE((1,6,7,2));
#2193=IFCINDEXEDPOLYGONALFACE((2,7,8,3));
#2194=IFCINDEXEDPOLYGONALFACE((3,8,9,4));
#2195=IFCINDEXEDPOLYGONALFACE((4,9,10,5));
#2196=IFCINDEXEDPOLYGONALFACE((5,10,6,1));
#2197=IFCPOLYGONALFACESET(#2189,.T.,(#2190,#2191,#2192,#2193,#2194,#2195,#2196),$);
#2198=IFCSHAPEREPRESENTATION(#11,'Body','Tessellation',(#2197));
#2199=IFCPRODUCTDEFINITIONSHAPE($,$,(#2198));
#2200=IFCCARTESIANPOINT((0.,0.,0.));
#2201=IFCAXIS2PLACEMENT3D(#2200,$,$);
#2202=IFCLOCALPLACEMENT(#69,#2201);
#2203=IFCCOVERING('3KB6LKi3vJHA55IrAhQa$l',$,'L/3/-1#2',$,'gratschnitt',#2202,#2199,$,$);
#2204=IFCPROPERTYSINGLEVALUE('Stueckart',$,IFCLABEL('gratschnitt'),$);
#2205=IFCPROPERTYSINGLEVALUE('Motiv',$,IFCLABEL('L'),$);
#2206=IFCPROPERTYSINGLEVALUE('Rasterposition',$,IFCLABEL('L/3/-1'),$);
#2207=IFCPROPERTYSINGLEVALUE('Gefaelleflaeche',$,IFCLABEL('F2'),$);
#2208=IFCPROPERTYSINGLEVALUE('Rohling',$,IFCLABEL('S60x10#21'),$);
#2209=IFCPROPERTYSINGLEVALUE('Herkunft',$,IFCLABEL('neu'),$);
#2210=IFCPROPERTYSINGLEVALUE('Schnitte',$,IFCINTEGER(3),$);
#2211=IFCPROPERTYSINGLEVALUE('Schnittlaenge',$,IFCREAL(274.30000000000001),$);
#2212=IFCPROPERTYSINGLEVALUE('Schnittarten',$,IFCLABEL('gehrung,gratschnitt'),$);
#2213=IFCPROPERTYSET('2t21s1TIHQZhv6axfGdVso',$,'HP_Fliesenstueck',$,(#2204,#2205,#2206,#2207,#2208,#2209,#2210,#2211,#2212));
#2214=IFCRELDEFINESBYPROPERTIES('18hjusvUzRjQEegZgoKuj9',$,$,$,(#2203),#2213);
#2215=IFCQUANTITYLENGTH('Width',$,$,9.,$);
#2216=IFCQUANTITYAREA('NetArea',$,$,0.049806000000000003,$);
#2217=IFCELEMENTQUANTITY('3Go0YUlxzRrvefs$wleLeu',$,'Qto_CoveringBaseQuantities',$,$,(#2215,#2216));
#2218=IFCRELDEFINESBYPROPERTIES('38XravuSzOefxvCOl4e5Pm',$,$,$,(#2203),#2217);
#2219=IFCCARTESIANPOINTLIST3D(((-478.39999999999998,675.51999999999998,12.239000000000001),(-478.39999999999998,534.10000000000002,10.739000000000001),(-818.55999999999995,874.25999999999999,17.954999999999998),(-747.85000000000002,944.97000000000003,17.954999999999998),(-478.39999999999998,675.51999999999998,3.2390000000000008),(-478.39999999999998,534.10000000000002,1.7390000000000008),(-818.55999999999995,874.25999999999999,8.9549999999999983),(-747.85000000000002,944.97000000000003,8.9549999999999983)),$);
#2220=IFCINDEXEDPOLYGONALFACE((1,2,3,4));
#2221=IFCINDEXEDPOLYGONALFACE((8,7,6,5));
#2222=IFCINDEXEDPOLYGONALFACE((1,5,6,2));
#2223=IFCINDEXEDPOLYGONALFACE((2,6,7,3));
#2224=IFCINDEXEDPOLYGONALFACE((3,7,8,4));
#2225=IFCINDEXEDPOLYGONALFACE((4,8,5,1));
#2226=IFCPOLYGONALFACESET(#2219,.T.,(#2220,#2221,#2222,#2223,#2224,#2225),$);
#2227=IFCSHAPEREPRESENTATION(#11,'Body','Tessellation',(#2226));
#2228=IFCPRODUCTDEFINITIONSHAPE($,$,(#2227));
#2229=IFCCARTESIANPOINT((0.,0.,0.));
#2230=IFCAXIS2PLACEMENT3D(#2229,$,$);
#2231=IFCLOCALPLACEMENT(#69,#2230);
#2232=IFCCOVERING('00E3T2mZvM7u1BOuX9npP3',$,'L/3/-2#3',$,'gehrung',#2231,#2228,$,$);
#2233=IFCPROPERTYSINGLEVALUE('Stueckart',$,IFCLABEL('gehrung'),$);
#2234=IFCPROPERTYSINGLEVALUE('Motiv',$,IFCLABEL('L'),$);
#2235=IFCPROPERTYSINGLEVALUE('Rasterposition',$,IFCLABEL('L/3/-2'),$);
#2236=IFCPROPERTYSINGLEVALUE('Gefaelleflaeche',$,IFCLABEL('F3'),$);
#2237=IFCPROPERTYSINGLEVALUE('Rohling',$,IFCLABEL('S60x10#36'),$);
#2238=IFCPROPERTYSINGLEVALUE('Herkunft',$,IFCLABEL('neu'),$);
#2239=IFCPROPERTYSINGLEVALUE('Schnitte',$,IFCINTEGER(2),$);
#2240=IFCPROPERTYSINGLEVALUE('Schnittlaenge',$,IFCREAL(241.40000000000001),$);
#2241=IFCPROPERTYSINGLEVALUE('Schnittarten',$,IFCLABEL('gerade,gehrung'),$);
#2242=IFCPROPERTYSET('35e_STki1KlBIlY9iIGV86',$,'HP_Fliesenstueck',$,(#2233,#2234,#2235,#2236,#2237,#2238,#2239,#2240,#2241));
#2243=IFCRELDEFINESBYPROPERTIES('3AusHQ9OXHWwDgzELGx0LI',$,$,$,(#2232),#2242);
#2244=IFCQUANTITYLENGTH('Width',$,$,9.,$);
#2245=IFCQUANTITYAREA('NetArea',$,$,0.043104999999999997,$);
#2246=IFCELEMENTQUANTITY('1angQWJyLGe9PQTiamLigk',$,'Qto_CoveringBaseQuantities',$,$,(#2244,#2245));
#2247=IFCRELDEFINESBYPROPERTIES('2HUaozgHzMJwe2OnXCA167',$,$,$,(#2232),#2246);
#2248=IFCCARTESIANPOINTLIST3D(((594.25999999999999,1029.0799999999999,17.218),(947.80999999999995,675.51999999999998,17.218),(947.80999999999995,534.10000000000002,15.718),(594.25999999999999,887.64999999999998,15.718),(594.25999999999999,1029.0799999999999,8.218),(947.80999999999995,675.51999999999998,8.218),(947.80999999999995,534.10000000000002,6.718),(594.25999999999999,887.64999999999998,6.718)),$);
#2249=IFCINDEXEDPOLYGONALFACE((1,2,3,4));
#2250=IFCINDEXEDPOLYGONALFACE((8,7,6,5));
#2251=IFCINDEXEDPOLYGONALFACE((1,5,6,2));
#2252=IFCINDEXEDPOLYGONALFACE((2,6,7,3));
#2253=IFCINDEXEDPOLYGONALFACE((3,7,8,4));
#2254=IFCINDEXEDPOLYGONALFACE((4,8,5,1));
#2255=IFCPOLYGONALFACESET(#2248,.T.,(#2249,#2250,#2251,#2252,#2253,#2254),$);
#2256=IFCSHAPEREPRESENTATION(#11,'Body','Tessellation',(#2255));
#2257=IFCPRODUCTDEFINITIONSHAPE($,$,(#2256));
#2258=IFCCARTESIANPOINT((0.,0.,0.));
#2259=IFCAXIS2PLACEMENT3D(#2258,$,$);
#2260=IFCLOCALPLACEMENT(#69,#2259);
#2261=IFCCOVERING('0F897bFYvR_fh_kE1zj4ji',$,'L/3/0#1',$,'gehrung',#2260,#2257,$,$);
#2262=IFCPROPERTYSINGLEVALUE('Stueckart',$,IFCLABEL('gehrung'),$);
#2263=IFCPROPERTYSINGLEVALUE('Motiv',$,IFCLABEL('L'),$);
#2264=IFCPROPERTYSINGLEVALUE('Rasterposition',$,IFCLABEL('L/3/0'),$);
#2265=IFCPROPERTYSINGLEVALUE('Gefaelleflaeche',$,IFCLABEL('F1'),$);
#2266=IFCPROPERTYSINGLEVALUE('Rohling',$,IFCLABEL('S60x10#8'),$);
#2267=IFCPROPERTYSINGLEVALUE('Herkunft',$,IFCLABEL('neu'),$);
#2268=IFCPROPERTYSINGLEVALUE('Schnitte',$,IFCINTEGER(2),$);
#2269=IFCPROPERTYSINGLEVALUE('Schnittlaenge',$,IFCREAL(282.80000000000001),$);
#2270=IFCPROPERTYSINGLEVALUE('Schnittarten',$,IFCLABEL('gehrung'),$);
#2271=IFCPROPERTYSET('3m8VHh0$vSyuXDc6IiEd7N',$,'HP_Fliesenstueck',$,(#2262,#2263,#2264,#2265,#2266,#2267,#2268,#2269,#2270));
#2272=IFCRELDEFINESBYPROPERTIES('1IbDe$UtvQ1hmAqDXSTQvM',$,$,$,(#2261),#2271);
#2273=IFCQUANTITYLENGTH('Width',$,$,9.,$);
#2274=IFCQUANTITYAREA('NetArea',$,$,0.050000000000000003,$);
#2275=IFCELEMENTQUANTITY('2EXxn6edfQQgOEdBvNPhvN',$,'Qto_CoveringBaseQuantities',$,$,(#2273,#2274));
#2276=IFCRELDEFINESBYPROPERTIES('3iTGVrBsfODupQBwSWYFSn',$,$,$,(#2261),#2275);
#2277=IFCCARTESIANPOINTLIST3D(((-118.84999999999999,1174.74,17.620999999999999),(234.69999999999999,821.19000000000005,12.318),(234.69999999999999,679.76999999999998,10.196),(-118.84999999999999,1033.3199999999999,15.5),(-118.84999999999999,1174.74,8.6209999999999987),(234.69999999999999,821.19000000000005,3.3179999999999996),(234.69999999999999,679.76999999999998,1.1959999999999997),(-118.84999999999999,1033.3199999999999,6.5)),$);
#2278=IFCINDEXEDPOLYGONALFACE((1,2,3,4));
#2279=IFCINDEXEDPOLYGONALFACE((8,7,6,5));
#2280=IFCINDEXEDPOLYGONALFACE((1,5,6,2));
#2281=IFCINDEXEDPOLYGONALFACE((2,6,7,3));
#2282=IFCINDEXEDPOLYGONALFACE((3,7,8,4));
#2283=IFCINDEXEDPOLYGONALFACE((4,8,5,1));
#2284=IFCPOLYGONALFACESET(#2277,.T.,(#2278,#2279,#2280,#2281,#2282,#2283),$);
#2285=IFCSHAPEREPRESENTATION(#11,'Body','Tessellation',(#2284));
#2286=IFCPRODUCTDEFINITIONSHAPE($,$,(#2285));
#2287=IFCCARTESIANPOINT((0.,0.,0.));
#2288=IFCAXIS2PLACEMENT3D(#2287,$,$);
#2289=IFCLOCALPLACEMENT(#69,#2288);
#2290=IFCCOVERING('24Upr$HSvVSg6Oq921kUIK',$,'L/4/-1#2',$,'gehrung',#2289,#2286,$,$);
#2291=IFCPROPERTYSINGLEVALUE('Stueckart',$,IFCLABEL('gehrung'),$);
#2292=IFCPROPERTYSINGLEVALUE('Motiv',$,IFCLABEL('L'),$);
#2293=IFCPROPERTYSINGLEVALUE('Rasterposition',$,IFCLABEL('L/4/-1'),$);
#2294=IFCPROPERTYSINGLEVALUE('Gefaelleflaeche',$,IFCLABEL('F2'),$);
#2295=IFCPROPERTYSINGLEVALUE('Rohling',$,IFCLABEL('S60x10#9'),$);
#2296=IFCPROPERTYSINGLEVALUE('Herkunft',$,IFCLABEL('neu'),$);
#2297=IFCPROPERTYSINGLEVALUE('Schnitte',$,IFCINTEGER(2),$);
#2298=IFCPROPERTYSINGLEVALUE('Schnittlaenge',$,IFCREAL(282.80000000000001),$);
#2299=IFCPROPERTYSINGLEVALUE('Schnittarten',$,IFCLABEL('gehrung'),$);
#2300=IFCPROPERTYSET('2hu1wx4anN8BTKqUSXQGms',$,'HP_Fliesenstueck',$,(#2291,#2292,#2293,#2294,#2295,#2296,#2297,#2298,#2299));
#2301=IFCRELDEFINESBYPROPERTIES('2azsvNjyrMGQ2JFAARQuEw',$,$,$,(#2290),#2300);
#2302=IFCQUANTITYLENGTH('Width',$,$,9.,$);
#2303=IFCQUANTITYAREA('NetArea',$,$,0.050000000000000003,$);
#2304=IFCELEMENTQUANTITY('3xse_xek5Ke9HK7$oedWNL',$,'Qto_CoveringBaseQuantities',$,$,(#2302,#2303));
#2305=IFCRELDEFINESBYPROPERTIES('3qczDEDeDMJ8aegOgeOI5Q',$,$,$,(#2290),#2304);
#2306=IFCCARTESIANPOINTLIST3D(((-478.39999999999998,821.19000000000005,13.784000000000001),(-478.39999999999998,679.76999999999998,12.284000000000001),(-745.73000000000002,947.09000000000003,17.954999999999998),(-675.01999999999998,1017.8,17.954999999999998),(-478.39999999999998,821.19000000000005,4.7840000000000007),(-478.39999999999998,679.76999999999998,3.2840000000000007),(-745.73000000000002,947.09000000000003,8.9549999999999983),(-675.01999999999998,1017.8,8.9549999999999983)),$);
#2307=IFCINDEXEDPOLYGONALFACE((1,2,3,4));
#2308=IFCINDEXEDPOLYGONALFACE((8,7,6,5));
#2309=IFCINDEXEDPOLYGONALFACE((1,5,6,2));
#2310=IFCINDEXEDPOLYGONALFACE((2,6,7,3));
#2311=IFCINDEXEDPOLYGONALFACE((3,7,8,4));
#2312=IFCINDEXEDPOLYGONALFACE((4,8,5,1));
#2313=IFCPOLYGONALFACESET(#2306,.T.,(#2307,#2308,#2309,#2310,#2311,#2312),$);
#2314=IFCSHAPEREPRESENTATION(#11,'Body','Tessellation',(#2313));
#2315=IFCPRODUCTDEFINITIONSHAPE($,$,(#2314));
#2316=IFCCARTESIANPOINT((0.,0.,0.));
#2317=IFCAXIS2PLACEMENT3D(#2316,$,$);
#2318=IFCLOCALPLACEMENT(#69,#2317);
#2319=IFCCOVERING('3qTaqb3ADQ3hBbki9zjWNJ',$,'L/4/-2#3',$,'gehrung',#2318,#2315,$,$);
#2320=IFCPROPERTYSINGLEVALUE('Stueckart',$,IFCLABEL('gehrung'),$);
#2321=IFCPROPERTYSINGLEVALUE('Motiv',$,IFCLABEL('L'),$);
#2322=IFCPROPERTYSINGLEVALUE('Rasterposition',$,IFCLABEL('L/4/-2'),$);
#2323=IFCPROPERTYSINGLEVALUE('Gefaelleflaeche',$,IFCLABEL('F3'),$);
#2324=IFCPROPERTYSINGLEVALUE('Rohling',$,IFCLABEL('S60x10#62'),$);
#2325=IFCPROPERTYSINGLEVALUE('Herkunft',$,IFCLABEL('neu'),$);
#2326=IFCPROPERTYSINGLEVALUE('Schnitte',$,IFCINTEGER(2),$);
#2327=IFCPROPERTYSINGLEVALUE('Schnittlaenge',$,IFCREAL(241.40000000000001),$);
#2328=IFCPROPERTYSINGLEVALUE('Schnittarten',$,IFCLABEL('gerade,gehrung'),$);
#2329=IFCPROPERTYSET('3zFg3UKgXGROUIG1FF1gLb',$,'HP_Fliesenstueck',$,(#2320,#2321,#2322,#2323,#2324,#2325,#2326,#2327,#2328));
#2330=IFCRELDEFINESBYPROPERTIES('0HjT5Y$avVGOv2o1OViMqu',$,$,$,(#2319),#2329);
#2331=IFCQUANTITYLENGTH('Width',$,$,9.,$);
#2332=IFCQUANTITYAREA('NetArea',$,$,0.032805000000000001,$);
#2333=IFCELEMENTQUANTITY('0Idb7Eq_rSiPmc$D25HBuF',$,'Qto_CoveringBaseQuantities',$,$,(#2331,#2332));
#2334=IFCRELDEFINESBYPROPERTIES('1L1vuQ6tPUvgytZ7L9kFsO',$,$,$,(#2319),#2333);
#2335=IFCCARTESIANPOINTLIST3D(((947.80999999999995,679.76999999999998,17.263000000000002),(594.25999999999999,1033.3199999999999,17.263000000000002),(594.25999999999999,1098.5599999999999,17.954999999999998),(947.80999999999995,745.,17.954999999999998),(947.80999999999995,679.76999999999998,8.2630000000000017),(594.25999999999999,1033.3199999999999,8.2630000000000017),(594.25999999999999,1098.5599999999999,8.9549999999999983),(947.80999999999995,745.,8.9549999999999983)),$);
#2336=IFCINDEXEDPOLYGONALFACE((1,2,3,4));
#2337=IFCINDEXEDPOLYGONALFACE((8,7,6,5));
#2338=IFCINDEXEDPOLYGONALFACE((1,5,6,2));
#2339=IFCINDEXEDPOLYGONALFACE((2,6,7,3));
#2340=IFCINDEXEDPOLYGONALFACE((3,7,8,4));
#2341=IFCINDEXEDPOLYGONALFACE((4,8,5,1));
#2342=IFCPOLYGONALFACESET(#2335,.T.,(#2336,#2337,#2338,#2339,#2340,#2341),$);
#2343=IFCSHAPEREPRESENTATION(#11,'Body','Tessellation',(#2342));
#2344=IFCPRODUCTDEFINITIONSHAPE($,$,(#2343));
#2345=IFCCARTESIANPOINT((0.,0.,0.));
#2346=IFCAXIS2PLACEMENT3D(#2345,$,$);
#2347=IFCLOCALPLACEMENT(#69,#2346);
#2348=IFCCOVERING('1iCQDHYgLPhR_H5uH3sde$',$,'L/4/0#1',$,'gehrung',#2347,#2344,$,$);
#2349=IFCPROPERTYSINGLEVALUE('Stueckart',$,IFCLABEL('gehrung'),$);
#2350=IFCPROPERTYSINGLEVALUE('Motiv',$,IFCLABEL('L'),$);
#2351=IFCPROPERTYSINGLEVALUE('Rasterposition',$,IFCLABEL('L/4/0'),$);
#2352=IFCPROPERTYSINGLEVALUE('Gefaelleflaeche',$,IFCLABEL('F1'),$);
#2353=IFCPROPERTYSINGLEVALUE('Rohling',$,IFCLABEL('S60x10#88'),$);
#2354=IFCPROPERTYSINGLEVALUE('Herkunft',$,IFCLABEL('neu'),$);
#2355=IFCPROPERTYSINGLEVALUE('Schnitte',$,IFCINTEGER(3),$);
#2356=IFCPROPERTYSINGLEVALUE('Schnittlaenge',$,IFCREAL(630.5),$);
#2357=IFCPROPERTYSINGLEVALUE('Schnittarten',$,IFCLABEL('gerade,gehrung'),$);
#2358=IFCPROPERTYSET('0uC3Yh6CvIuuus$79jVwmV',$,'HP_Fliesenstueck',$,(#2349,#2350,#2351,#2352,#2353,#2354,#2355,#2356,#2357));
#2359=IFCRELDEFINESBYPROPERTIES('1voda4E41ImhJHON88P_OA',$,$,$,(#2348),#2358);
#2360=IFCQUANTITYLENGTH('Width',$,$,9.,$);
#2361=IFCQUANTITYAREA('NetArea',$,$,0.023066,$);
#2362=IFCELEMENTQUANTITY('2CkU$wCKrJ$we19L8UxKw4',$,'Qto_CoveringBaseQuantities',$,$,(#2360,#2361));
#2363=IFCRELDEFINESBYPROPERTIES('3$4lBuV6nOzhuM6EE5yKY$',$,$,$,(#2348),#2362);
#2364=IFCCARTESIANPOINTLIST3D(((234.69999999999999,966.85000000000002,14.503),(234.69999999999999,825.42999999999995,12.381),(-118.84999999999999,1178.98,17.684999999999999),(-118.84999999999999,1197.,17.954999999999998),(4.5499999999999998,1197.,17.954999999999998),(234.69999999999999,966.85000000000002,5.5030000000000001),(234.69999999999999,825.42999999999995,3.3810000000000002),(-118.84999999999999,1178.98,8.6849999999999987),(-118.84999999999999,1197.,8.9549999999999983),(4.5499999999999998,1197.,8.9549999999999983)),$);
#2365=IFCINDEXEDPOLYGONALFACE((1,2,3,4,5));
#2366=IFCINDEXEDPOLYGONALFACE((10,9,8,7,6));
#2367=IFCINDEXEDPOLYGONALFACE((1,6,7,2));
#2368=IFCINDEXEDPOLYGONALFACE((2,7,8,3));
#2369=IFCINDEXEDPOLYGONALFACE((3,8,9,4));
#2370=IFCINDEXEDPOLYGONALFACE((4,9,10,5));
#2371=IFCINDEXEDPOLYGONALFACE((5,10,6,1));
#2372=IFCPOLYGONALFACESET(#2364,.T.,(#2365,#2366,#2367,#2368,#2369,#2370,#2371),$);
#2373=IFCSHAPEREPRESENTATION(#11,'Body','Tessellation',(#2372));
#2374=IFCPRODUCTDEFINITIONSHAPE($,$,(#2373));
#2375=IFCCARTESIANPOINT((0.,0.,0.));
#2376=IFCAXIS2PLACEMENT3D(#2375,$,$);
#2377=IFCLOCALPLACEMENT(#69,#2376);
#2378=IFCCOVERING('2o4F4DxrrQ5uYMm5XlMaJ3',$,'L/5/-1#2',$,'schraeg',#2377,#2374,$,$);
#2379=IFCPROPERTYSINGLEVALUE('Stueckart',$,IFCLABEL('schraeg'),$);
#2380=IFCPROPERTYSINGLEVALUE('Motiv',$,IFCLABEL('L'),$);
#2381=IFCPROPERTYSINGLEVALUE('Rasterposition',$,IFCLABEL('L/5/-1'),$);
#2382=IFCPROPERTYSINGLEVALUE('Gefaelleflaeche',$,IFCLABEL('F2'),$);
#2383=IFCPROPERTYSINGLEVALUE('Rohling',$,IFCLABEL('S60x10#39'),$);
#2384=IFCPROPERTYSINGLEVALUE('Herkunft',$,IFCLABEL('neu'),$);
#2385=IFCPROPERTYSINGLEVALUE('Schnitte',$,IFCINTEGER(3),$);
#2386=IFCPROPERTYSINGLEVALUE('Schnittlaenge',$,IFCREAL(282.80000000000001),$);
#2387=IFCPROPERTYSINGLEVALUE('Schnittarten',$,IFCLABEL('schraeg,gehrung'),$);
#2388=IFCPROPERTYSET('1U5XE_odDKmg33yCzs4fH1',$,'HP_Fliesenstueck',$,(#2379,#2380,#2381,#2382,#2383,#2384,#2385,#2386,#2387));
#2389=IFCRELDEFINESBYPROPERTIES('0liuGKCfDRE9UWAaaVpFum',$,$,$,(#2378),#2388);
#2390=IFCQUANTITYLENGTH('Width',$,$,9.,$);
#2391=IFCQUANTITYAREA('NetArea',$,$,0.042386,$);
#2392=IFCELEMENTQUANTITY('0LiqaGkmPHIPpAX1dnf2DL',$,'Qto_CoveringBaseQuantities',$,$,(#2390,#2391));
#2393=IFCRELDEFINESBYPROPERTIES('2DT9D0JH5Q8AP$C3qLLF76',$,$,$,(#2378),#2392);
#2394=IFCCARTESIANPOINTLIST3D(((-478.39999999999998,966.85000000000002,15.329000000000001),(-478.39999999999998,825.42999999999995,13.829000000000001),(-672.88999999999999,1019.92,17.954999999999998),(-602.17999999999995,1090.6300000000001,17.954999999999998),(-478.39999999999998,966.85000000000002,6.3290000000000006),(-478.39999999999998,825.42999999999995,4.8290000000000006),(-672.88999999999999,1019.92,8.9549999999999983),(-602.17999999999995,1090.6300000000001,8.9549999999999983)),$);
#2395=IFCINDEXEDPOLYGONALFACE((1,2,3,4));
#2396=IFCINDEXEDPOLYGONALFACE((8,7,6,5));
#2397=IFCINDEXEDPOLYGONALFACE((1,5,6,2));
#2398=IFCINDEXEDPOLYGONALFACE((2,6,7,3));
#2399=IFCINDEXEDPOLYGONALFACE((3,7,8,4));
#2400=IFCINDEXEDPOLYGONALFACE((4,8,5,1));
#2401=IFCPOLYGONALFACESET(#2394,.T.,(#2395,#2396,#2397,#2398,#2399,#2400),$);
#2402=IFCSHAPEREPRESENTATION(#11,'Body','Tessellation',(#2401));
#2403=IFCPRODUCTDEFINITIONSHAPE($,$,(#2402));
#2404=IFCCARTESIANPOINT((0.,0.,0.));
#2405=IFCAXIS2PLACEMENT3D(#2404,$,$);
#2406=IFCLOCALPLACEMENT(#69,#2405);
#2407=IFCCOVERING('2rw_a3F$9PVh1EbY4ZRhhF',$,'L/5/-2#3',$,'gehrung',#2406,#2403,$,$);
#2408=IFCPROPERTYSINGLEVALUE('Stueckart',$,IFCLABEL('gehrung'),$);
#2409=IFCPROPERTYSINGLEVALUE('Motiv',$,IFCLABEL('L'),$);
#2410=IFCPROPERTYSINGLEVALUE('Rasterposition',$,IFCLABEL('L/5/-2'),$);
#2411=IFCPROPERTYSINGLEVALUE('Gefaelleflaeche',$,IFCLABEL('F3'),$);
#2412=IFCPROPERTYSINGLEVALUE('Rohling',$,IFCLABEL('S60x10#85'),$);
#2413=IFCPROPERTYSINGLEVALUE('Herkunft',$,IFCLABEL('reststueck'),$);
#2414=IFCPROPERTYSINGLEVALUE('Schnitte',$,IFCINTEGER(2),$);
#2415=IFCPROPERTYSINGLEVALUE('Schnittlaenge',$,IFCREAL(241.40000000000001),$);
#2416=IFCPROPERTYSINGLEVALUE('Schnittarten',$,IFCLABEL('gerade,gehrung'),$);
#2417=IFCPROPERTYSET('1sg$ZO$PTTXefKpvCiTgFi',$,'HP_Fliesenstueck',$,(#2408,#2409,#2410,#2411,#2412,#2413,#2414,#2415,#2416));
#2418=IFCRELDEFINESBYPROPERTIES('0U9K0_ZybNaRS91W5Xtbgq',$,$,$,(#2407),#2417);
#2419=IFCQUANTITYLENGTH('Width',$,$,9.,$);
#2420=IFCQUANTITYAREA('NetArea',$,$,0.022505000000000001,$);
#2421=IFCELEMENTQUANTITY('0FkuVLVTbLV9C3u980YEP6',$,'Qto_CoveringBaseQuantities',$,$,(#2419,#2420));
#2422=IFCRELDEFINESBYPROPERTIES('0kmoX_XOLHw8ZLMQfaC3gH',$,$,$,(#2407),#2421);
#2423=IFCCARTESIANPOINTLIST3D(((234.69999999999999,1112.51,16.687999999999999),(234.69999999999999,971.09000000000003,14.566000000000001),(8.8000000000000007,1197.,17.954999999999998),(150.22,1197.,17.954999999999998),(234.69999999999999,1112.51,7.6879999999999988),(234.69999999999999,971.09000000000003,5.5660000000000007),(8.8000000000000007,1197.,8.9549999999999983),(150.22,1197.,8.9549999999999983)),$);
#2424=IFCINDEXEDPOLYGONALFACE((1,2,3,4));
#2425=IFCINDEXEDPOLYGONALFACE((8,7,6,5));
#2426=IFCINDEXEDPOLYGONALFACE((1,5,6,2));
#2427=IFCINDEXEDPOLYGONALFACE((2,6,7,3));
#2428=IFCINDEXEDPOLYGONALFACE((3,7,8,4));
#2429=IFCINDEXEDPOLYGONALFACE((4,8,5,1));
#2430=IFCPOLYGONALFACESET(#2423,.T.,(#2424,#2425,#2426,#2427,#2428,#2429),$);
#2431=IFCSHAPEREPRESENTATION(#11,'Body','Tessellation',(#2430));
#2432=IFCPRODUCTDEFINITIONSHAPE($,$,(#2431));
#2433=IFCCARTESIANPOINT((0.,0.,0.));
#2434=IFCAXIS2PLACEMENT3D(#2433,$,$);
#2435=IFCLOCALPLACEMENT(#69,#2434);
#2436=IFCCOVERING('36UvZgtC5SwAnpRvfWPEgt',$,'L/6/-1#2',$,'schraeg',#2435,#2432,$,$);
#2437=IFCPROPERTYSINGLEVALUE('Stueckart',$,IFCLABEL('schraeg'),$);
#2438=IFCPROPERTYSINGLEVALUE('Motiv',$,IFCLABEL('L'),$);
#2439=IFCPROPERTYSINGLEVALUE('Rasterposition',$,IFCLABEL('L/6/-1'),$);
#2440=IFCPROPERTYSINGLEVALUE('Gefaelleflaeche',$,IFCLABEL('F2'),$);
#2441=IFCPROPERTYSINGLEVALUE('Rohling',$,IFCLABEL('S60x10#90'),$);
#2442=IFCPROPERTYSINGLEVALUE('Herkunft',$,IFCLABEL('neu'),$);
#2443=IFCPROPERTYSINGLEVALUE('Schnitte',$,IFCINTEGER(2),$);
#2444=IFCPROPERTYSINGLEVALUE('Schnittlaenge',$,IFCREAL(282.80000000000001),$);
#2445=IFCPROPERTYSINGLEVALUE('Schnittarten',$,IFCLABEL('schraeg,gehrung'),$);
#2446=IFCPROPERTYSET('0gWSInBPXUGOECSWQlvJ$7',$,'HP_Fliesenstueck',$,(#2437,#2438,#2439,#2440,#2441,#2442,#2443,#2444,#2445));
#2447=IFCRELDEFINESBYPROPERTIES('05BNLIYRrIERkPQbvzYwa_',$,$,$,(#2436),#2446);
#2448=IFCQUANTITYLENGTH('Width',$,$,9.,$);
#2449=IFCQUANTITYAREA('NetArea',$,$,0.021947999999999999,$);
#2450=IFCELEMENTQUANTITY('0mlPx1C_9PVQfDxVp0s7AQ',$,'Qto_CoveringBaseQuantities',$,$,(#2448,#2449));
#2451=IFCRELDEFINESBYPROPERTIES('3D0848YeTOz9y6$9UWVnZ6',$,$,$,(#2436),#2450);
#2452=IFCCARTESIANPOINTLIST3D(((-478.39999999999998,1112.51,16.873999999999999),(-478.39999999999998,971.09000000000003,15.374000000000001),(-600.05999999999995,1092.75,17.954999999999998),(-529.35000000000002,1163.46,17.954999999999998),(-478.39999999999998,1112.51,7.8739999999999988),(-478.39999999999998,971.09000000000003,6.3740000000000006),(-600.05999999999995,1092.75,8.9549999999999983),(-529.35000000000002,1163.46,8.9549999999999983)),$);
#2453=IFCINDEXEDPOLYGONALFACE((1,2,3,4));
#2454=IFCINDEXEDPOLYGONALFACE((8,7,6,5));
#2455=IFCINDEXEDPOLYGONALFACE((1,5,6,2));
#2456=IFCINDEXEDPOLYGONALFACE((2,6,7,3));
#2457=IFCINDEXEDPOLYGONALFACE((3,7,8,4));
#2458=IFCINDEXEDPOLYGONALFACE((4,8,5,1));
#2459=IFCPOLYGONALFACESET(#2452,.T.,(#2453,#2454,#2455,#2456,#2457,#2458),$);
#2460=IFCSHAPEREPRESENTATION(#11,'Body','Tessellation',(#2459));
#2461=IFCPRODUCTDEFINITIONSHAPE($,$,(#2460));
#2462=IFCCARTESIANPOINT((0.,0.,0.));
#2463=IFCAXIS2PLACEMENT3D(#2462,$,$);
#2464=IFCLOCALPLACEMENT(#69,#2463);
#2465=IFCCOVERING('2U3i5QF31I4OIpieshWRBF',$,'L/6/-2#3',$,'gehrung',#2464,#2461,$,$);
#2466=IFCPROPERTYSINGLEVALUE('Stueckart',$,IFCLABEL('gehrung'),$);
#2467=IFCPROPERTYSINGLEVALUE('Motiv',$,IFCLABEL('L'),$);
#2468=IFCPROPERTYSINGLEVALUE('Rasterposition',$,IFCLABEL('L/6/-2'),$);
#2469=IFCPROPERTYSINGLEVALUE('Gefaelleflaeche',$,IFCLABEL('F3'),$);
#2470=IFCPROPERTYSINGLEVALUE('Rohling',$,IFCLABEL('S60x10#67'),$);
#2471=IFCPROPERTYSINGLEVALUE('Herkunft',$,IFCLABEL('reststueck'),$);
#2472=IFCPROPERTYSINGLEVALUE('Schnitte',$,IFCINTEGER(2),$);
#2473=IFCPROPERTYSINGLEVALUE('Schnittlaenge',$,IFCREAL(241.40000000000001),$);
#2474=IFCPROPERTYSINGLEVALUE('Schnittarten',$,IFCLABEL('gerade,gehrung'),$);
#2475=IFCPROPERTYSET('0PZ1uUwsTK5P1WMCK8oE$f',$,'HP_Fliesenstueck',$,(#2466,#2467,#2468,#2469,#2470,#2471,#2472,#2473,#2474));
#2476=IFCRELDEFINESBYPROPERTIES('3_BmXDSA9LYw3Fhq9hEFvo',$,$,$,(#2465),#2475);
#2477=IFCQUANTITYLENGTH('Width',$,$,9.,$);
#2478=IFCQUANTITYAREA('NetArea',$,$,0.012205000000000001,$);
#2479=IFCELEMENTQUANTITY('2FVHpc8_PHtez_P8ChgHYg',$,'Qto_CoveringBaseQuantities',$,$,(#2477,#2478));
#2480=IFCRELDEFINESBYPROPERTIES('3AVK55wPDQ1wzUrYZAI7aF',$,$,$,(#2465),#2479);
#2481=IFCCARTESIANPOINTLIST3D(((234.69999999999999,1116.76,16.751000000000001),(154.46000000000001,1197.,17.954999999999998),(234.69999999999999,1197.,17.954999999999998),(234.69999999999999,1116.76,7.7510000000000012),(154.46000000000001,1197.,8.9549999999999983),(234.69999999999999,1197.,8.9549999999999983)),$);
#2482=IFCINDEXEDPOLYGONALFACE((1,2,3));
#2483=IFCINDEXEDPOLYGONALFACE((6,5,4));
#2484=IFCINDEXEDPOLYGONALFACE((1,4,5,2));
#2485=IFCINDEXEDPOLYGONALFACE((2,5,6,3));
#2486=IFCINDEXEDPOLYGONALFACE((3,6,4,1));
#2487=IFCPOLYGONALFACESET(#2481,.T.,(#2482,#2483,#2484,#2485,#2486),$);
#2488=IFCSHAPEREPRESENTATION(#11,'Body','Tessellation',(#2487));
#2489=IFCPRODUCTDEFINITIONSHAPE($,$,(#2488));
#2490=IFCCARTESIANPOINT((0.,0.,0.));
#2491=IFCAXIS2PLACEMENT3D(#2490,$,$);
#2492=IFCLOCALPLACEMENT(#69,#2491);
#2493=IFCCOVERING('0MmVVPFcDTcei8e2Pcsvqr',$,'L/7/-1#2',$,'schraeg',#2492,#2489,$,$);
#2494=IFCPROPERTYSINGLEVALUE('Stueckart',$,IFCLABEL('schraeg'),$);
#2495=IFCPROPERTYSINGLEVALUE('Motiv',$,IFCLABEL('L'),$);
#2496=IFCPROPERTYSINGLEVALUE('Rasterposition',$,IFCLABEL('L/7/-1'),$);
#2497=IFCPROPERTYSINGLEVALUE('Gefaelleflaeche',$,IFCLABEL('F2'),$);
#2498=IFCPROPERTYSINGLEVALUE('Rohling',$,IFCLABEL('S60x10#39'),$);
#2499=IFCPROPERTYSINGLEVALUE('Herkunft',$,IFCLABEL('reststueck'),$);
#2500=IFCPROPERTYSINGLEVALUE('Schnitte',$,IFCINTEGER(2),$);
#2501=IFCPROPERTYSINGLEVALUE('Schnittlaenge',$,IFCREAL(160.5),$);
#2502=IFCPROPERTYSINGLEVALUE('Schnittarten',$,IFCLABEL('schraeg,gehrung'),$);
#2503=IFCPROPERTYSET('0rBTuy_FzJVfL_pGh50wUK',$,'HP_Fliesenstueck',$,(#2494,#2495,#2496,#2497,#2498,#2499,#2500,#2501,#2502));
#2504=IFCRELDEFINESBYPROPERTIES('2i9EimUMnPxwtci2fp2ZUC',$,$,$,(#2493),#2503);
#2505=IFCQUANTITYLENGTH('Width',$,$,9.,$);
#2506=IFCQUANTITYAREA('NetArea',$,$,0.0032190000000000001,$);
#2507=IFCELEMENTQUANTITY('21JfPCdRnMS8aPvHxfGFIR',$,'Qto_CoveringBaseQuantities',$,$,(#2505,#2506));
#2508=IFCRELDEFINESBYPROPERTIES('3wJMcnZEjGBAXz45Jt$dGE',$,$,$,(#2493),#2507);
#2509=IFCCARTESIANPOINTLIST3D(((-478.39999999999998,1158.8900000000001,17.382999999999999),(-494.19,1197.,17.954999999999998),(-478.39999999999998,1197.,17.954999999999998),(-478.39999999999998,1158.8900000000001,8.3829999999999991),(-494.19,1197.,8.9549999999999983),(-478.39999999999998,1197.,8.9549999999999983)),$);
#2510=IFCINDEXEDPOLYGONALFACE((1,2,3));
#2511=IFCINDEXEDPOLYGONALFACE((6,5,4));
#2512=IFCINDEXEDPOLYGONALFACE((1,4,5,2));
#2513=IFCINDEXEDPOLYGONALFACE((2,5,6,3));
#2514=IFCINDEXEDPOLYGONALFACE((3,6,4,1));
#2515=IFCPOLYGONALFACESET(#2509,.T.,(#2510,#2511,#2512,#2513,#2514),$);
#2516=IFCSHAPEREPRESENTATION(#11,'Body','Tessellation',(#2515));
#2517=IFCPRODUCTDEFINITIONSHAPE($,$,(#2516));
#2518=IFCCARTESIANPOINT((0.,0.,0.));
#2519=IFCAXIS2PLACEMENT3D(#2518,$,$);
#2520=IFCLOCALPLACEMENT(#69,#2519);
#2521=IFCCOVERING('3C71IjULvIogE1LHn3h7wc',$,'L/7/-2#2',$,'gratschnitt',#2520,#2517,$,$);
#2522=IFCPROPERTYSINGLEVALUE('Stueckart',$,IFCLABEL('gratschnitt'),$);
#2523=IFCPROPERTYSINGLEVALUE('Motiv',$,IFCLABEL('L'),$);
#2524=IFCPROPERTYSINGLEVALUE('Rasterposition',$,IFCLABEL('L/7/-2'),$);
#2525=IFCPROPERTYSINGLEVALUE('Gefaelleflaeche',$,IFCLABEL('F2'),$);
#2526=IFCPROPERTYSINGLEVALUE('Rohling',$,IFCLABEL('S60x10#53'),$);
#2527=IFCPROPERTYSINGLEVALUE('Herkunft',$,IFCLABEL('reststueck'),$);
#2528=IFCPROPERTYSINGLEVALUE('Schnitte',$,IFCINTEGER(3),$);
#2529=IFCPROPERTYSINGLEVALUE('Schnittlaenge',$,IFCREAL(95.099999999999994),$);
#2530=IFCPROPERTYSINGLEVALUE('Schnittarten',$,IFCLABEL('schraeg,gehrung,gratschnitt'),$);
#2531=IFCPROPERTYSET('2_HnyZFTrITRsAiKjd5TjD',$,'HP_Fliesenstueck',$,(#2522,#2523,#2524,#2525,#2526,#2527,#2528,#2529,#2530));
#2532=IFCRELDEFINESBYPROPERTIES('3zWcBnFQPVLQes2GJMi7Ga',$,$,$,(#2521),#2531);
#2533=IFCQUANTITYLENGTH('Width',$,$,9.,$);
#2534=IFCQUANTITYAREA('NetArea',$,$,0.000301,$);
#2535=IFCELEMENTQUANTITY('2g$gq47AbV$uv687Ud2VKg',$,'Qto_CoveringBaseQuantities',$,$,(#2533,#2534));
#2536=IFCRELDEFINESBYPROPERTIES('1SocfyVPLOrgRxs5F1IXlx',$,$,$,(#2521),#2535);
#2537=IFCCARTESIANPOINTLIST3D(((-478.39999999999998,1116.76,16.919),(-527.23000000000002,1165.5799999999999,17.954999999999998),(-496.95999999999998,1195.8499999999999,17.954999999999998),(-478.39999999999998,1151.05,17.283000000000001),(-478.39999999999998,1116.76,7.9190000000000005),(-527.23000000000002,1165.5799999999999,8.9549999999999983),(-496.95999999999998,1195.8499999999999,8.9549999999999983),(-478.39999999999998,1151.05,8.2830000000000013)),$);
#2538=IFCINDEXEDPOLYGONALFACE((1,2,3,4));
#2539=IFCINDEXEDPOLYGONALFACE((8,7,6,5));
#2540=IFCINDEXEDPOLYGONALFACE((1,5,6,2));
#2541=IFCINDEXEDPOLYGONALFACE((2,6,7,3));
#2542=IFCINDEXEDPOLYGONALFACE((3,7,8,4));
#2543=IFCINDEXEDPOLYGONALFACE((4,8,5,1));
#2544=IFCPOLYGONALFACESET(#2537,.T.,(#2538,#2539,#2540,#2541,#2542,#2543),$);
#2545=IFCSHAPEREPRESENTATION(#11,'Body','Tessellation',(#2544));
#2546=IFCPRODUCTDEFINITIONSHAPE($,$,(#2545));
#2547=IFCCARTESIANPOINT((0.,0.,0.));
#2548=IFCAXIS2PLACEMENT3D(#2547,$,$);
#2549=IFCLOCALPLACEMENT(#69,#2548);
#2550=IFCCOVERING('16CyrENETIk9InJdLx2hog',$,'L/7/-2#3',$,'gratschnitt',#2549,#2546,$,$);
#2551=IFCPROPERTYSINGLEVALUE('Stueckart',$,IFCLABEL('gratschnitt'),$);
#2552=IFCPROPERTYSINGLEVALUE('Motiv',$,IFCLABEL('L'),$);
#2553=IFCPROPERTYSINGLEVALUE('Rasterposition',$,IFCLABEL('L/7/-2'),$);
#2554=IFCPROPERTYSINGLEVALUE('Gefaelleflaeche',$,IFCLABEL('F3'),$);
#2555=IFCPROPERTYSINGLEVALUE('Rohling',$,IFCLABEL('S60x10#70'),$);
#2556=IFCPROPERTYSINGLEVALUE('Herkunft',$,IFCLABEL('reststueck'),$);
#2557=IFCPROPERTYSINGLEVALUE('Schnitte',$,IFCINTEGER(3),$);
#2558=IFCPROPERTYSINGLEVALUE('Schnittlaenge',$,IFCREAL(125.59999999999999),$);
#2559=IFCPROPERTYSINGLEVALUE('Schnittarten',$,IFCLABEL('gerade,gehrung,gratschnitt'),$);
#2560=IFCPROPERTYSET('04Cx26zz9Hx8zuExJWAlWl',$,'HP_Fliesenstueck',$,(#2551,#2552,#2553,#2554,#2555,#2556,#2557,#2558,#2559));
#2561=IFCRELDEFINESBYPROPERTIES('3q0mohc2DU0O_rXh8oVuWE',$,$,$,(#2550),#2560);
#2562=IFCQUANTITYLENGTH('Width',$,$,9.,$);
#2563=IFCQUANTITYAREA('NetArea',$,$,0.0017960000000000001,$);
#2564=IFCELEMENTQUANTITY('26JtO0qcnMR9ipvS7GxCvu',$,'Qto_CoveringBaseQuantities',$,$,(#2562,#2563));
#2565=IFCRELDEFINESBYPROPERTIES('09jQYsqJnOmua_jn4GnEbh',$,$,$,(#2550),#2564);
#2566=IFCCARTESIANPOINTLIST3D(((-121.84999999999999,446.42000000000002,6.6959999999999997),(-121.84999999999999,305.,4.5750000000000002),(-123.87,302.98000000000002,4.5449999999999999),(-165.28999999999999,402.98000000000002,6.0449999999999999),(-121.84999999999999,446.42000000000002,-2.3040000000000003),(-121.84999999999999,305.,-4.4249999999999998),(-123.87,302.98000000000002,-4.4550000000000001),(-165.28999999999999,402.98000000000002,-2.9550000000000001)),$);
#2567=IFCINDEXEDPOLYGONALFACE((1,2,3,4));
#2568=IFCINDEXEDPOLYGONALFACE((8,7,6,5));
#2569=IFCINDEXEDPOLYGONALFACE((1,5,6,2));
#2570=IFCINDEXEDPOLYGONALFACE((2,6,7,3));
#2571=IFCINDEXEDPOLYGONALFACE((3,7,8,4));
#2572=IFCINDEXEDPOLYGONALFACE((4,8,5,1));
#2573=IFCPOLYGONALFACESET(#2566,.T.,(#2567,#2568,#2569,#2570,#2571,#2572),$);
#2574=IFCSHAPEREPRESENTATION(#11,'Body','Tessellation',(#2573));
#2575=IFCPRODUCTDEFINITIONSHAPE($,$,(#2574));
#2576=IFCCARTESIANPOINT((0.,0.,0.));
#2577=IFCAXIS2PLACEMENT3D(#2576,$,$);
#2578=IFCLOCALPLACEMENT(#69,#2577);
#2579=IFCCOVERING('2fOR_EI1HGr8ROAl7KTQo2',$,'R/-1/-1#2',$,'gratschnitt',#2578,#2575,$,$);
#2580=IFCPROPERTYSINGLEVALUE('Stueckart',$,IFCLABEL('gratschnitt'),$);
#2581=IFCPROPERTYSINGLEVALUE('Motiv',$,IFCLABEL('R'),$);
#2582=IFCPROPERTYSINGLEVALUE('Rasterposition',$,IFCLABEL('R/-1/-1'),$);
#2583=IFCPROPERTYSINGLEVALUE('Gefaelleflaeche',$,IFCLABEL('F2'),$);
#2584=IFCPROPERTYSINGLEVALUE('Rohling',$,IFCLABEL('S60x10#77'),$);
#2585=IFCPROPERTYSINGLEVALUE('Herkunft',$,IFCLABEL('reststueck'),$);
#2586=IFCPROPERTYSINGLEVALUE('Schnitte',$,IFCINTEGER(2),$);
#2587=IFCPROPERTYSINGLEVALUE('Schnittlaenge',$,IFCREAL(249.69999999999999),$);
#2588=IFCPROPERTYSINGLEVALUE('Schnittarten',$,IFCLABEL('gehrung,gratschnitt'),$);
#2589=IFCPROPERTYSET('1GqluAHTHHEh1CRVFL0QKW',$,'HP_Fliesenstueck',$,(#2580,#2581,#2582,#2583,#2584,#2585,#2586,#2587,#2588));
#2590=IFCRELDEFINESBYPROPERTIES('0DhvhMtt5UQO_bEa_LO_7_',$,$,$,(#2579),#2589);
#2591=IFCQUANTITYLENGTH('Width',$,$,9.,$);
#2592=IFCQUANTITYAREA('NetArea',$,$,0.003215,$);
#2593=IFCELEMENTQUANTITY('0T9fkJ4Q9H4O7vH5so_nvz',$,'Qto_CoveringBaseQuantities',$,$,(#2591,#2592));
#2594=IFCRELDEFINESBYPROPERTIES('1Om4JmkXrVWQJUj2Gh9oyA',$,$,$,(#2579),#2593);
#2595=IFCCARTESIANPOINTLIST3D(((-300.68000000000001,126.17,4.5270000000000001),(-400.68000000000001,167.59,6.0270000000000001),(-167.59,400.68000000000001,6.0270000000000001),(-126.17,300.68000000000001,4.5270000000000001),(-300.68000000000001,126.17,-4.4729999999999999),(-400.68000000000001,167.59,-2.9729999999999999),(-167.59,400.68000000000001,-2.9729999999999999),(-126.17,300.68000000000001,-4.4729999999999999)),$);
#2596=IFCINDEXEDPOLYGONALFACE((1,2,3,4));
#2597=IFCINDEXEDPOLYGONALFACE((8,7,6,5));
#2598=IFCINDEXEDPOLYGONALFACE((1,5,6,2));
#2599=IFCINDEXEDPOLYGONALFACE((2,6,7,3));
#2600=IFCINDEXEDPOLYGONALFACE((3,7,8,4));
#2601=IFCINDEXEDPOLYGONALFACE((4,8,5,1));
#2602=IFCPOLYGONALFACESET(#2595,.T.,(#2596,#2597,#2598,#2599,#2600,#2601),$);
#2603=IFCSHAPEREPRESENTATION(#11,'Body','Tessellation',(#2602));
#2604=IFCPRODUCTDEFINITIONSHAPE($,$,(#2603));
#2605=IFCCARTESIANPOINT((0.,0.,0.));
#2606=IFCAXIS2PLACEMENT3D(#2605,$,$);
#2607=IFCLOCALPLACEMENT(#69,#2606);
#2608=IFCCOVERING('0YI0WceZzMRxJunh59e4SO',$,'R/-1/-1#3',$,'gratschnitt',#2607,#2604,$,$);
#2609=IFCPROPERTYSINGLEVALUE('Stueckart',$,IFCLABEL('gratschnitt'),$);
#2610=IFCPROPERTYSINGLEVALUE('Motiv',$,IFCLABEL('R'),$);
#2611=IFCPROPERTYSINGLEVALUE('Rasterposition',$,IFCLABEL('R/-1/-1'),$);
#2612=IFCPROPERTYSINGLEVALUE('Gefaelleflaeche',$,IFCLABEL('F3'),$);
#2613=IFCPROPERTYSINGLEVALUE('Rohling',$,IFCLABEL('S60x10#77'),$);
#2614=IFCPROPERTYSINGLEVALUE('Herkunft',$,IFCLABEL('neu'),$);
#2615=IFCPROPERTYSINGLEVALUE('Schnitte',$,IFCINTEGER(2),$);
#2616=IFCPROPERTYSINGLEVALUE('Schnittlaenge',$,IFCREAL(216.5),$);
#2617=IFCPROPERTYSINGLEVALUE('Schnittarten',$,IFCLABEL('gratschnitt'),$);
#2618=IFCPROPERTYSET('0K2UsJqZjLaBMGUw4qYtfx',$,'HP_Fliesenstueck',$,(#2609,#2610,#2611,#2612,#2613,#2614,#2615,#2616,#2617));
#2619=IFCRELDEFINESBYPROPERTIES('1kcQvG3PnTDB_WxAqTbO_J',$,$,$,(#2608),#2618);
#2620=IFCQUANTITYLENGTH('Width',$,$,9.,$);
#2621=IFCQUANTITYAREA('NetArea',$,$,0.028822,$);
#2622=IFCELEMENTQUANTITY('1NBF5geHTS6uZuDoReP43L',$,'Qto_CoveringBaseQuantities',$,$,(#2620,#2621));
#2623=IFCRELDEFINESBYPROPERTIES('3E2qb6cq5PJhWoim2bO1VX',$,$,$,(#2608),#2622);
#2624=IFCCARTESIANPOINTLIST3D(((-475.39999999999998,-48.549999999999997,7.1310000000000002),(-475.39999999999998,92.870000000000005,7.1310000000000002),(-402.98000000000002,165.28999999999999,6.0449999999999999),(-302.98000000000002,123.87,4.5449999999999999),(-475.39999999999998,-48.549999999999997,-1.8689999999999998),(-475.39999999999998,92.870000000000005,-1.8689999999999998),(-402.98000000000002,165.28999999999999,-2.9550000000000001),(-302.98000000000002,123.87,-4.4550000000000001)),$);
#2625=IFCINDEXEDPOLYGONALFACE((1,2,3,4));
#2626=IFCINDEXEDPOLYGONALFACE((8,7,6,5));
#2627=IFCINDEXEDPOLYGONALFACE((1,5,6,2));
#2628=IFCINDEXEDPOLYGONALFACE((2,6,7,3));
#2629=IFCINDEXEDPOLYGONALFACE((3,7,8,4));
#2630=IFCINDEXEDPOLYGONALFACE((4,8,5,1));
#2631=IFCPOLYGONALFACESET(#2624,.T.,(#2625,#2626,#2627,#2628,#2629,#2630),$);
#2632=IFCSHAPEREPRESENTATION(#11,'Body','Tessellation',(#2631));
#2633=IFCPRODUCTDEFINITIONSHAPE($,$,(#2632));
#2634=IFCCARTESIANPOINT((0.,0.,0.));
#2635=IFCAXIS2PLACEMENT3D(#2634,$,$);
#2636=IFCLOCALPLACEMENT(#69,#2635);
#2637=IFCCOVERING('1Pd0IWL6bSsODgBaF7zy1K',$,'R/-1/-1#4',$,'gratschnitt',#2636,#2633,$,$);
#2638=IFCPROPERTYSINGLEVALUE('Stueckart',$,IFCLABEL('gratschnitt'),$);
#2639=IFCPROPERTYSINGLEVALUE('Motiv',$,IFCLABEL('R'),$);
#2640=IFCPROPERTYSINGLEVALUE('Rasterposition',$,IFCLABEL('R/-1/-1'),$);
#2641=IFCPROPERTYSINGLEVALUE('Gefaelleflaeche',$,IFCLABEL('F4'),$);
#2642=IFCPROPERTYSINGLEVALUE('Rohling',$,IFCLABEL('S60x10#65'),$);
#2643=IFCPROPERTYSINGLEVALUE('Herkunft',$,IFCLABEL('reststueck'),$);
#2644=IFCPROPERTYSINGLEVALUE('Schnitte',$,IFCINTEGER(2),$);
#2645=IFCPROPERTYSINGLEVALUE('Schnittlaenge',$,IFCREAL(249.69999999999999),$);
#2646=IFCPROPERTYSINGLEVALUE('Schnittarten',$,IFCLABEL('gehrung,gratschnitt'),$);
#2647=IFCPROPERTYSET('2WHGgm9KLOZ9wae2LacO24',$,'HP_Fliesenstueck',$,(#2638,#2639,#2640,#2641,#2642,#2643,#2644,#2645,#2646));
#2648=IFCRELDEFINESBYPROPERTIES('1ZCHL0ySrN0ugMJPdiZfOF',$,$,$,(#2637),#2647);
#2649=IFCQUANTITYLENGTH('Width',$,$,9.,$);
#2650=IFCQUANTITYAREA('NetArea',$,$,0.017314,$);
#2651=IFCELEMENTQUANTITY('3UtpxnooPLv8ccxbd87dQY',$,'Qto_CoveringBaseQuantities',$,$,(#2649,#2650));
#2652=IFCRELDEFINESBYPROPERTIES('3YEM0G9HrS58dUUSvnTprT',$,$,$,(#2637),#2651);
#2653=IFCCARTESIANPOINTLIST3D(((-834.96000000000004,446.42000000000002,13.590999999999999),(-834.96000000000004,347.47000000000003,12.542),(-904.91999999999996,376.44999999999999,13.590999999999999),(-834.96000000000004,446.42000000000002,4.5909999999999993),(-834.96000000000004,347.47000000000003,3.5419999999999998),(-904.91999999999996,376.44999999999999,4.5909999999999993)),$);
#2654=IFCINDEXEDPOLYGONALFACE((1,2,3));
#2655=IFCINDEXEDPOLYGONALFACE((6,5,4));
#2656=IFCINDEXEDPOLYGONALFACE((1,4,5,2));
#2657=IFCINDEXEDPOLYGONALFACE((2,5,6,3));
#2658=IFCINDEXEDPOLYGONALFACE((3,6,4,1));
#2659=IFCPOLYGONALFACESET(#2653,.T.,(#2654,#2655,#2656,#2657,#2658),$);
#2660=IFCSHAPEREPRESENTATION(#11,'Body','Tessellation',(#2659));
#2661=IFCPRODUCTDEFINITIONSHAPE($,$,(#2660));
#2662=IFCCARTESIANPOINT((0.,0.,0.));
#2663=IFCAXIS2PLACEMENT3D(#2662,$,$);
#2664=IFCLOCALPLACEMENT(#69,#2663);
#2665=IFCCOVERING('2tiFUmsJjNqffc8XLp$ijk',$,'R/-1/-2#3',$,'gratschnitt',#2664,#2661,$,$);
#2666=IFCPROPERTYSINGLEVALUE('Stueckart',$,IFCLABEL('gratschnitt'),$);
#2667=IFCPROPERTYSINGLEVALUE('Motiv',$,IFCLABEL('R'),$);
#2668=IFCPROPERTYSINGLEVALUE('Rasterposition',$,IFCLABEL('R/-1/-2'),$);
#2669=IFCPROPERTYSINGLEVALUE('Gefaelleflaeche',$,IFCLABEL('F3'),$);
#2670=IFCPROPERTYSINGLEVALUE('Rohling',$,IFCLABEL('S60x10#51'),$);
#2671=IFCPROPERTYSINGLEVALUE('Herkunft',$,IFCLABEL('reststueck'),$);
#2672=IFCPROPERTYSINGLEVALUE('Schnitte',$,IFCINTEGER(2),$);
#2673=IFCPROPERTYSINGLEVALUE('Schnittlaenge',$,IFCREAL(174.69999999999999),$);
#2674=IFCPROPERTYSINGLEVALUE('Schnittarten',$,IFCLABEL('gehrung,gratschnitt'),$);
#2675=IFCPROPERTYSET('03CCZJ$zbMHxhcZdrXh_Yf',$,'HP_Fliesenstueck',$,(#2666,#2667,#2668,#2669,#2670,#2671,#2672,#2673,#2674));
#2676=IFCRELDEFINESBYPROPERTIES('1xek9ywDjPl9bkx_Qhf2BY',$,$,$,(#2665),#2675);
#2677=IFCQUANTITYLENGTH('Width',$,$,9.,$);
#2678=IFCQUANTITYAREA('NetArea',$,$,0.0034610000000000001,$);
#2679=IFCELEMENTQUANTITY('0o3Y9Bm0bNTQfJzaw5Q87O',$,'Qto_CoveringBaseQuantities',$,$,(#2677,#2678));
#2680=IFCRELDEFINESBYPROPERTIES('3Ii_RET3PK_Q88OUvV544O',$,$,$,(#2665),#2679);
#2681=IFCCARTESIANPOINTLIST3D(((-834.96000000000004,305.,12.523999999999999),(-1188.51,-48.549999999999997,17.827999999999999),(-1188.51,92.870000000000005,17.827999999999999),(-907.22000000000003,374.16000000000003,13.608000000000001),(-834.96000000000004,344.23000000000002,12.523999999999999),(-834.96000000000004,305.,3.5239999999999991),(-1188.51,-48.549999999999997,8.8279999999999994),(-1188.51,92.870000000000005,8.8279999999999994),(-907.22000000000003,374.16000000000003,4.6080000000000005),(-834.96000000000004,344.23000000000002,3.5239999999999991)),$);
#2682=IFCINDEXEDPOLYGONALFACE((1,2,3,4,5));
#2683=IFCINDEXEDPOLYGONALFACE((10,9,8,7,6));
#2684=IFCINDEXEDPOLYGONALFACE((1,6,7,2));
#2685=IFCINDEXEDPOLYGONALFACE((2,7,8,3));
#2686=IFCINDEXEDPOLYGONALFACE((3,8,9,4));
#2687=IFCINDEXEDPOLYGONALFACE((4,9,10,5));
#2688=IFCINDEXEDPOLYGONALFACE((5,10,6,1));
#2689=IFCPOLYGONALFACESET(#2681,.T.,(#2682,#2683,#2684,#2685,#2686,#2687,#2688),$);
#2690=IFCSHAPEREPRESENTATION(#11,'Body','Tessellation',(#2689));
#2691=IFCPRODUCTDEFINITIONSHAPE($,$,(#2690));
#2692=IFCCARTESIANPOINT((0.,0.,0.));
#2693=IFCAXIS2PLACEMENT3D(#2692,$,$);
#2694=IFCLOCALPLACEMENT(#69,#2693);
#2695=IFCCOVERING('14nW28ykzLJg6IebiGiRg4',$,'R/-1/-2#4',$,'gratschnitt',#2694,#2691,$,$);
#2696=IFCPROPERTYSINGLEVALUE('Stueckart',$,IFCLABEL('gratschnitt'),$);
#2697=IFCPROPERTYSINGLEVALUE('Motiv',$,IFCLABEL('R'),$);
#2698=IFCPROPERTYSINGLEVALUE('Rasterposition',$,IFCLABEL('R/-1/-2'),$);
#2699=IFCPROPERTYSINGLEVALUE('Gefaelleflaeche',$,IFCLABEL('F4'),$);
#2700=IFCPROPERTYSINGLEVALUE('Rohling',$,IFCLABEL('S60x10#28'),$);
#2701=IFCPROPERTYSINGLEVALUE('Herkunft',$,IFCLABEL('neu'),$);
#2702=IFCPROPERTYSINGLEVALUE('Schnitte',$,IFCINTEGER(3),$);
#2703=IFCPROPERTYSINGLEVALUE('Schnittlaenge',$,IFCREAL(258.89999999999998),$);
#2704=IFCPROPERTYSINGLEVALUE('Schnittarten',$,IFCLABEL('gehrung,gratschnitt'),$);
#2705=IFCPROPERTYSET('2nH$widEzVdewQFCyc$6_H',$,'HP_Fliesenstueck',$,(#2696,#2697,#2698,#2699,#2700,#2701,#2702,#2703,#2704));
#2706=IFCRELDEFINESBYPROPERTIES('2XnN47HhnRugkXSlBC524C',$,$,$,(#2695),#2705);
#2707=IFCQUANTITYLENGTH('Width',$,$,9.,$);
#2708=IFCQUANTITYAREA('NetArea',$,$,0.046308000000000002,$);
#2709=IFCELEMENTQUANTITY('2Nyvx$keXRvel$OjMHtgEO',$,'Qto_CoveringBaseQuantities',$,$,(#2707,#2708));
#2710=IFCRELDEFINESBYPROPERTIES('1o8umCC1fGvRn3Q8wqjmwQ',$,$,$,(#2695),#2709);
#2711=IFCCARTESIANPOINTLIST3D(((237.69999999999999,-48.549999999999997,3.5659999999999998),(237.69999999999999,92.870000000000005,3.5659999999999998),(244.47999999999999,99.640000000000001,3.6669999999999998),(485.89999999999998,199.63999999999999,7.2880000000000003),(237.69999999999999,-48.549999999999997,-5.4340000000000002),(237.69999999999999,92.870000000000005,-5.4340000000000002),(244.47999999999999,99.640000000000001,-5.3330000000000002),(485.89999999999998,199.63999999999999,-1.7119999999999997)),$);
#2712=IFCINDEXEDPOLYGONALFACE((1,2,3,4));
#2713=IFCINDEXEDPOLYGONALFACE((8,7,6,5));
#2714=IFCINDEXEDPOLYGONALFACE((1,5,6,2));
#2715=IFCINDEXEDPOLYGONALFACE((2,6,7,3));
#2716=IFCINDEXEDPOLYGONALFACE((3,7,8,4));
#2717=IFCINDEXEDPOLYGONALFACE((4,8,5,1));
#2718=IFCPOLYGONALFACESET(#2711,.T.,(#2712,#2713,#2714,#2715,#2716,#2717),$);
#2719=IFCSHAPEREPRESENTATION(#11,'Body','Tessellation',(#2718));
#2720=IFCPRODUCTDEFINITIONSHAPE($,$,(#2719));
#2721=IFCCARTESIANPOINT((0.,0.,0.));
#2722=IFCAXIS2PLACEMENT3D(#2721,$,$);
#2723=IFCLOCALPLACEMENT(#69,#2722);
#2724=IFCCOVERING('3$aZ_asULNxxz7ZZcYuenm',$,'R/-1/0#0',$,'gratschnitt',#2723,#2720,$,$);
#2725=IFCPROPERTYSINGLEVALUE('Stueckart',$,IFCLABEL('gratschnitt'),$);
#2726=IFCPROPERTYSINGLEVALUE('Motiv',$,IFCLABEL('R'),$);
#2727=IFCPROPERTYSINGLEVALUE('Rasterposition',$,IFCLABEL('R/-1/0'),$);
#2728=IFCPROPERTYSINGLEVALUE('Gefaelleflaeche',$,IFCLABEL('F0'),$);
#2729=IFCPROPERTYSINGLEVALUE('Rohling',$,IFCLABEL('S60x10#74'),$);
#2730=IFCPROPERTYSINGLEVALUE('Herkunft',$,IFCLABEL('reststueck'),$);
#2731=IFCPROPERTYSINGLEVALUE('Schnitte',$,IFCINTEGER(2),$);
#2732=IFCPROPERTYSINGLEVALUE('Schnittlaenge',$,IFCREAL(402.69999999999999),$);
#2733=IFCPROPERTYSINGLEVALUE('Schnittarten',$,IFCLABEL('gehrung,gratschnitt'),$);
#2734=IFCPROPERTYSET('3Lmt0uhBfU69ELBrIJM4X0',$,'HP_Fliesenstueck',$,(#2725,#2726,#2727,#2728,#2729,#2730,#2731,#2732,#2733));
#2735=IFCRELDEFINESBYPROPERTIES('3e6g8lWXrGfRyLE2RahISF',$,$,$,(#2724),#2734);
#2736=IFCQUANTITYLENGTH('Width',$,$,9.,$);
#2737=IFCQUANTITYAREA('NetArea',$,$,0.018029,$);
#2738=IFCELEMENTQUANTITY('3iySuXdTfR6wcGtZZk0uB2',$,'Qto_CoveringBaseQuantities',$,$,(#2736,#2737));
#2739=IFCRELDEFINESBYPROPERTIES('1d64zJ6uvJEfXkADTbzOGx',$,$,$,(#2724),#2738);
#2740=IFCCARTESIANPOINTLIST3D(((591.25999999999999,446.42000000000002,11.006),(591.25999999999999,305.,9.5060000000000002),(491.44,205.19,7.3890000000000002),(250.02000000000001,105.19,3.7679999999999998),(591.25999999999999,446.42000000000002,2.0060000000000002),(591.25999999999999,305.,0.50600000000000023),(491.44,205.19,-1.6109999999999998),(250.02000000000001,105.19,-5.2320000000000002)),$);
#2741=IFCINDEXEDPOLYGONALFACE((1,2,3,4));
#2742=IFCINDEXEDPOLYGONALFACE((8,7,6,5));
#2743=IFCINDEXEDPOLYGONALFACE((1,5,6,2));
#2744=IFCINDEXEDPOLYGONALFACE((2,6,7,3));
#2745=IFCINDEXEDPOLYGONALFACE((3,7,8,4));
#2746=IFCINDEXEDPOLYGONALFACE((4,8,5,1));
#2747=IFCPOLYGONALFACESET(#2740,.T.,(#2741,#2742,#2743,#2744,#2745,#2746),$);
#2748=IFCSHAPEREPRESENTATION(#11,'Body','Tessellation',(#2747));
#2749=IFCPRODUCTDEFINITIONSHAPE($,$,(#2748));
#2750=IFCCARTESIANPOINT((0.,0.,0.));
#2751=IFCAXIS2PLACEMENT3D(#2750,$,$);
#2752=IFCLOCALPLACEMENT(#69,#2751);
#2753=IFCCOVERING('0wM6MFWAHIEODwU5eKT9Nb',$,'R/-1/0#1',$,'gratschnitt',#2752,#2749,$,$);
#2754=IFCPROPERTYSINGLEVALUE('Stueckart',$,IFCLABEL('gratschnitt'),$);
#2755=IFCPROPERTYSINGLEVALUE('Motiv',$,IFCLABEL('R'),$);
#2756=IFCPROPERTYSINGLEVALUE('Rasterposition',$,IFCLABEL('R/-1/0'),$);
#2757=IFCPROPERTYSINGLEVALUE('Gefaelleflaeche',$,IFCLABEL('F1'),$);
#2758=IFCPROPERTYSINGLEVALUE('Rohling',$,IFCLABEL('S60x10#74'),$);
#2759=IFCPROPERTYSINGLEVALUE('Herkunft',$,IFCLABEL('neu'),$);
#2760=IFCPROPERTYSINGLEVALUE('Schnitte',$,IFCINTEGER(2),$);
#2761=IFCPROPERTYSINGLEVALUE('Schnittlaenge',$,IFCREAL(402.69999999999999),$);
#2762=IFCPROPERTYSINGLEVALUE('Schnittarten',$,IFCLABEL('gehrung,gratschnitt'),$);
#2763=IFCPROPERTYSET('105b98BsTGTez9YxZa7Zy9',$,'HP_Fliesenstueck',$,(#2754,#2755,#2756,#2757,#2758,#2759,#2760,#2761,#2762));
#2764=IFCRELDEFINESBYPROPERTIES('0kgqUdx9zJtRbiASfyLIe3',$,$,$,(#2753),#2763);
#2765=IFCQUANTITYLENGTH('Width',$,$,9.,$);
#2766=IFCQUANTITYAREA('NetArea',$,$,0.031186999999999999,$);
#2767=IFCELEMENTQUANTITY('2ssrXKx5LVlvxDD8H5UUC5',$,'Qto_CoveringBaseQuantities',$,$,(#2765,#2766));
#2768=IFCRELDEFINESBYPROPERTIES('1xO$A3glvHcgm8jxVoNWi$',$,$,$,(#2753),#2767);
#2769=IFCCARTESIANPOINTLIST3D(((950.80999999999995,-48.549999999999997,14.262),(950.80999999999995,92.870000000000005,14.262),(1197.,339.06,17.954999999999998),(1197.,197.63999999999999,17.954999999999998),(950.80999999999995,-48.549999999999997,5.2620000000000005),(950.80999999999995,92.870000000000005,5.2620000000000005),(1197.,339.06,8.9549999999999983),(1197.,197.63999999999999,8.9549999999999983)),$);
#2770=IFCINDEXEDPOLYGONALFACE((1,2,3,4));
#2771=IFCINDEXEDPOLYGONALFACE((8,7,6,5));
#2772=IFCINDEXEDPOLYGONALFACE((1,5,6,2));
#2773=IFCINDEXEDPOLYGONALFACE((2,6,7,3));
#2774=IFCINDEXEDPOLYGONALFACE((3,7,8,4));
#2775=IFCINDEXEDPOLYGONALFACE((4,8,5,1));
#2776=IFCPOLYGONALFACESET(#2769,.T.,(#2770,#2771,#2772,#2773,#2774,#2775),$);
#2777=IFCSHAPEREPRESENTATION(#11,'Body','Tessellation',(#2776));
#2778=IFCPRODUCTDEFINITIONSHAPE($,$,(#2777));
#2779=IFCCARTESIANPOINT((0.,0.,0.));
#2780=IFCAXIS2PLACEMENT3D(#2779,$,$);
#2781=IFCLOCALPLACEMENT(#69,#2780);
#2782=IFCCOVERING('1EFY9Gr3vN2wVe823YZGgw',$,'R/-1/1#0',$,'schraeg',#2781,#2778,$,$);
#2783=IFCPROPERTYSINGLEVALUE('Stueckart',$,IFCLABEL('schraeg'),$);
#2784=IFCPROPERTYSINGLEVALUE('Motiv',$,IFCLABEL('R'),$);
#2785=IFCPROPERTYSINGLEVALUE('Rasterposition',$,IFCLABEL('R/-1/1'),$);
#2786=IFCPROPERTYSINGLEVALUE('Gefaelleflaeche',$,IFCLABEL('F0'),$);
#2787=IFCPROPERTYSINGLEVALUE('Rohling',$,IFCLABEL('S60x10#53'),$);
#2788=IFCPROPERTYSINGLEVALUE('Herkunft',$,IFCLABEL('neu'),$);
#2789=IFCPROPERTYSINGLEVALUE('Schnitte',$,IFCINTEGER(2),$);
#2790=IFCPROPERTYSINGLEVALUE('Schnittlaenge',$,IFCREAL(282.80000000000001),$);
#2791=IFCPROPERTYSINGLEVALUE('Schnittarten',$,IFCLABEL('schraeg,gehrung'),$);
#2792=IFCPROPERTYSET('1aEqi3TzLPVe3b7pbqBkeI',$,'HP_Fliesenstueck',$,(#2783,#2784,#2785,#2786,#2787,#2788,#2789,#2790,#2791));
#2793=IFCRELDEFINESBYPROPERTIES('1F5QL6hePRfx9ejpmCsa2x',$,$,$,(#2782),#2792);
#2794=IFCQUANTITYLENGTH('Width',$,$,9.,$);
#2795=IFCQUANTITYAREA('NetArea',$,$,0.034817000000000001,$);
#2796=IFCELEMENTQUANTITY('1_icvtgaPT1R4GkCuzvKjp',$,'Qto_CoveringBaseQuantities',$,$,(#2794,#2795));
#2797=IFCRELDEFINESBYPROPERTIES('1mI19w7GHUKhWwozJjKa8u',$,$,$,(#2782),#2796);
#2798=IFCCARTESIANPOINTLIST3D(((-121.84999999999999,-864.55999999999995,12.968),(-121.84999999999999,-1005.98,15.09),(-312.87,-1197.,17.954999999999998),(-454.30000000000001,-1197.,17.954999999999998),(-121.84999999999999,-864.55999999999995,3.968),(-121.84999999999999,-1005.98,6.0899999999999999),(-312.87,-1197.,8.9549999999999983),(-454.30000000000001,-1197.,8.9549999999999983)),$);
#2799=IFCINDEXEDPOLYGONALFACE((1,2,3,4));
#2800=IFCINDEXEDPOLYGONALFACE((8,7,6,5));
#2801=IFCINDEXEDPOLYGONALFACE((1,5,6,2));
#2802=IFCINDEXEDPOLYGONALFACE((2,6,7,3));
#2803=IFCINDEXEDPOLYGONALFACE((3,7,8,4));
#2804=IFCINDEXEDPOLYGONALFACE((4,8,5,1));
#2805=IFCPOLYGONALFACESET(#2798,.T.,(#2799,#2800,#2801,#2802,#2803,#2804),$);
#2806=IFCSHAPEREPRESENTATION(#11,'Body','Tessellation',(#2805));
#2807=IFCPRODUCTDEFINITIONSHAPE($,$,(#2806));
#2808=IFCCARTESIANPOINT((0.,0.,0.));
#2809=IFCAXIS2PLACEMENT3D(#2808,$,$);
#2810=IFCLOCALPLACEMENT(#69,#2809);
#2811=IFCCOVERING('02x8wzuGzMY8LacHx0BP92',$,'R/-10/-1#6',$,'schraeg',#2810,#2807,$,$);
#2812=IFCPROPERTYSINGLEVALUE('Stueckart',$,IFCLABEL('schraeg'),$);
#2813=IFCPROPERTYSINGLEVALUE('Motiv',$,IFCLABEL('R'),$);
#2814=IFCPROPERTYSINGLEVALUE('Rasterposition',$,IFCLABEL('R/-10/-1'),$);
#2815=IFCPROPERTYSINGLEVALUE('Gefaelleflaeche',$,IFCLABEL('F6'),$);
#2816=IFCPROPERTYSINGLEVALUE('Rohling',$,IFCLABEL('S60x10#49'),$);
#2817=IFCPROPERTYSINGLEVALUE('Herkunft',$,IFCLABEL('neu'),$);
#2818=IFCPROPERTYSINGLEVALUE('Schnitte',$,IFCINTEGER(2),$);
#2819=IFCPROPERTYSINGLEVALUE('Schnittlaenge',$,IFCREAL(282.80000000000001),$);
#2820=IFCPROPERTYSINGLEVALUE('Schnittarten',$,IFCLABEL('schraeg,gehrung'),$);
#2821=IFCPROPERTYSET('2EcLhjThrTwP0ZHvbnDemN',$,'HP_Fliesenstueck',$,(#2812,#2813,#2814,#2815,#2816,#2817,#2818,#2819,#2820));
#2822=IFCRELDEFINESBYPROPERTIES('3lmimpkGbQROW5Us3N54QP',$,$,$,(#2811),#2821);
#2823=IFCQUANTITYLENGTH('Width',$,$,9.,$);
#2824=IFCQUANTITYAREA('NetArea',$,$,0.037014999999999999,$);
#2825=IFCELEMENTQUANTITY('1FxrzCjMDN_ferVQ26H1nC',$,'Qto_CoveringBaseQuantities',$,$,(#2823,#2824));
#2826=IFCRELDEFINESBYPROPERTIES('102CUC7LvMPAgeG7HKP4Iy',$,$,$,(#2811),#2825);
#2827=IFCCARTESIANPOINTLIST3D(((400.23000000000002,-1197.,17.954999999999998),(258.81,-1197.,17.954999999999998),(425.25,-1030.5599999999999,15.458),(466.67000000000002,-1130.5599999999999,16.957999999999998),(400.23000000000002,-1197.,8.9549999999999983),(258.81,-1197.,8.9549999999999983),(425.25,-1030.5599999999999,6.4580000000000002),(466.67000000000002,-1130.5599999999999,7.9579999999999984)),$);
#2828=IFCINDEXEDPOLYGONALFACE((1,2,3,4));
#2829=IFCINDEXEDPOLYGONALFACE((8,7,6,5));
#2830=IFCINDEXEDPOLYGONALFACE((1,5,6,2));
#2831=IFCINDEXEDPOLYGONALFACE((2,6,7,3));
#2832=IFCINDEXEDPOLYGONALFACE((3,7,8,4));
#2833=IFCINDEXEDPOLYGONALFACE((4,8,5,1));
#2834=IFCPOLYGONALFACESET(#2827,.T.,(#2828,#2829,#2830,#2831,#2832,#2833),$);
#2835=IFCSHAPEREPRESENTATION(#11,'Body','Tessellation',(#2834));
#2836=IFCPRODUCTDEFINITIONSHAPE($,$,(#2835));
#2837=IFCCARTESIANPOINT((0.,0.,0.));
#2838=IFCAXIS2PLACEMENT3D(#2837,$,$);
#2839=IFCLOCALPLACEMENT(#69,#2838);
#2840=IFCCOVERING('0Dh$SxQTbUq8gITEv0Yw2O',$,'R/-10/0#6',$,'gratschnitt',#2839,#2836,$,$);
#2841=IFCPROPERTYSINGLEVALUE('Stueckart',$,IFCLABEL('gratschnitt'),$);
#2842=IFCPROPERTYSINGLEVALUE('Motiv',$,IFCLABEL('R'),$);
#2843=IFCPROPERTYSINGLEVALUE('Rasterposition',$,IFCLABEL('R/-10/0'),$);
#2844=IFCPROPERTYSINGLEVALUE('Gefaelleflaeche',$,IFCLABEL('F6'),$);
#2845=IFCPROPERTYSINGLEVALUE('Rohling',$,IFCLABEL('S60x10#94'),$);
#2846=IFCPROPERTYSINGLEVALUE('Herkunft',$,IFCLABEL('neu'),$);
#2847=IFCPROPERTYSINGLEVALUE('Schnitte',$,IFCINTEGER(2),$);
#2848=IFCPROPERTYSINGLEVALUE('Schnittlaenge',$,IFCREAL(249.69999999999999),$);
#2849=IFCPROPERTYSINGLEVALUE('Schnittarten',$,IFCLABEL('schraeg,gratschnitt'),$);
#2850=IFCPROPERTYSET('2zOHFddofHVO6Lk_NVBFbb',$,'HP_Fliesenstueck',$,(#2841,#2842,#2843,#2844,#2845,#2846,#2847,#2848,#2849));
#2851=IFCRELDEFINESBYPROPERTIES('2FTl1gHj1KcvcYJqorzT_w',$,$,$,(#2840),#2850);
#2852=IFCQUANTITYLENGTH('Width',$,$,9.,$);
#2853=IFCQUANTITYAREA('NetArea',$,$,0.016466999999999999,$);
#2854=IFCELEMENTQUANTITY('0uHr$5fVLVSQ6pJhMy3dFY',$,'Qto_CoveringBaseQuantities',$,$,(#2852,#2853));
#2855=IFCRELDEFINESBYPROPERTIES('1dsQyiGp1PlBmyJ331MQyO',$,$,$,(#2840),#2854);
#2856=IFCCARTESIANPOINTLIST3D(((591.25999999999999,-864.55999999999995,15.441000000000001),(591.25999999999999,-1005.98,16.940999999999999),(468.97000000000003,-1128.27,16.940999999999999),(427.55000000000001,-1028.27,15.441000000000001),(591.25999999999999,-864.55999999999995,6.4410000000000007),(591.25999999999999,-1005.98,7.9409999999999989),(468.97000000000003,-1128.27,7.9409999999999989),(427.55000000000001,-1028.27,6.4410000000000007)),$);
#2857=IFCINDEXEDPOLYGONALFACE((1,2,3,4));
#2858=IFCINDEXEDPOLYGONALFACE((8,7,6,5));
#2859=IFCINDEXEDPOLYGONALFACE((1,5,6,2));
#2860=IFCINDEXEDPOLYGONALFACE((2,6,7,3));
#2861=IFCINDEXEDPOLYGONALFACE((3,7,8,4));
#2862=IFCINDEXEDPOLYGONALFACE((4,8,5,1));
#2863=IFCPOLYGONALFACESET(#2856,.T.,(#2857,#2858,#2859,#2860,#2861,#2862),$);
#2864=IFCSHAPEREPRESENTATION(#11,'Body','Tessellation',(#2863));
#2865=IFCPRODUCTDEFINITIONSHAPE($,$,(#2864));
#2866=IFCCARTESIANPOINT((0.,0.,0.));
#2867=IFCAXIS2PLACEMENT3D(#2866,$,$);
#2868=IFCLOCALPLACEMENT(#69,#2867);
#2869=IFCCOVERING('2gQiZrTSrMgBWON1M$IJvw',$,'R/-10/0#7',$,'gratschnitt',#2868,#2865,$,$);
#2870=IFCPROPERTYSINGLEVALUE('Stueckart',$,IFCLABEL('gratschnitt'),$);
#2871=IFCPROPERTYSINGLEVALUE('Motiv',$,IFCLABEL('R'),$);
#2872=IFCPROPERTYSINGLEVALUE('Rasterposition',$,IFCLABEL('R/-10/0'),$);
#2873=IFCPROPERTYSINGLEVALUE('Gefaelleflaeche',$,IFCLABEL('F7'),$);
#2874=IFCPROPERTYSINGLEVALUE('Rohling',$,IFCLABEL('S60x10#90'),$);
#2875=IFCPROPERTYSINGLEVALUE('Herkunft',$,IFCLABEL('reststueck'),$);
#2876=IFCPROPERTYSINGLEVALUE('Schnitte',$,IFCINTEGER(2),$);
#2877=IFCPROPERTYSINGLEVALUE('Schnittlaenge',$,IFCREAL(249.69999999999999),$);
#2878=IFCPROPERTYSINGLEVALUE('Schnittarten',$,IFCLABEL('gehrung,gratschnitt'),$);
#2879=IFCPROPERTYSET('31RR_Ud95VcBgy4BAh6jog',$,'HP_Fliesenstueck',$,(#2870,#2871,#2872,#2873,#2874,#2875,#2876,#2877,#2878));
#2880=IFCRELDEFINESBYPROPERTIES('1in1TND4HHKP$wCsV_nMY_',$,$,$,(#2869),#2879);
#2881=IFCQUANTITYLENGTH('Width',$,$,9.,$);
#2882=IFCQUANTITYAREA('NetArea',$,$,0.020223000000000001,$);
#2883=IFCELEMENTQUANTITY('0RzL6grXvO5fJFsH5Jilsu',$,'Qto_CoveringBaseQuantities',$,$,(#2881,#2882));
#2884=IFCRELDEFINESBYPROPERTIES('2kub5yNyrUsw7UFMdhpvad',$,$,$,(#2869),#2883);
#2885=IFCCARTESIANPOINTLIST3D(((-121.84999999999999,-1010.22,15.153),(-121.84999999999999,-1151.6400000000001,17.274999999999999),(-167.21000000000001,-1197.,17.954999999999998),(-308.63,-1197.,17.954999999999998),(-121.84999999999999,-1010.22,6.1530000000000005),(-121.84999999999999,-1151.6400000000001,8.2749999999999986),(-167.21000000000001,-1197.,8.9549999999999983),(-308.63,-1197.,8.9549999999999983)),$);
#2886=IFCINDEXEDPOLYGONALFACE((1,2,3,4));
#2887=IFCINDEXEDPOLYGONALFACE((8,7,6,5));
#2888=IFCINDEXEDPOLYGONALFACE((1,5,6,2));
#2889=IFCINDEXEDPOLYGONALFACE((2,6,7,3));
#2890=IFCINDEXEDPOLYGONALFACE((3,7,8,4));
#2891=IFCINDEXEDPOLYGONALFACE((4,8,5,1));
#2892=IFCPOLYGONALFACESET(#2885,.T.,(#2886,#2887,#2888,#2889,#2890,#2891),$);
#2893=IFCSHAPEREPRESENTATION(#11,'Body','Tessellation',(#2892));
#2894=IFCPRODUCTDEFINITIONSHAPE($,$,(#2893));
#2895=IFCCARTESIANPOINT((0.,0.,0.));
#2896=IFCAXIS2PLACEMENT3D(#2895,$,$);
#2897=IFCLOCALPLACEMENT(#69,#2896);
#2898=IFCCOVERING('3ioknX$$9QcwILWG9aixq8',$,'R/-11/-1#6',$,'schraeg',#2897,#2894,$,$);
#2899=IFCPROPERTYSINGLEVALUE('Stueckart',$,IFCLABEL('schraeg'),$);
#2900=IFCPROPERTYSINGLEVALUE('Motiv',$,IFCLABEL('R'),$);
#2901=IFCPROPERTYSINGLEVALUE('Rasterposition',$,IFCLABEL('R/-11/-1'),$);
#2902=IFCPROPERTYSINGLEVALUE('Gefaelleflaeche',$,IFCLABEL('F6'),$);
#2903=IFCPROPERTYSINGLEVALUE('Rohling',$,IFCLABEL('S60x10#93'),$);
#2904=IFCPROPERTYSINGLEVALUE('Herkunft',$,IFCLABEL('reststueck'),$);
#2905=IFCPROPERTYSINGLEVALUE('Schnitte',$,IFCINTEGER(2),$);
#2906=IFCPROPERTYSINGLEVALUE('Schnittlaenge',$,IFCREAL(282.80000000000001),$);
#2907=IFCPROPERTYSINGLEVALUE('Schnittarten',$,IFCLABEL('schraeg,gehrung'),$);
#2908=IFCPROPERTYSET('0NWKcgKpHVPeQ0zf2niBNk',$,'HP_Fliesenstueck',$,(#2899,#2900,#2901,#2902,#2903,#2904,#2905,#2906,#2907));
#2909=IFCRELDEFINESBYPROPERTIES('1S$_3aJTTLZR04TkGxAPJ7',$,$,$,(#2898),#2908);
#2910=IFCQUANTITYLENGTH('Width',$,$,9.,$);
#2911=IFCQUANTITYAREA('NetArea',$,$,0.016414999999999999,$);
#2912=IFCELEMENTQUANTITY('3riLe9VULMo9p75Wc0KBpb',$,'Qto_CoveringBaseQuantities',$,$,(#2910,#2911));
#2913=IFCRELDEFINESBYPROPERTIES('3aVRWOmunRixG2lsb44AKe',$,$,$,(#2898),#2912);
#2914=IFCCARTESIANPOINTLIST3D(((467.91000000000003,-1133.5599999999999,17.003),(494.19,-1197.,17.954999999999998),(404.48000000000002,-1197.,17.954999999999998),(467.91000000000003,-1133.5599999999999,8.0030000000000001),(494.19,-1197.,8.9549999999999983),(404.48000000000002,-1197.,8.9549999999999983)),$);
#2915=IFCINDEXEDPOLYGONALFACE((1,2,3));
#2916=IFCINDEXEDPOLYGONALFACE((6,5,4));
#2917=IFCINDEXEDPOLYGONALFACE((1,4,5,2));
#2918=IFCINDEXEDPOLYGONALFACE((2,5,6,3));
#2919=IFCINDEXEDPOLYGONALFACE((3,6,4,1));
#2920=IFCPOLYGONALFACESET(#2914,.T.,(#2915,#2916,#2917,#2918,#2919),$);
#2921=IFCSHAPEREPRESENTATION(#11,'Body','Tessellation',(#2920));
#2922=IFCPRODUCTDEFINITIONSHAPE($,$,(#2921));
#2923=IFCCARTESIANPOINT((0.,0.,0.));
#2924=IFCAXIS2PLACEMENT3D(#2923,$,$);
#2925=IFCLOCALPLACEMENT(#69,#2924);
#2926=IFCCOVERING('20vj0P6PrIa9Qz1wXBDIDv',$,'R/-11/0#6',$,'gratschnitt',#2925,#2922,$,$);
#2927=IFCPROPERTYSINGLEVALUE('Stueckart',$,IFCLABEL('gratschnitt'),$);
#2928=IFCPROPERTYSINGLEVALUE('Motiv',$,IFCLABEL('R'),$);
#2929=IFCPROPERTYSINGLEVALUE('Rasterposition',$,IFCLABEL('R/-11/0'),$);
#2930=IFCPROPERTYSINGLEVALUE('Gefaelleflaeche',$,IFCLABEL('F6'),$);
#2931=IFCPROPERTYSINGLEVALUE('Rohling',$,IFCLABEL('S60x10#97'),$);
#2932=IFCPROPERTYSINGLEVALUE('Herkunft',$,IFCLABEL('reststueck'),$);
#2933=IFCPROPERTYSINGLEVALUE('Schnitte',$,IFCINTEGER(2),$);
#2934=IFCPROPERTYSINGLEVALUE('Schnittlaenge',$,IFCREAL(158.40000000000001),$);
#2935=IFCPROPERTYSINGLEVALUE('Schnittarten',$,IFCLABEL('schraeg,gratschnitt'),$);
#2936=IFCPROPERTYSET('3j$oP4Z5PSqQp8qYidG46q',$,'HP_Fliesenstueck',$,(#2927,#2928,#2929,#2930,#2931,#2932,#2933,#2934,#2935));
#2937=IFCRELDEFINESBYPROPERTIES('3U9VwCwZ9KLwvzYPvQd58Y',$,$,$,(#2926),#2936);
#2938=IFCQUANTITYLENGTH('Width',$,$,9.,$);
#2939=IFCQUANTITYAREA('NetArea',$,$,0.002846,$);
#2940=IFCELEMENTQUANTITY('23fpz7T8rSbQEFStQHqhpz',$,'Qto_CoveringBaseQuantities',$,$,(#2938,#2939));
#2941=IFCRELDEFINESBYPROPERTIES('1bltL__wvJHf09jkp601wt',$,$,$,(#2926),#2940);
#2942=IFCCARTESIANPOINTLIST3D(((591.25999999999999,-1010.22,16.986000000000001),(591.25999999999999,-1101.5599999999999,17.954999999999998),(496.95999999999998,-1195.8499999999999,17.954999999999998),(470.20999999999998,-1131.27,16.986000000000001),(591.25999999999999,-1010.22,7.9860000000000007),(591.25999999999999,-1101.5599999999999,8.9549999999999983),(496.95999999999998,-1195.8499999999999,8.9549999999999983),(470.20999999999998,-1131.27,7.9860000000000007)),$);
#2943=IFCINDEXEDPOLYGONALFACE((1,2,3,4));
#2944=IFCINDEXEDPOLYGONALFACE((8,7,6,5));
#2945=IFCINDEXEDPOLYGONALFACE((1,5,6,2));
#2946=IFCINDEXEDPOLYGONALFACE((2,6,7,3));
#2947=IFCINDEXEDPOLYGONALFACE((3,7,8,4));
#2948=IFCINDEXEDPOLYGONALFACE((4,8,5,1));
#2949=IFCPOLYGONALFACESET(#2942,.T.,(#2943,#2944,#2945,#2946,#2947,#2948),$);
#2950=IFCSHAPEREPRESENTATION(#11,'Body','Tessellation',(#2949));
#2951=IFCPRODUCTDEFINITIONSHAPE($,$,(#2950));
#2952=IFCCARTESIANPOINT((0.,0.,0.));
#2953=IFCAXIS2PLACEMENT3D(#2952,$,$);
#2954=IFCLOCALPLACEMENT(#69,#2953);
#2955=IFCCOVERING('3nDy0qCYXIcQ_nJRJ$BJFa',$,'R/-11/0#7',$,'gratschnitt',#2954,#2951,$,$);
#2956=IFCPROPERTYSINGLEVALUE('Stueckart',$,IFCLABEL('gratschnitt'),$);
#2957=IFCPROPERTYSINGLEVALUE('Motiv',$,IFCLABEL('R'),$);
#2958=IFCPROPERTYSINGLEVALUE('Rasterposition',$,IFCLABEL('R/-11/0'),$);
#2959=IFCPROPERTYSINGLEVALUE('Gefaelleflaeche',$,IFCLABEL('F7'),$);
#2960=IFCPROPERTYSINGLEVALUE('Rohling',$,IFCLABEL('S60x10#89'),$);
#2961=IFCPROPERTYSINGLEVALUE('Herkunft',$,IFCLABEL('reststueck'),$);
#2962=IFCPROPERTYSINGLEVALUE('Schnitte',$,IFCINTEGER(3),$);
#2963=IFCPROPERTYSINGLEVALUE('Schnittlaenge',$,IFCREAL(294.60000000000002),$);
#2964=IFCPROPERTYSINGLEVALUE('Schnittarten',$,IFCLABEL('gerade,gehrung,gratschnitt'),$);
#2965=IFCPROPERTYSET('39GDZC2W9KKwvlxLgYr3OX',$,'HP_Fliesenstueck',$,(#2956,#2957,#2958,#2959,#2960,#2961,#2962,#2963,#2964));
#2966=IFCRELDEFINESBYPROPERTIES('1D7QborDDL4vyaJbjOaLFn',$,$,$,(#2955),#2965);
#2967=IFCQUANTITYLENGTH('Width',$,$,9.,$);
#2968=IFCQUANTITYAREA('NetArea',$,$,0.0098340000000000007,$);
#2969=IFCELEMENTQUANTITY('1kL7SWse5RH8KD3k_By7qV',$,'Qto_CoveringBaseQuantities',$,$,(#2967,#2968));
#2970=IFCRELDEFINESBYPROPERTIES('0$DCiL7_fL8xBWC47M_ww6',$,$,$,(#2955),#2969);
#2971=IFCCARTESIANPOINTLIST3D(((-121.84999999999999,-1155.8800000000001,17.338000000000001),(-121.84999999999999,-1197.,17.954999999999998),(-162.97,-1197.,17.954999999999998),(-121.84999999999999,-1155.8800000000001,8.338000000000001),(-121.84999999999999,-1197.,8.9549999999999983),(-162.97,-1197.,8.9549999999999983)),$);
#2972=IFCINDEXEDPOLYGONALFACE((1,2,3));
#2973=IFCINDEXEDPOLYGONALFACE((6,5,4));
#2974=IFCINDEXEDPOLYGONALFACE((1,4,5,2));
#2975=IFCINDEXEDPOLYGONALFACE((2,5,6,3));
#2976=IFCINDEXEDPOLYGONALFACE((3,6,4,1));
#2977=IFCPOLYGONALFACESET(#2971,.T.,(#2972,#2973,#2974,#2975,#2976),$);
#2978=IFCSHAPEREPRESENTATION(#11,'Body','Tessellation',(#2977));
#2979=IFCPRODUCTDEFINITIONSHAPE($,$,(#2978));
#2980=IFCCARTESIANPOINT((0.,0.,0.));
#2981=IFCAXIS2PLACEMENT3D(#2980,$,$);
#2982=IFCLOCALPLACEMENT(#69,#2981);
#2983=IFCCOVERING('0i1o8oYwzQdwYlaOwKaG5p',$,'R/-12/-1#6',$,'schraeg',#2982,#2979,$,$);
#2984=IFCPROPERTYSINGLEVALUE('Stueckart',$,IFCLABEL('schraeg'),$);
#2985=IFCPROPERTYSINGLEVALUE('Motiv',$,IFCLABEL('R'),$);
#2986=IFCPROPERTYSINGLEVALUE('Rasterposition',$,IFCLABEL('R/-12/-1'),$);
#2987=IFCPROPERTYSINGLEVALUE('Gefaelleflaeche',$,IFCLABEL('F6'),$);
#2988=IFCPROPERTYSINGLEVALUE('Rohling',$,IFCLABEL('S60x10#67'),$);
#2989=IFCPROPERTYSINGLEVALUE('Herkunft',$,IFCLABEL('reststueck'),$);
#2990=IFCPROPERTYSINGLEVALUE('Schnitte',$,IFCINTEGER(2),$);
#2991=IFCPROPERTYSINGLEVALUE('Schnittlaenge',$,IFCREAL(82.200000000000003),$);
#2992=IFCPROPERTYSINGLEVALUE('Schnittarten',$,IFCLABEL('schraeg,gehrung'),$);
#2993=IFCPROPERTYSET('02na4GYmHJSBv4p5Qq3xz3',$,'HP_Fliesenstueck',$,(#2984,#2985,#2986,#2987,#2988,#2989,#2990,#2991,#2992));
#2994=IFCRELDEFINESBYPROPERTIES('2UWZTSnAzRJA_GQSoRIsVP',$,$,$,(#2983),#2993);
#2995=IFCQUANTITYLENGTH('Width',$,$,9.,$);
#2996=IFCQUANTITYAREA('NetArea',$,$,0.00084500000000000005,$);
#2997=IFCELEMENTQUANTITY('2Y2zDHx9TPPuxvqRf19FwC',$,'Qto_CoveringBaseQuantities',$,$,(#2995,#2996));
#2998=IFCRELDEFINESBYPROPERTIES('1EWQ7OvsrRXe2cM8Vjku_8',$,$,$,(#2983),#2997);
#2999=IFCCARTESIANPOINTLIST3D(((-121.84999999999999,159.33000000000001,2.9820000000000002),(-197.68000000000001,83.510000000000005,2.9820000000000002),(-297.68000000000001,124.93000000000001,4.4820000000000002),(-124.93000000000001,297.68000000000001,4.4820000000000002),(-121.84999999999999,290.25,4.3710000000000004),(-121.84999999999999,159.33000000000001,-6.0179999999999998),(-197.68000000000001,83.510000000000005,-6.0179999999999998),(-297.68000000000001,124.93000000000001,-4.5179999999999998),(-124.93000000000001,297.68000000000001,-4.5179999999999998),(-121.84999999999999,290.25,-4.6289999999999996)),$);
#3000=IFCINDEXEDPOLYGONALFACE((1,2,3,4,5));
#3001=IFCINDEXEDPOLYGONALFACE((10,9,8,7,6));
#3002=IFCINDEXEDPOLYGONALFACE((1,6,7,2));
#3003=IFCINDEXEDPOLYGONALFACE((2,7,8,3));
#3004=IFCINDEXEDPOLYGONALFACE((3,8,9,4));
#3005=IFCINDEXEDPOLYGONALFACE((4,9,10,5));
#3006=IFCINDEXEDPOLYGONALFACE((5,10,6,1));
#3007=IFCPOLYGONALFACESET(#2999,.T.,(#3000,#3001,#3002,#3003,#3004,#3005,#3006),$);
#3008=IFCSHAPEREPRESENTATION(#11,'Body','Tessellation',(#3007));
#3009=IFCPRODUCTDEFINITIONSHAPE($,$,(#3008));
#3010=IFCCARTESIANPOINT((0.,0.,0.));
#3011=IFCAXIS2PLACEMENT3D(#3010,$,$);
#3012=IFCLOCALPLACEMENT(#69,#3011);
#3013=IFCCOVERING('2lof0fexzJnubekrWvuE5r',$,'R/-2/-1#3',$,'gratschnitt',#3012,#3009,$,$);
#3014=IFCPROPERTYSINGLEVALUE('Stueckart',$,IFCLABEL('gratschnitt'),$);
#3015=IFCPROPERTYSINGLEVALUE('Motiv',$,IFCLABEL('R'),$);
#3016=IFCPROPERTYSINGLEVALUE('Rasterposition',$,IFCLABEL('R/-2/-1'),$);
#3017=IFCPROPERTYSINGLEVALUE('Gefaelleflaeche',$,IFCLABEL('F3'),$);
#3018=IFCPROPERTYSINGLEVALUE('Rohling',$,IFCLABEL('S60x10#68'),$);
#3019=IFCPROPERTYSINGLEVALUE('Herkunft',$,IFCLABEL('reststueck'),$);
#3020=IFCPROPERTYSINGLEVALUE('Schnitte',$,IFCINTEGER(3),$);
#3021=IFCPROPERTYSINGLEVALUE('Schnittlaenge',$,IFCREAL(247.19999999999999),$);
#3022=IFCPROPERTYSINGLEVALUE('Schnittarten',$,IFCLABEL('gehrung,gratschnitt'),$);
#3023=IFCPROPERTYSET('17Q3UH$V9NtPBOOa9g7_Xu',$,'HP_Fliesenstueck',$,(#3014,#3015,#3016,#3017,#3018,#3019,#3020,#3021,#3022));
#3024=IFCRELDEFINESBYPROPERTIES('315PcMHGHPKeN8KWlI1Npn',$,$,$,(#3013),#3023);
#3025=IFCQUANTITYLENGTH('Width',$,$,9.,$);
#3026=IFCQUANTITYAREA('NetArea',$,$,0.017779,$);
#3027=IFCELEMENTQUANTITY('0mHMUEF5TG5h4pDiQ84Rvu',$,'Qto_CoveringBaseQuantities',$,$,(#3025,#3026));
#3028=IFCRELDEFINESBYPROPERTIES('272gfRZFjKt9yQTWTZM_rd',$,$,$,(#3013),#3027);
#3029=IFCCARTESIANPOINTLIST3D(((-475.39999999999998,-194.22,7.1310000000000002),(-475.39999999999998,-52.799999999999997,7.1310000000000002),(-299.98000000000002,122.63,4.5),(-199.97999999999999,81.209999999999994,3.),(-475.39999999999998,-194.22,-1.8689999999999998),(-475.39999999999998,-52.799999999999997,-1.8689999999999998),(-299.98000000000002,122.63,-4.5),(-199.97999999999999,81.209999999999994,-6.)),$);
#3030=IFCINDEXEDPOLYGONALFACE((1,2,3,4));
#3031=IFCINDEXEDPOLYGONALFACE((8,7,6,5));
#3032=IFCINDEXEDPOLYGONALFACE((1,5,6,2));
#3033=IFCINDEXEDPOLYGONALFACE((2,6,7,3));
#3034=IFCINDEXEDPOLYGONALFACE((3,7,8,4));
#3035=IFCINDEXEDPOLYGONALFACE((4,8,5,1));
#3036=IFCPOLYGONALFACESET(#3029,.T.,(#3030,#3031,#3032,#3033,#3034,#3035),$);
#3037=IFCSHAPEREPRESENTATION(#11,'Body','Tessellation',(#3036));
#3038=IFCPRODUCTDEFINITIONSHAPE($,$,(#3037));
#3039=IFCCARTESIANPOINT((0.,0.,0.));
#3040=IFCAXIS2PLACEMENT3D(#3039,$,$);
#3041=IFCLOCALPLACEMENT(#69,#3040);
#3042=IFCCOVERING('3aoU_QqDLJpw2E7SoFJrVk',$,'R/-2/-1#4',$,'gratschnitt',#3041,#3038,$,$);
#3043=IFCPROPERTYSINGLEVALUE('Stueckart',$,IFCLABEL('gratschnitt'),$);
#3044=IFCPROPERTYSINGLEVALUE('Motiv',$,IFCLABEL('R'),$);
#3045=IFCPROPERTYSINGLEVALUE('Rasterposition',$,IFCLABEL('R/-2/-1'),$);
#3046=IFCPROPERTYSINGLEVALUE('Gefaelleflaeche',$,IFCLABEL('F4'),$);
#3047=IFCPROPERTYSINGLEVALUE('Rohling',$,IFCLABEL('S60x10#69'),$);
#3048=IFCPROPERTYSINGLEVALUE('Herkunft',$,IFCLABEL('neu'),$);
#3049=IFCPROPERTYSINGLEVALUE('Schnitte',$,IFCINTEGER(2),$);
#3050=IFCPROPERTYSINGLEVALUE('Schnittlaenge',$,IFCREAL(249.69999999999999),$);
#3051=IFCPROPERTYSINGLEVALUE('Schnittarten',$,IFCLABEL('gehrung,gratschnitt'),$);
#3052=IFCPROPERTYSET('2doxdljA1G$AEoakR$kNuO',$,'HP_Fliesenstueck',$,(#3043,#3044,#3045,#3046,#3047,#3048,#3049,#3050,#3051));
#3053=IFCRELDEFINESBYPROPERTIES('2oRbDmen1MyAbI8z7Ipc9H',$,$,$,(#3042),#3052);
#3054=IFCQUANTITYLENGTH('Width',$,$,9.,$);
#3055=IFCQUANTITYAREA('NetArea',$,$,0.031879999999999999,$);
#3056=IFCELEMENTQUANTITY('3lJaGgJtnRCPlRWDWwEt9L',$,'Qto_CoveringBaseQuantities',$,$,(#3054,#3055));
#3057=IFCRELDEFINESBYPROPERTIES('3Ke836f9fIx8srdUxjZK5X',$,$,$,(#3042),#3056);
#3058=IFCCARTESIANPOINTLIST3D(((-1188.51,-194.22,17.827999999999999),(-834.96000000000004,159.33000000000001,12.523999999999999),(-834.96000000000004,300.75999999999999,12.523999999999999),(-1188.51,-52.799999999999997,17.827999999999999),(-1188.51,-194.22,8.8279999999999994),(-834.96000000000004,159.33000000000001,3.5239999999999991),(-834.96000000000004,300.75999999999999,3.5239999999999991),(-1188.51,-52.799999999999997,8.8279999999999994)),$);
#3059=IFCINDEXEDPOLYGONALFACE((1,2,3,4));
#3060=IFCINDEXEDPOLYGONALFACE((8,7,6,5));
#3061=IFCINDEXEDPOLYGONALFACE((1,5,6,2));
#3062=IFCINDEXEDPOLYGONALFACE((2,6,7,3));
#3063=IFCINDEXEDPOLYGONALFACE((3,7,8,4));
#3064=IFCINDEXEDPOLYGONALFACE((4,8,5,1));
#3065=IFCPOLYGONALFACESET(#3058,.T.,(#3059,#3060,#3061,#3062,#3063,#3064),$);
#3066=IFCSHAPEREPRESENTATION(#11,'Body','Tessellation',(#3065));
#3067=IFCPRODUCTDEFINITIONSHAPE($,$,(#3066));
#3068=IFCCARTESIANPOINT((0.,0.,0.));
#3069=IFCAXIS2PLACEMENT3D(#3068,$,$);
#3070=IFCLOCALPLACEMENT(#69,#3069);
#3071=IFCCOVERING('2oS6$NDefKIO6MKkIw553V',$,'R/-2/-2#4',$,'gehrung',#3070,#3067,$,$);
#3072=IFCPROPERTYSINGLEVALUE('Stueckart',$,IFCLABEL('gehrung'),$);
#3073=IFCPROPERTYSINGLEVALUE('Motiv',$,IFCLABEL('R'),$);
#3074=IFCPROPERTYSINGLEVALUE('Rasterposition',$,IFCLABEL('R/-2/-2'),$);
#3075=IFCPROPERTYSINGLEVALUE('Gefaelleflaeche',$,IFCLABEL('F4'),$);
#3076=IFCPROPERTYSINGLEVALUE('Rohling',$,IFCLABEL('S60x10#10'),$);
#3077=IFCPROPERTYSINGLEVALUE('Herkunft',$,IFCLABEL('neu'),$);
#3078=IFCPROPERTYSINGLEVALUE('Schnitte',$,IFCINTEGER(2),$);
#3079=IFCPROPERTYSINGLEVALUE('Schnittlaenge',$,IFCREAL(282.80000000000001),$);
#3080=IFCPROPERTYSINGLEVALUE('Schnittarten',$,IFCLABEL('gehrung'),$);
#3081=IFCPROPERTYSET('1I6$YORgzHG8UwBAELSJrO',$,'HP_Fliesenstueck',$,(#3072,#3073,#3074,#3075,#3076,#3077,#3078,#3079,#3080));
#3082=IFCRELDEFINESBYPROPERTIES('0zSZWr0R1LWR4jGLs3uWDn',$,$,$,(#3071),#3081);
#3083=IFCQUANTITYLENGTH('Width',$,$,9.,$);
#3084=IFCQUANTITYAREA('NetArea',$,$,0.050000000000000003,$);
#3085=IFCELEMENTQUANTITY('3XdT_J95HTGejEqppV41X0',$,'Qto_CoveringBaseQuantities',$,$,(#3083,#3084));
#3086=IFCRELDEFINESBYPROPERTIES('0A81QzP7vPFgCok$W38Srk',$,$,$,(#3071),#3085);
#3087=IFCCARTESIANPOINTLIST3D(((591.25999999999999,159.33000000000001,8.8689999999999998),(306.56,-125.36,4.5979999999999999),(237.69999999999999,-96.840000000000003,3.5659999999999998),(237.69999999999999,-52.799999999999997,3.5659999999999998),(493.13999999999999,202.63999999999999,7.3970000000000002),(591.25999999999999,243.28,8.8689999999999998),(591.25999999999999,159.33000000000001,-0.13100000000000023),(306.56,-125.36,-4.4020000000000001),(237.69999999999999,-96.840000000000003,-5.4340000000000002),(237.69999999999999,-52.799999999999997,-5.4340000000000002),(493.13999999999999,202.63999999999999,-1.6029999999999998),(591.25999999999999,243.28,-0.13100000000000023)),$);
#3088=IFCINDEXEDPOLYGONALFACE((1,2,3,4,5,6));
#3089=IFCINDEXEDPOLYGONALFACE((12,11,10,9,8,7));
#3090=IFCINDEXEDPOLYGONALFACE((1,7,8,2));
#3091=IFCINDEXEDPOLYGONALFACE((2,8,9,3));
#3092=IFCINDEXEDPOLYGONALFACE((3,9,10,4));
#3093=IFCINDEXEDPOLYGONALFACE((4,10,11,5));
#3094=IFCINDEXEDPOLYGONALFACE((5,11,12,6));
#3095=IFCINDEXEDPOLYGONALFACE((6,12,7,1));
#3096=IFCPOLYGONALFACESET(#3087,.T.,(#3088,#3089,#3090,#3091,#3092,#3093,#3094,#3095),$);
#3097=IFCSHAPEREPRESENTATION(#11,'Body','Tessellation',(#3096));
#3098=IFCPRODUCTDEFINITIONSHAPE($,$,(#3097));
#3099=IFCCARTESIANPOINT((0.,0.,0.));
#3100=IFCAXIS2PLACEMENT3D(#3099,$,$);
#3101=IFCLOCALPLACEMENT(#69,#3100);
#3102=IFCCOVERING('091ByQcTnP2vyo3MxPxHdy',$,'R/-2/0#0',$,'gratschnitt',#3101,#3098,$,$);
#3103=IFCPROPERTYSINGLEVALUE('Stueckart',$,IFCLABEL('gratschnitt'),$);
#3104=IFCPROPERTYSINGLEVALUE('Motiv',$,IFCLABEL('R'),$);
#3105=IFCPROPERTYSINGLEVALUE('Rasterposition',$,IFCLABEL('R/-2/0'),$);
#3106=IFCPROPERTYSINGLEVALUE('Gefaelleflaeche',$,IFCLABEL('F0'),$);
#3107=IFCPROPERTYSINGLEVALUE('Rohling',$,IFCLABEL('S60x10#34'),$);
#3108=IFCPROPERTYSINGLEVALUE('Herkunft',$,IFCLABEL('neu'),$);
#3109=IFCPROPERTYSINGLEVALUE('Schnitte',$,IFCINTEGER(4),$);
#3110=IFCPROPERTYSINGLEVALUE('Schnittlaenge',$,IFCREAL(308.69999999999999),$);
#3111=IFCPROPERTYSINGLEVALUE('Schnittarten',$,IFCLABEL('gehrung,gratschnitt'),$);
#3112=IFCPROPERTYSET('0booeHhwzVCP86oMOHTll7',$,'HP_Fliesenstueck',$,(#3103,#3104,#3105,#3106,#3107,#3108,#3109,#3110,#3111));
#3113=IFCRELDEFINESBYPROPERTIES('1mI1RGxjDSmA9G7wFmHzMk',$,$,$,(#3102),#3112);
#3114=IFCQUANTITYLENGTH('Width',$,$,9.,$);
#3115=IFCQUANTITYAREA('NetArea',$,$,0.043827999999999999,$);
#3116=IFCELEMENTQUANTITY('3EMXnz9CTTSA1wU7_TuU6i',$,'Qto_CoveringBaseQuantities',$,$,(#3114,#3115));
#3117=IFCRELDEFINESBYPROPERTIES('0uMCP2sWvUkgIOdwnT$nJE',$,$,$,(#3102),#3116);
#3118=IFCCARTESIANPOINTLIST3D(((591.25999999999999,300.75999999999999,9.4610000000000003),(591.25999999999999,246.53,8.8859999999999992),(498.69,208.19,7.4980000000000002),(591.25999999999999,300.75999999999999,0.4610000000000003),(591.25999999999999,246.53,-0.11400000000000077),(498.69,208.19,-1.5019999999999998)),$);
#3119=IFCINDEXEDPOLYGONALFACE((1,2,3));
#3120=IFCINDEXEDPOLYGONALFACE((6,5,4));
#3121=IFCINDEXEDPOLYGONALFACE((1,4,5,2));
#3122=IFCINDEXEDPOLYGONALFACE((2,5,6,3));
#3123=IFCINDEXEDPOLYGONALFACE((3,6,4,1));
#3124=IFCPOLYGONALFACESET(#3118,.T.,(#3119,#3120,#3121,#3122,#3123),$);
#3125=IFCSHAPEREPRESENTATION(#11,'Body','Tessellation',(#3124));
#3126=IFCPRODUCTDEFINITIONSHAPE($,$,(#3125));
#3127=IFCCARTESIANPOINT((0.,0.,0.));
#3128=IFCAXIS2PLACEMENT3D(#3127,$,$);
#3129=IFCLOCALPLACEMENT(#69,#3128);
#3130=IFCCOVERING('2b4Y36dpzKowckJdknD4XS',$,'R/-2/0#1',$,'gratschnitt',#3129,#3126,$,$);
#3131=IFCPROPERTYSINGLEVALUE('Stueckart',$,IFCLABEL('gratschnitt'),$);
#3132=IFCPROPERTYSINGLEVALUE('Motiv',$,IFCLABEL('R'),$);
#3133=IFCPROPERTYSINGLEVALUE('Rasterposition',$,IFCLABEL('R/-2/0'),$);
#3134=IFCPROPERTYSINGLEVALUE('Gefaelleflaeche',$,IFCLABEL('F1'),$);
#3135=IFCPROPERTYSINGLEVALUE('Rohling',$,IFCLABEL('S60x10#34'),$);
#3136=IFCPROPERTYSINGLEVALUE('Herkunft',$,IFCLABEL('reststueck'),$);
#3137=IFCPROPERTYSINGLEVALUE('Schnitte',$,IFCINTEGER(2),$);
#3138=IFCPROPERTYSINGLEVALUE('Schnittlaenge',$,IFCREAL(154.40000000000001),$);
#3139=IFCPROPERTYSINGLEVALUE('Schnittarten',$,IFCLABEL('gehrung,gratschnitt'),$);
#3140=IFCPROPERTYSET('3ylX1bpbTQUQyKN5CyqpsF',$,'HP_Fliesenstueck',$,(#3131,#3132,#3133,#3134,#3135,#3136,#3137,#3138,#3139));
#3141=IFCRELDEFINESBYPROPERTIES('2mbsCqvDXGreBoGQq8uwiM',$,$,$,(#3130),#3140);
#3142=IFCQUANTITYLENGTH('Width',$,$,9.,$);
#3143=IFCQUANTITYAREA('NetArea',$,$,0.0025100000000000001,$);
#3144=IFCELEMENTQUANTITY('2Q$Z7tJwfLjuzQWMPqjE0G',$,'Qto_CoveringBaseQuantities',$,$,(#3142,#3143));
#3145=IFCRELDEFINESBYPROPERTIES('0J6g79oGbG0xeKuas4iy2m',$,$,$,(#3130),#3144);
#3146=IFCCARTESIANPOINTLIST3D(((237.69999999999999,-194.22,4.5810000000000004),(237.69999999999999,-100.08,3.5830000000000002),(304.26999999999998,-127.65000000000001,4.5810000000000004),(237.69999999999999,-194.22,-4.4189999999999996),(237.69999999999999,-100.08,-5.4169999999999998),(304.26999999999998,-127.65000000000001,-4.4189999999999996)),$);
#3147=IFCINDEXEDPOLYGONALFACE((1,2,3));
#3148=IFCINDEXEDPOLYGONALFACE((6,5,4));
#3149=IFCINDEXEDPOLYGONALFACE((1,4,5,2));
#3150=IFCINDEXEDPOLYGONALFACE((2,5,6,3));
#3151=IFCINDEXEDPOLYGONALFACE((3,6,4,1));
#3152=IFCPOLYGONALFACESET(#3146,.T.,(#3147,#3148,#3149,#3150,#3151),$);
#3153=IFCSHAPEREPRESENTATION(#11,'Body','Tessellation',(#3152));
#3154=IFCPRODUCTDEFINITIONSHAPE($,$,(#3153));
#3155=IFCCARTESIANPOINT((0.,0.,0.));
#3156=IFCAXIS2PLACEMENT3D(#3155,$,$);
#3157=IFCLOCALPLACEMENT(#69,#3156);
#3158=IFCCOVERING('1gCHBa8QTRwxUcQ61Ou29S',$,'R/-2/0#7',$,'gratschnitt',#3157,#3154,$,$);
#3159=IFCPROPERTYSINGLEVALUE('Stueckart',$,IFCLABEL('gratschnitt'),$);
#3160=IFCPROPERTYSINGLEVALUE('Motiv',$,IFCLABEL('R'),$);
#3161=IFCPROPERTYSINGLEVALUE('Rasterposition',$,IFCLABEL('R/-2/0'),$);
#3162=IFCPROPERTYSINGLEVALUE('Gefaelleflaeche',$,IFCLABEL('F7'),$);
#3163=IFCPROPERTYSINGLEVALUE('Rohling',$,IFCLABEL('S60x10#34'),$);
#3164=IFCPROPERTYSINGLEVALUE('Herkunft',$,IFCLABEL('reststueck'),$);
#3165=IFCPROPERTYSINGLEVALUE('Schnitte',$,IFCINTEGER(2),$);
#3166=IFCPROPERTYSINGLEVALUE('Schnittlaenge',$,IFCREAL(166.19999999999999),$);
#3167=IFCPROPERTYSINGLEVALUE('Schnittarten',$,IFCLABEL('gehrung,gratschnitt'),$);
#3168=IFCPROPERTYSET('1Su4nHatvV2enUuJ9yLY0T',$,'HP_Fliesenstueck',$,(#3159,#3160,#3161,#3162,#3163,#3164,#3165,#3166,#3167));
#3169=IFCRELDEFINESBYPROPERTIES('3ZKu2CtdnV7gA4nl5qFBO8',$,$,$,(#3158),#3168);
#3170=IFCQUANTITYLENGTH('Width',$,$,9.,$);
#3171=IFCQUANTITYAREA('NetArea',$,$,0.0031329999999999999,$);
#3172=IFCELEMENTQUANTITY('1GwIw8obfORfC6SEw3JJ5J',$,'Qto_CoveringBaseQuantities',$,$,(#3170,#3171));
#3173=IFCRELDEFINESBYPROPERTIES('0as$JaNA5MDBI40n5$rloq',$,$,$,(#3158),#3172);
#3174=IFCCARTESIANPOINTLIST3D(((950.80999999999995,-194.22,14.262),(950.80999999999995,-52.799999999999997,14.262),(1197.,193.38999999999999,17.954999999999998),(1197.,51.969999999999999,17.954999999999998),(950.80999999999995,-194.22,5.2620000000000005),(950.80999999999995,-52.799999999999997,5.2620000000000005),(1197.,193.38999999999999,8.9549999999999983),(1197.,51.969999999999999,8.9549999999999983)),$);
#3175=IFCINDEXEDPOLYGONALFACE((1,2,3,4));
#3176=IFCINDEXEDPOLYGONALFACE((8,7,6,5));
#3177=IFCINDEXEDPOLYGONALFACE((1,5,6,2));
#3178=IFCINDEXEDPOLYGONALFACE((2,6,7,3));
#3179=IFCINDEXEDPOLYGONALFACE((3,7,8,4));
#3180=IFCINDEXEDPOLYGONALFACE((4,8,5,1));
#3181=IFCPOLYGONALFACESET(#3174,.T.,(#3175,#3176,#3177,#3178,#3179,#3180),$);
#3182=IFCSHAPEREPRESENTATION(#11,'Body','Tessellation',(#3181));
#3183=IFCPRODUCTDEFINITIONSHAPE($,$,(#3182));
#3184=IFCCARTESIANPOINT((0.,0.,0.));
#3185=IFCAXIS2PLACEMENT3D(#3184,$,$);
#3186=IFCLOCALPLACEMENT(#69,#3185);
#3187=IFCCOVERING('0LZcwgZJnTlhrCH27kqHiQ',$,'R/-2/1#0',$,'schraeg',#3186,#3183,$,$);
#3188=IFCPROPERTYSINGLEVALUE('Stueckart',$,IFCLABEL('schraeg'),$);
#3189=IFCPROPERTYSINGLEVALUE('Motiv',$,IFCLABEL('R'),$);
#3190=IFCPROPERTYSINGLEVALUE('Rasterposition',$,IFCLABEL('R/-2/1'),$);
#3191=IFCPROPERTYSINGLEVALUE('Gefaelleflaeche',$,IFCLABEL('F0'),$);
#3192=IFCPROPERTYSINGLEVALUE('Rohling',$,IFCLABEL('S60x10#54'),$);
#3193=IFCPROPERTYSINGLEVALUE('Herkunft',$,IFCLABEL('neu'),$);
#3194=IFCPROPERTYSINGLEVALUE('Schnitte',$,IFCINTEGER(2),$);
#3195=IFCPROPERTYSINGLEVALUE('Schnittlaenge',$,IFCREAL(282.80000000000001),$);
#3196=IFCPROPERTYSINGLEVALUE('Schnittarten',$,IFCLABEL('schraeg,gehrung'),$);
#3197=IFCPROPERTYSET('3xai2KBMfO7gr7AiAKzZ_M',$,'HP_Fliesenstueck',$,(#3188,#3189,#3190,#3191,#3192,#3193,#3194,#3195,#3196));
#3198=IFCRELDEFINESBYPROPERTIES('0Y9wgUAePO5RuzK5rOGG4g',$,$,$,(#3187),#3197);
#3199=IFCQUANTITYLENGTH('Width',$,$,9.,$);
#3200=IFCQUANTITYAREA('NetArea',$,$,0.034817000000000001,$);
#3201=IFCELEMENTQUANTITY('0_X7kuYc9VrepzhZNyW5Y3',$,'Qto_CoveringBaseQuantities',$,$,(#3199,#3200));
#3202=IFCRELDEFINESBYPROPERTIES('19H3vWzBrTYvIjvrWSVh2Y',$,$,$,(#3187),#3201);
#3203=IFCCARTESIANPOINTLIST3D(((-121.84999999999999,155.09,2.9369999999999998),(-121.84999999999999,52.100000000000001,1.845),(-194.68000000000001,82.260000000000005,2.9369999999999998),(-121.84999999999999,155.09,-6.0630000000000006),(-121.84999999999999,52.100000000000001,-7.1550000000000002),(-194.68000000000001,82.260000000000005,-6.0630000000000006)),$);
#3204=IFCINDEXEDPOLYGONALFACE((1,2,3));
#3205=IFCINDEXEDPOLYGONALFACE((6,5,4));
#3206=IFCINDEXEDPOLYGONALFACE((1,4,5,2));
#3207=IFCINDEXEDPOLYGONALFACE((2,5,6,3));
#3208=IFCINDEXEDPOLYGONALFACE((3,6,4,1));
#3209=IFCPOLYGONALFACESET(#3203,.T.,(#3204,#3205,#3206,#3207,#3208),$);
#3210=IFCSHAPEREPRESENTATION(#11,'Body','Tessellation',(#3209));
#3211=IFCPRODUCTDEFINITIONSHAPE($,$,(#3210));
#3212=IFCCARTESIANPOINT((0.,0.,0.));
#3213=IFCAXIS2PLACEMENT3D(#3212,$,$);
#3214=IFCLOCALPLACEMENT(#69,#3213);
#3215=IFCCOVERING('2k1_nmPM5RyRJkmGcO2R4F',$,'R/-3/-1#3',$,'gratschnitt',#3214,#3211,$,$);
#3216=IFCPROPERTYSINGLEVALUE('Stueckart',$,IFCLABEL('gratschnitt'),$);
#3217=IFCPROPERTYSINGLEVALUE('Motiv',$,IFCLABEL('R'),$);
#3218=IFCPROPERTYSINGLEVALUE('Rasterposition',$,IFCLABEL('R/-3/-1'),$);
#3219=IFCPROPERTYSINGLEVALUE('Gefaelleflaeche',$,IFCLABEL('F3'),$);
#3220=IFCPROPERTYSINGLEVALUE('Rohling',$,IFCLABEL('S60x10#33'),$);
#3221=IFCPROPERTYSINGLEVALUE('Herkunft',$,IFCLABEL('reststueck'),$);
#3222=IFCPROPERTYSINGLEVALUE('Schnitte',$,IFCINTEGER(2),$);
#3223=IFCPROPERTYSINGLEVALUE('Schnittlaenge',$,IFCREAL(181.80000000000001),$);
#3224=IFCPROPERTYSINGLEVALUE('Schnittarten',$,IFCLABEL('gehrung,gratschnitt'),$);
#3225=IFCPROPERTYSET('2qMNhX$l1T5hWL27K0iWEk',$,'HP_Fliesenstueck',$,(#3216,#3217,#3218,#3219,#3220,#3221,#3222,#3223,#3224));
#3226=IFCRELDEFINESBYPROPERTIES('2$p81P0q5HPeI3vht4ANnw',$,$,$,(#3215),#3225);
#3227=IFCQUANTITYLENGTH('Width',$,$,9.,$);
#3228=IFCQUANTITYAREA('NetArea',$,$,0.003751,$);
#3229=IFCELEMENTQUANTITY('0iJGfNXJjVGgiglJhGtBor',$,'Qto_CoveringBaseQuantities',$,$,(#3227,#3228));
#3230=IFCRELDEFINESBYPROPERTIES('2j$lmTzELITOXWGE7o5Idc',$,$,$,(#3215),#3229);
#3231=IFCCARTESIANPOINTLIST3D(((-121.84999999999999,13.67,1.8280000000000001),(-228.58000000000001,-93.060000000000002,3.4289999999999998),(-470.,-193.06,7.0499999999999998),(-196.97999999999999,79.969999999999999,2.9550000000000001),(-121.84999999999999,48.850000000000001,1.8280000000000001),(-121.84999999999999,13.67,-7.1719999999999997),(-228.58000000000001,-93.060000000000002,-5.5709999999999997),(-470.,-193.06,-1.9500000000000002),(-196.97999999999999,79.969999999999999,-6.0449999999999999),(-121.84999999999999,48.850000000000001,-7.1719999999999997)),$);
#3232=IFCINDEXEDPOLYGONALFACE((1,2,3,4,5));
#3233=IFCINDEXEDPOLYGONALFACE((10,9,8,7,6));
#3234=IFCINDEXEDPOLYGONALFACE((1,6,7,2));
#3235=IFCINDEXEDPOLYGONALFACE((2,7,8,3));
#3236=IFCINDEXEDPOLYGONALFACE((3,8,9,4));
#3237=IFCINDEXEDPOLYGONALFACE((4,9,10,5));
#3238=IFCINDEXEDPOLYGONALFACE((5,10,6,1));
#3239=IFCPOLYGONALFACESET(#3231,.T.,(#3232,#3233,#3234,#3235,#3236,#3237,#3238),$);
#3240=IFCSHAPEREPRESENTATION(#11,'Body','Tessellation',(#3239));
#3241=IFCPRODUCTDEFINITIONSHAPE($,$,(#3240));
#3242=IFCCARTESIANPOINT((0.,0.,0.));
#3243=IFCAXIS2PLACEMENT3D(#3242,$,$);
#3244=IFCLOCALPLACEMENT(#69,#3243);
#3245=IFCCOVERING('1P$ptTWkbG2f5EvQFsE8Df',$,'R/-3/-1#4',$,'gratschnitt',#3244,#3241,$,$);
#3246=IFCPROPERTYSINGLEVALUE('Stueckart',$,IFCLABEL('gratschnitt'),$);
#3247=IFCPROPERTYSINGLEVALUE('Motiv',$,IFCLABEL('R'),$);
#3248=IFCPROPERTYSINGLEVALUE('Rasterposition',$,IFCLABEL('R/-3/-1'),$);
#3249=IFCPROPERTYSINGLEVALUE('Gefaelleflaeche',$,IFCLABEL('F4'),$);
#3250=IFCPROPERTYSINGLEVALUE('Rohling',$,IFCLABEL('S60x10#79'),$);
#3251=IFCPROPERTYSINGLEVALUE('Herkunft',$,IFCLABEL('neu'),$);
#3252=IFCPROPERTYSINGLEVALUE('Schnitte',$,IFCINTEGER(3),$);
#3253=IFCPROPERTYSINGLEVALUE('Schnittlaenge',$,IFCREAL(377.80000000000001),$);
#3254=IFCPROPERTYSINGLEVALUE('Schnittarten',$,IFCLABEL('gehrung,gratschnitt'),$);
#3255=IFCPROPERTYSET('3pN1fgVRzS2uDUup6FgC0I',$,'HP_Fliesenstueck',$,(#3246,#3247,#3248,#3249,#3250,#3251,#3252,#3253,#3254));
#3256=IFCRELDEFINESBYPROPERTIES('3dSK2BQFrMBhpKytfboeTT',$,$,$,(#3245),#3255);
#3257=IFCQUANTITYLENGTH('Width',$,$,9.,$);
#3258=IFCQUANTITYAREA('NetArea',$,$,0.028174000000000001,$);
#3259=IFCELEMENTQUANTITY('2zYsw3ED5UUBHUdwSlA49L',$,'Qto_CoveringBaseQuantities',$,$,(#3257,#3258));
#3260=IFCRELDEFINESBYPROPERTIES('0GAg3Wv_LN$xujtUnPOyGL',$,$,$,(#3245),#3259);
#3261=IFCCARTESIANPOINTLIST3D(((-475.39999999999998,-339.88,8.6470000000000002),(-475.39999999999998,-198.53999999999999,7.1479999999999997),(-234.12,-98.599999999999994,3.5289999999999999),(-475.39999999999998,-339.88,-0.35299999999999976),(-475.39999999999998,-198.53999999999999,-1.8520000000000003),(-234.12,-98.599999999999994,-5.4710000000000001)),$);
#3262=IFCINDEXEDPOLYGONALFACE((1,2,3));
#3263=IFCINDEXEDPOLYGONALFACE((6,5,4));
#3264=IFCINDEXEDPOLYGONALFACE((1,4,5,2));
#3265=IFCINDEXEDPOLYGONALFACE((2,5,6,3));
#3266=IFCINDEXEDPOLYGONALFACE((3,6,4,1));
#3267=IFCPOLYGONALFACESET(#3261,.T.,(#3262,#3263,#3264,#3265,#3266),$);
#3268=IFCSHAPEREPRESENTATION(#11,'Body','Tessellation',(#3267));
#3269=IFCPRODUCTDEFINITIONSHAPE($,$,(#3268));
#3270=IFCCARTESIANPOINT((0.,0.,0.));
#3271=IFCAXIS2PLACEMENT3D(#3270,$,$);
#3272=IFCLOCALPLACEMENT(#69,#3271);
#3273=IFCCOVERING('1l8L3D3jPHOuxbYRg415Yh',$,'R/-3/-1#5',$,'gratschnitt',#3272,#3269,$,$);
#3274=IFCPROPERTYSINGLEVALUE('Stueckart',$,IFCLABEL('gratschnitt'),$);
#3275=IFCPROPERTYSINGLEVALUE('Motiv',$,IFCLABEL('R'),$);
#3276=IFCPROPERTYSINGLEVALUE('Rasterposition',$,IFCLABEL('R/-3/-1'),$);
#3277=IFCPROPERTYSINGLEVALUE('Gefaelleflaeche',$,IFCLABEL('F5'),$);
#3278=IFCPROPERTYSINGLEVALUE('Rohling',$,IFCLABEL('S60x10#79'),$);
#3279=IFCPROPERTYSINGLEVALUE('Herkunft',$,IFCLABEL('reststueck'),$);
#3280=IFCPROPERTYSINGLEVALUE('Schnitte',$,IFCINTEGER(2),$);
#3281=IFCPROPERTYSINGLEVALUE('Schnittlaenge',$,IFCREAL(402.5),$);
#3282=IFCPROPERTYSINGLEVALUE('Schnittarten',$,IFCLABEL('gehrung,gratschnitt'),$);
#3283=IFCPROPERTYSET('2HbS3HLa1G4O6s5_g4Za$1',$,'HP_Fliesenstueck',$,(#3274,#3275,#3276,#3277,#3278,#3279,#3280,#3281,#3282));
#3284=IFCRELDEFINESBYPROPERTIES('1dcZ47QkDLxvMPQLOJmiEO',$,$,$,(#3273),#3283);
#3285=IFCQUANTITYLENGTH('Width',$,$,9.,$);
#3286=IFCQUANTITYAREA('NetArea',$,$,0.017051,$);
#3287=IFCELEMENTQUANTITY('3OmY9IcATOS9bRoCM9hlqs',$,'Qto_CoveringBaseQuantities',$,$,(#3285,#3286));
#3288=IFCRELDEFINESBYPROPERTIES('2tsmdTMI1KBwfMxDsCv8pD',$,$,$,(#3273),#3287);
#3289=IFCCARTESIANPOINTLIST3D(((-1188.51,-339.88,17.827999999999999),(-834.96000000000004,13.67,12.523999999999999),(-834.96000000000004,155.09,12.523999999999999),(-1188.51,-198.46000000000001,17.827999999999999),(-1188.51,-339.88,8.8279999999999994),(-834.96000000000004,13.67,3.5239999999999991),(-834.96000000000004,155.09,3.5239999999999991),(-1188.51,-198.46000000000001,8.8279999999999994)),$);
#3290=IFCINDEXEDPOLYGONALFACE((1,2,3,4));
#3291=IFCINDEXEDPOLYGONALFACE((8,7,6,5));
#3292=IFCINDEXEDPOLYGONALFACE((1,5,6,2));
#3293=IFCINDEXEDPOLYGONALFACE((2,6,7,3));
#3294=IFCINDEXEDPOLYGONALFACE((3,7,8,4));
#3295=IFCINDEXEDPOLYGONALFACE((4,8,5,1));
#3296=IFCPOLYGONALFACESET(#3289,.T.,(#3290,#3291,#3292,#3293,#3294,#3295),$);
#3297=IFCSHAPEREPRESENTATION(#11,'Body','Tessellation',(#3296));
#3298=IFCPRODUCTDEFINITIONSHAPE($,$,(#3297));
#3299=IFCCARTESIANPOINT((0.,0.,0.));
#3300=IFCAXIS2PLACEMENT3D(#3299,$,$);
#3301=IFCLOCALPLACEMENT(#69,#3300);
#3302=IFCCOVERING('1i1mWZZmrOZ8acbJ7FoVlu',$,'R/-3/-2#4',$,'gehrung',#3301,#3298,$,$);
#3303=IFCPROPERTYSINGLEVALUE('Stueckart',$,IFCLABEL('gehrung'),$);
#3304=IFCPROPERTYSINGLEVALUE('Motiv',$,IFCLABEL('R'),$);
#3305=IFCPROPERTYSINGLEVALUE('Rasterposition',$,IFCLABEL('R/-3/-2'),$);
#3306=IFCPROPERTYSINGLEVALUE('Gefaelleflaeche',$,IFCLABEL('F4'),$);
#3307=IFCPROPERTYSINGLEVALUE('Rohling',$,IFCLABEL('S60x10#11'),$);
#3308=IFCPROPERTYSINGLEVALUE('Herkunft',$,IFCLABEL('neu'),$);
#3309=IFCPROPERTYSINGLEVALUE('Schnitte',$,IFCINTEGER(2),$);
#3310=IFCPROPERTYSINGLEVALUE('Schnittlaenge',$,IFCREAL(282.80000000000001),$);
#3311=IFCPROPERTYSINGLEVALUE('Schnittarten',$,IFCLABEL('gehrung'),$);
#3312=IFCPROPERTYSET('1BqSBps6PJpOFaDZ$wYgEf',$,'HP_Fliesenstueck',$,(#3303,#3304,#3305,#3306,#3307,#3308,#3309,#3310,#3311));
#3313=IFCRELDEFINESBYPROPERTIES('0_$hBvdkzL$9$d4FnhaRwF',$,$,$,(#3302),#3312);
#3314=IFCQUANTITYLENGTH('Width',$,$,9.,$);
#3315=IFCQUANTITYAREA('NetArea',$,$,0.050000000000000003,$);
#3316=IFCELEMENTQUANTITY('2o4omfvUbSPPG8b1KetWEV',$,'Qto_CoveringBaseQuantities',$,$,(#3314,#3315));
#3317=IFCRELDEFINESBYPROPERTIES('1tqLxtXvDKAuvqWPWlNJ4k',$,$,$,(#3302),#3316);
#3318=IFCCARTESIANPOINTLIST3D(((591.25999999999999,155.09,8.8689999999999998),(591.25999999999999,13.67,8.8689999999999998),(409.56,-168.02000000000001,6.1429999999999998),(309.56,-126.59999999999999,4.6429999999999998),(591.25999999999999,155.09,-0.13100000000000023),(591.25999999999999,13.67,-0.13100000000000023),(409.56,-168.02000000000001,-2.8570000000000002),(309.56,-126.59999999999999,-4.3570000000000002)),$);
#3319=IFCINDEXEDPOLYGONALFACE((1,2,3,4));
#3320=IFCINDEXEDPOLYGONALFACE((8,7,6,5));
#3321=IFCINDEXEDPOLYGONALFACE((1,5,6,2));
#3322=IFCINDEXEDPOLYGONALFACE((2,6,7,3));
#3323=IFCINDEXEDPOLYGONALFACE((3,7,8,4));
#3324=IFCINDEXEDPOLYGONALFACE((4,8,5,1));
#3325=IFCPOLYGONALFACESET(#3318,.T.,(#3319,#3320,#3321,#3322,#3323,#3324),$);
#3326=IFCSHAPEREPRESENTATION(#11,'Body','Tessellation',(#3325));
#3327=IFCPRODUCTDEFINITIONSHAPE($,$,(#3326));
#3328=IFCCARTESIANPOINT((0.,0.,0.));
#3329=IFCAXIS2PLACEMENT3D(#3328,$,$);
#3330=IFCLOCALPLACEMENT(#69,#3329);
#3331=IFCCOVERING('2nhbabIAPKkvqvAWFyxxL1',$,'R/-3/0#0',$,'gratschnitt',#3330,#3327,$,$);
#3332=IFCPROPERTYSINGLEVALUE('Stueckart',$,IFCLABEL('gratschnitt'),$);
#3333=IFCPROPERTYSINGLEVALUE('Motiv',$,IFCLABEL('R'),$);
#3334=IFCPROPERTYSINGLEVALUE('Rasterposition',$,IFCLABEL('R/-3/0'),$);
#3335=IFCPROPERTYSINGLEVALUE('Gefaelleflaeche',$,IFCLABEL('F0'),$);
#3336=IFCPROPERTYSINGLEVALUE('Rohling',$,IFCLABEL('S60x10#63'),$);
#3337=IFCPROPERTYSINGLEVALUE('Herkunft',$,IFCLABEL('neu'),$);
#3338=IFCPROPERTYSINGLEVALUE('Schnitte',$,IFCINTEGER(2),$);
#3339=IFCPROPERTYSINGLEVALUE('Schnittlaenge',$,IFCREAL(249.69999999999999),$);
#3340=IFCPROPERTYSINGLEVALUE('Schnittarten',$,IFCLABEL('gehrung,gratschnitt'),$);
#3341=IFCPROPERTYSET('1ThpPDaZjKV8sylCc8wHk5',$,'HP_Fliesenstueck',$,(#3332,#3333,#3334,#3335,#3336,#3337,#3338,#3339,#3340));
#3342=IFCRELDEFINESBYPROPERTIES('3zu6HeQsnKygHRPKkmg5_e',$,$,$,(#3331),#3341);
#3343=IFCQUANTITYLENGTH('Width',$,$,9.,$);
#3344=IFCQUANTITYAREA('NetArea',$,$,0.032766000000000003,$);
#3345=IFCELEMENTQUANTITY('3pyGpb58XTtv9JEZh$CJxH',$,'Qto_CoveringBaseQuantities',$,$,(#3343,#3344));
#3346=IFCRELDEFINESBYPROPERTIES('1nk4E_sCDMe83AV6yWPfU9',$,$,$,(#3331),#3345);
#3347=IFCCARTESIANPOINTLIST3D(((237.69999999999999,-339.88,6.1260000000000003),(237.69999999999999,-198.46000000000001,4.6260000000000003),(307.26999999999998,-128.90000000000001,4.6260000000000003),(407.26999999999998,-170.31999999999999,6.1260000000000003),(237.69999999999999,-339.88,-2.8739999999999997),(237.69999999999999,-198.46000000000001,-4.3739999999999997),(307.26999999999998,-128.90000000000001,-4.3739999999999997),(407.26999999999998,-170.31999999999999,-2.8739999999999997)),$);
#3348=IFCINDEXEDPOLYGONALFACE((1,2,3,4));
#3349=IFCINDEXEDPOLYGONALFACE((8,7,6,5));
#3350=IFCINDEXEDPOLYGONALFACE((1,5,6,2));
#3351=IFCINDEXEDPOLYGONALFACE((2,6,7,3));
#3352=IFCINDEXEDPOLYGONALFACE((3,7,8,4));
#3353=IFCINDEXEDPOLYGONALFACE((4,8,5,1));
#3354=IFCPOLYGONALFACESET(#3347,.T.,(#3348,#3349,#3350,#3351,#3352,#3353),$);
#3355=IFCSHAPEREPRESENTATION(#11,'Body','Tessellation',(#3354));
#3356=IFCPRODUCTDEFINITIONSHAPE($,$,(#3355));
#3357=IFCCARTESIANPOINT((0.,0.,0.));
#3358=IFCAXIS2PLACEMENT3D(#3357,$,$);
#3359=IFCLOCALPLACEMENT(#69,#3358);
#3360=IFCCOVERING('0pbS00LKjQX9Vz9Qihw$LQ',$,'R/-3/0#7',$,'gratschnitt',#3359,#3356,$,$);
#3361=IFCPROPERTYSINGLEVALUE('Stueckart',$,IFCLABEL('gratschnitt'),$);
#3362=IFCPROPERTYSINGLEVALUE('Motiv',$,IFCLABEL('R'),$);
#3363=IFCPROPERTYSINGLEVALUE('Rasterposition',$,IFCLABEL('R/-3/0'),$);
#3364=IFCPROPERTYSINGLEVALUE('Gefaelleflaeche',$,IFCLABEL('F7'),$);
#3365=IFCPROPERTYSINGLEVALUE('Rohling',$,IFCLABEL('S60x10#63'),$);
#3366=IFCPROPERTYSINGLEVALUE('Herkunft',$,IFCLABEL('reststueck'),$);
#3367=IFCPROPERTYSINGLEVALUE('Schnitte',$,IFCINTEGER(2),$);
#3368=IFCPROPERTYSINGLEVALUE('Schnittlaenge',$,IFCREAL(249.69999999999999),$);
#3369=IFCPROPERTYSINGLEVALUE('Schnittarten',$,IFCLABEL('gehrung,gratschnitt'),$);
#3370=IFCPROPERTYSET('2Bpqa0TNnHrxUIhn37cVJ_',$,'HP_Fliesenstueck',$,(#3361,#3362,#3363,#3364,#3365,#3366,#3367,#3368,#3369));
#3371=IFCRELDEFINESBYPROPERTIES('3FDSkTyiPNROkM2MtgrSXA',$,$,$,(#3360),#3370);
#3372=IFCQUANTITYLENGTH('Width',$,$,9.,$);
#3373=IFCQUANTITYAREA('NetArea',$,$,0.016909,$);
#3374=IFCELEMENTQUANTITY('0kBFadN5LQ6P_mhgUHoJyN',$,'Qto_CoveringBaseQuantities',$,$,(#3372,#3373));
#3375=IFCRELDEFINESBYPROPERTIES('2vZKGR47PQQvaDeZFB6R6o',$,$,$,(#3360),#3374);
#3376=IFCCARTESIANPOINTLIST3D(((950.80999999999995,-339.88,14.262),(950.80999999999995,-198.46000000000001,14.262),(1197.,47.729999999999997,17.954999999999998),(1197.,-93.689999999999998,17.954999999999998),(950.80999999999995,-339.88,5.2620000000000005),(950.80999999999995,-198.46000000000001,5.2620000000000005),(1197.,47.729999999999997,8.9549999999999983),(1197.,-93.689999999999998,8.9549999999999983)),$);
#3377=IFCINDEXEDPOLYGONALFACE((1,2,3,4));
#3378=IFCINDEXEDPOLYGONALFACE((8,7,6,5));
#3379=IFCINDEXEDPOLYGONALFACE((1,5,6,2));
#3380=IFCINDEXEDPOLYGONALFACE((2,6,7,3));
#3381=IFCINDEXEDPOLYGONALFACE((3,7,8,4));
#3382=IFCINDEXEDPOLYGONALFACE((4,8,5,1));
#3383=IFCPOLYGONALFACESET(#3376,.T.,(#3377,#3378,#3379,#3380,#3381,#3382),$);
#3384=IFCSHAPEREPRESENTATION(#11,'Body','Tessellation',(#3383));
#3385=IFCPRODUCTDEFINITIONSHAPE($,$,(#3384));
#3386=IFCCARTESIANPOINT((0.,0.,0.));
#3387=IFCAXIS2PLACEMENT3D(#3386,$,$);
#3388=IFCLOCALPLACEMENT(#69,#3387);
#3389=IFCCOVERING('328X4Tlx1PmOmOHZ5jUjPo',$,'R/-3/1#0',$,'schraeg',#3388,#3385,$,$);
#3390=IFCPROPERTYSINGLEVALUE('Stueckart',$,IFCLABEL('schraeg'),$);
#3391=IFCPROPERTYSINGLEVALUE('Motiv',$,IFCLABEL('R'),$);
#3392=IFCPROPERTYSINGLEVALUE('Rasterposition',$,IFCLABEL('R/-3/1'),$);
#3393=IFCPROPERTYSINGLEVALUE('Gefaelleflaeche',$,IFCLABEL('F0'),$);
#3394=IFCPROPERTYSINGLEVALUE('Rohling',$,IFCLABEL('S60x10#55'),$);
#3395=IFCPROPERTYSINGLEVALUE('Herkunft',$,IFCLABEL('neu'),$);
#3396=IFCPROPERTYSINGLEVALUE('Schnitte',$,IFCINTEGER(2),$);
#3397=IFCPROPERTYSINGLEVALUE('Schnittlaenge',$,IFCREAL(282.80000000000001),$);
#3398=IFCPROPERTYSINGLEVALUE('Schnittarten',$,IFCLABEL('schraeg,gehrung'),$);
#3399=IFCPROPERTYSET('3ZhFD1R5XUGvOhZrpJ5TTP',$,'HP_Fliesenstueck',$,(#3390,#3391,#3392,#3393,#3394,#3395,#3396,#3397,#3398));
#3400=IFCRELDEFINESBYPROPERTIES('0KCqhCzR9JReuoh_sPtmT$',$,$,$,(#3389),#3399);
#3401=IFCQUANTITYLENGTH('Width',$,$,9.,$);
#3402=IFCQUANTITYAREA('NetArea',$,$,0.034817000000000001,$);
#3403=IFCELEMENTQUANTITY('2R4p6RVkDN$gWN1b6QFAQR',$,'Qto_CoveringBaseQuantities',$,$,(#3401,#3402));
#3404=IFCRELDEFINESBYPROPERTIES('3_NnsYnZLUsfzqQnNADOp5',$,$,$,(#3389),#3403);
#3405=IFCCARTESIANPOINTLIST3D(((-121.84999999999999,9.4299999999999997,1.8280000000000001),(-121.84999999999999,-48.850000000000001,1.8280000000000001),(-221.34,-90.060000000000002,3.3199999999999998),(-121.84999999999999,9.4299999999999997,-7.1719999999999997),(-121.84999999999999,-48.850000000000001,-7.1719999999999997),(-221.34,-90.060000000000002,-5.6799999999999997)),$);
#3406=IFCINDEXEDPOLYGONALFACE((1,2,3));
#3407=IFCINDEXEDPOLYGONALFACE((6,5,4));
#3408=IFCINDEXEDPOLYGONALFACE((1,4,5,2));
#3409=IFCINDEXEDPOLYGONALFACE((2,5,6,3));
#3410=IFCINDEXEDPOLYGONALFACE((3,6,4,1));
#3411=IFCPOLYGONALFACESET(#3405,.T.,(#3406,#3407,#3408,#3409,#3410),$);
#3412=IFCSHAPEREPRESENTATION(#11,'Body','Tessellation',(#3411));
#3413=IFCPRODUCTDEFINITIONSHAPE($,$,(#3412));
#3414=IFCCARTESIANPOINT((0.,0.,0.));
#3415=IFCAXIS2PLACEMENT3D(#3414,$,$);
#3416=IFCLOCALPLACEMENT(#69,#3415);
#3417=IFCCOVERING('2yStbljljIqegcbL$NK56O',$,'R/-4/-1#4',$,'gratschnitt',#3416,#3413,$,$);
#3418=IFCPROPERTYSINGLEVALUE('Stueckart',$,IFCLABEL('gratschnitt'),$);
#3419=IFCPROPERTYSINGLEVALUE('Motiv',$,IFCLABEL('R'),$);
#3420=IFCPROPERTYSINGLEVALUE('Rasterposition',$,IFCLABEL('R/-4/-1'),$);
#3421=IFCPROPERTYSINGLEVALUE('Gefaelleflaeche',$,IFCLABEL('F4'),$);
#3422=IFCPROPERTYSINGLEVALUE('Rohling',$,IFCLABEL('S60x10#27'),$);
#3423=IFCPROPERTYSINGLEVALUE('Herkunft',$,IFCLABEL('reststueck'),$);
#3424=IFCPROPERTYSINGLEVALUE('Schnitte',$,IFCINTEGER(2),$);
#3425=IFCPROPERTYSINGLEVALUE('Schnittlaenge',$,IFCREAL(166.),$);
#3426=IFCPROPERTYSINGLEVALUE('Schnittarten',$,IFCLABEL('gehrung,gratschnitt'),$);
#3427=IFCPROPERTYSET('2d5jiKzbfVMwC2qwyPZ4wr',$,'HP_Fliesenstueck',$,(#3418,#3419,#3420,#3421,#3422,#3423,#3424,#3425,#3426));
#3428=IFCRELDEFINESBYPROPERTIES('3x3frJKffQsgUmWF$x9C0r',$,$,$,(#3417),#3427);
#3429=IFCQUANTITYLENGTH('Width',$,$,9.,$);
#3430=IFCQUANTITYAREA('NetArea',$,$,0.0028990000000000001,$);
#3431=IFCELEMENTQUANTITY('37JpuFUKrR89D5DxmrD$k6',$,'Qto_CoveringBaseQuantities',$,$,(#3429,#3430));
#3432=IFCRELDEFINESBYPROPERTIES('0ykSHXhSnHufHsCjZTTQC7',$,$,$,(#3417),#3431);
#3433=IFCCARTESIANPOINTLIST3D(((-121.84999999999999,-131.99000000000001,2.6920000000000002),(-475.39999999999998,-485.55000000000001,10.192),(-475.39999999999998,-344.13,8.6920000000000002),(-226.88,-95.599999999999994,3.4199999999999999),(-121.84999999999999,-52.100000000000001,1.845),(-121.84999999999999,-131.99000000000001,-6.3079999999999998),(-475.39999999999998,-485.55000000000001,1.1920000000000002),(-475.39999999999998,-344.13,-0.30799999999999983),(-226.88,-95.599999999999994,-5.5800000000000001),(-121.84999999999999,-52.100000000000001,-7.1550000000000002)),$);
#3434=IFCINDEXEDPOLYGONALFACE((1,2,3,4,5));
#3435=IFCINDEXEDPOLYGONALFACE((10,9,8,7,6));
#3436=IFCINDEXEDPOLYGONALFACE((1,6,7,2));
#3437=IFCINDEXEDPOLYGONALFACE((2,7,8,3));
#3438=IFCINDEXEDPOLYGONALFACE((3,8,9,4));
#3439=IFCINDEXEDPOLYGONALFACE((4,9,10,5));
#3440=IFCINDEXEDPOLYGONALFACE((5,10,6,1));
#3441=IFCPOLYGONALFACESET(#3433,.T.,(#3434,#3435,#3436,#3437,#3438,#3439,#3440),$);
#3442=IFCSHAPEREPRESENTATION(#11,'Body','Tessellation',(#3441));
#3443=IFCPRODUCTDEFINITIONSHAPE($,$,(#3442));
#3444=IFCCARTESIANPOINT((0.,0.,0.));
#3445=IFCAXIS2PLACEMENT3D(#3444,$,$);
#3446=IFCLOCALPLACEMENT(#69,#3445);
#3447=IFCCOVERING('2IWAf_OobVlO836ULPISTj',$,'R/-4/-1#5',$,'gratschnitt',#3446,#3443,$,$);
#3448=IFCPROPERTYSINGLEVALUE('Stueckart',$,IFCLABEL('gratschnitt'),$);
#3449=IFCPROPERTYSINGLEVALUE('Motiv',$,IFCLABEL('R'),$);
#3450=IFCPROPERTYSINGLEVALUE('Rasterposition',$,IFCLABEL('R/-4/-1'),$);
#3451=IFCPROPERTYSINGLEVALUE('Gefaelleflaeche',$,IFCLABEL('F5'),$);
#3452=IFCPROPERTYSINGLEVALUE('Rohling',$,IFCLABEL('S60x10#27'),$);
#3453=IFCPROPERTYSINGLEVALUE('Herkunft',$,IFCLABEL('neu'),$);
#3454=IFCPROPERTYSINGLEVALUE('Schnitte',$,IFCINTEGER(3),$);
#3455=IFCPROPERTYSINGLEVALUE('Schnittlaenge',$,IFCREAL(335.),$);
#3456=IFCPROPERTYSINGLEVALUE('Schnittarten',$,IFCLABEL('gehrung,gratschnitt'),$);
#3457=IFCPROPERTYSET('2OwBCA9x1JvPk8o9NhBAzo',$,'HP_Fliesenstueck',$,(#3448,#3449,#3450,#3451,#3452,#3453,#3454,#3455,#3456));
#3458=IFCRELDEFINESBYPROPERTIES('1XFqOwx9DVQxG8rFRvGQVG',$,$,$,(#3447),#3457);
#3459=IFCQUANTITYLENGTH('Width',$,$,9.,$);
#3460=IFCQUANTITYAREA('NetArea',$,$,0.046768999999999998,$);
#3461=IFCELEMENTQUANTITY('0TdkgqH9DLyAYeg29JzReS',$,'Qto_CoveringBaseQuantities',$,$,(#3459,#3460));
#3462=IFCRELDEFINESBYPROPERTIES('1rFwkB7sPRwxEBp7IM6QeR',$,$,$,(#3447),#3461);
#3463=IFCCARTESIANPOINTLIST3D(((-1188.51,-485.55000000000001,17.827999999999999),(-834.96000000000004,-131.99000000000001,12.523999999999999),(-834.96000000000004,9.4299999999999997,12.523999999999999),(-1188.51,-344.13,17.827999999999999),(-1188.51,-485.55000000000001,8.8279999999999994),(-834.96000000000004,-131.99000000000001,3.5239999999999991),(-834.96000000000004,9.4299999999999997,3.5239999999999991),(-1188.51,-344.13,8.8279999999999994)),$);
#3464=IFCINDEXEDPOLYGONALFACE((1,2,3,4));
#3465=IFCINDEXEDPOLYGONALFACE((8,7,6,5));
#3466=IFCINDEXEDPOLYGONALFACE((1,5,6,2));
#3467=IFCINDEXEDPOLYGONALFACE((2,6,7,3));
#3468=IFCINDEXEDPOLYGONALFACE((3,7,8,4));
#3469=IFCINDEXEDPOLYGONALFACE((4,8,5,1));
#3470=IFCPOLYGONALFACESET(#3463,.T.,(#3464,#3465,#3466,#3467,#3468,#3469),$);
#3471=IFCSHAPEREPRESENTATION(#11,'Body','Tessellation',(#3470));
#3472=IFCPRODUCTDEFINITIONSHAPE($,$,(#3471));
#3473=IFCCARTESIANPOINT((0.,0.,0.));
#3474=IFCAXIS2PLACEMENT3D(#3473,$,$);
#3475=IFCLOCALPLACEMENT(#69,#3474);
#3476=IFCCOVERING('3IFbmbwF1VUg_IkOTbYh6a',$,'R/-4/-2#4',$,'gehrung',#3475,#3472,$,$);
#3477=IFCPROPERTYSINGLEVALUE('Stueckart',$,IFCLABEL('gehrung'),$);
#3478=IFCPROPERTYSINGLEVALUE('Motiv',$,IFCLABEL('R'),$);
#3479=IFCPROPERTYSINGLEVALUE('Rasterposition',$,IFCLABEL('R/-4/-2'),$);
#3480=IFCPROPERTYSINGLEVALUE('Gefaelleflaeche',$,IFCLABEL('F4'),$);
#3481=IFCPROPERTYSINGLEVALUE('Rohling',$,IFCLABEL('S60x10#12'),$);
#3482=IFCPROPERTYSINGLEVALUE('Herkunft',$,IFCLABEL('neu'),$);
#3483=IFCPROPERTYSINGLEVALUE('Schnitte',$,IFCINTEGER(2),$);
#3484=IFCPROPERTYSINGLEVALUE('Schnittlaenge',$,IFCREAL(282.80000000000001),$);
#3485=IFCPROPERTYSINGLEVALUE('Schnittarten',$,IFCLABEL('gehrung'),$);
#3486=IFCPROPERTYSET('2M6UKcpf1ULx6CPN8EpnOR',$,'HP_Fliesenstueck',$,(#3477,#3478,#3479,#3480,#3481,#3482,#3483,#3484,#3485));
#3487=IFCRELDEFINESBYPROPERTIES('37T7eVPO1TGh6Rs$8fudKE',$,$,$,(#3476),#3486);
#3488=IFCQUANTITYLENGTH('Width',$,$,9.,$);
#3489=IFCQUANTITYAREA('NetArea',$,$,0.050000000000000003,$);
#3490=IFCELEMENTQUANTITY('3Y0LKuxKnJcfTMiRpKyjn2',$,'Qto_CoveringBaseQuantities',$,$,(#3488,#3489));
#3491=IFCRELDEFINESBYPROPERTIES('3_0KxrTjPMrBGd1XVmoeV_',$,$,$,(#3476),#3490);
#3492=IFCCARTESIANPOINTLIST3D(((591.25999999999999,9.4299999999999997,8.8689999999999998),(591.25999999999999,-131.99000000000001,8.8689999999999998),(512.55999999999995,-210.69,7.6879999999999997),(412.56,-169.27000000000001,6.1879999999999997),(591.25999999999999,9.4299999999999997,-0.13100000000000023),(591.25999999999999,-131.99000000000001,-0.13100000000000023),(512.55999999999995,-210.69,-1.3120000000000003),(412.56,-169.27000000000001,-2.8120000000000003)),$);
#3493=IFCINDEXEDPOLYGONALFACE((1,2,3,4));
#3494=IFCINDEXEDPOLYGONALFACE((8,7,6,5));
#3495=IFCINDEXEDPOLYGONALFACE((1,5,6,2));
#3496=IFCINDEXEDPOLYGONALFACE((2,6,7,3));
#3497=IFCINDEXEDPOLYGONALFACE((3,7,8,4));
#3498=IFCINDEXEDPOLYGONALFACE((4,8,5,1));
#3499=IFCPOLYGONALFACESET(#3492,.T.,(#3493,#3494,#3495,#3496,#3497,#3498),$);
#3500=IFCSHAPEREPRESENTATION(#11,'Body','Tessellation',(#3499));
#3501=IFCPRODUCTDEFINITIONSHAPE($,$,(#3500));
#3502=IFCCARTESIANPOINT((0.,0.,0.));
#3503=IFCAXIS2PLACEMENT3D(#3502,$,$);
#3504=IFCLOCALPLACEMENT(#69,#3503);
#3505=IFCCOVERING('1DhiOxmhLNzADt2kPqZXQ4',$,'R/-4/0#0',$,'gratschnitt',#3504,#3501,$,$);
#3506=IFCPROPERTYSINGLEVALUE('Stueckart',$,IFCLABEL('gratschnitt'),$);
#3507=IFCPROPERTYSINGLEVALUE('Motiv',$,IFCLABEL('R'),$);
#3508=IFCPROPERTYSINGLEVALUE('Rasterposition',$,IFCLABEL('R/-4/0'),$);
#3509=IFCPROPERTYSINGLEVALUE('Gefaelleflaeche',$,IFCLABEL('F0'),$);
#3510=IFCPROPERTYSINGLEVALUE('Rohling',$,IFCLABEL('S60x10#72'),$);
#3511=IFCPROPERTYSINGLEVALUE('Herkunft',$,IFCLABEL('reststueck'),$);
#3512=IFCPROPERTYSINGLEVALUE('Schnitte',$,IFCINTEGER(2),$);
#3513=IFCPROPERTYSINGLEVALUE('Schnittlaenge',$,IFCREAL(249.69999999999999),$);
#3514=IFCPROPERTYSINGLEVALUE('Schnittarten',$,IFCLABEL('gehrung,gratschnitt'),$);
#3515=IFCPROPERTYSET('3nwA4UQqHUsO3Gt_yt3A1W',$,'HP_Fliesenstueck',$,(#3506,#3507,#3508,#3509,#3510,#3511,#3512,#3513,#3514));
#3516=IFCRELDEFINESBYPROPERTIES('3V4KI_ElvSpPHwoT_qdXdJ',$,$,$,(#3505),#3515);
#3517=IFCQUANTITYLENGTH('Width',$,$,9.,$);
#3518=IFCQUANTITYAREA('NetArea',$,$,0.018200000000000001,$);
#3519=IFCELEMENTQUANTITY('0bS_Mu$1nG2fTy_2pNCsE_',$,'Qto_CoveringBaseQuantities',$,$,(#3517,#3518));
#3520=IFCRELDEFINESBYPROPERTIES('1dJrn40yLRZxA0Y0LJphDO',$,$,$,(#3505),#3519);
#3521=IFCCARTESIANPOINTLIST3D(((237.69999999999999,-485.55000000000001,7.6710000000000003),(237.69999999999999,-344.13,6.1710000000000003),(410.26999999999998,-171.56,6.1710000000000003),(510.26999999999998,-212.97999999999999,7.6710000000000003),(237.69999999999999,-485.55000000000001,-1.3289999999999997),(237.69999999999999,-344.13,-2.8289999999999997),(410.26999999999998,-171.56,-2.8289999999999997),(510.26999999999998,-212.97999999999999,-1.3289999999999997)),$);
#3522=IFCINDEXEDPOLYGONALFACE((1,2,3,4));
#3523=IFCINDEXEDPOLYGONALFACE((8,7,6,5));
#3524=IFCINDEXEDPOLYGONALFACE((1,5,6,2));
#3525=IFCINDEXEDPOLYGONALFACE((2,6,7,3));
#3526=IFCINDEXEDPOLYGONALFACE((3,7,8,4));
#3527=IFCINDEXEDPOLYGONALFACE((4,8,5,1));
#3528=IFCPOLYGONALFACESET(#3521,.T.,(#3522,#3523,#3524,#3525,#3526,#3527),$);
#3529=IFCSHAPEREPRESENTATION(#11,'Body','Tessellation',(#3528));
#3530=IFCPRODUCTDEFINITIONSHAPE($,$,(#3529));
#3531=IFCCARTESIANPOINT((0.,0.,0.));
#3532=IFCAXIS2PLACEMENT3D(#3531,$,$);
#3533=IFCLOCALPLACEMENT(#69,#3532);
#3534=IFCCOVERING('3cqfkAJRPJQQsfItdPUzVb',$,'R/-4/0#7',$,'gratschnitt',#3533,#3530,$,$);
#3535=IFCPROPERTYSINGLEVALUE('Stueckart',$,IFCLABEL('gratschnitt'),$);
#3536=IFCPROPERTYSINGLEVALUE('Motiv',$,IFCLABEL('R'),$);
#3537=IFCPROPERTYSINGLEVALUE('Rasterposition',$,IFCLABEL('R/-4/0'),$);
#3538=IFCPROPERTYSINGLEVALUE('Gefaelleflaeche',$,IFCLABEL('F7'),$);
#3539=IFCPROPERTYSINGLEVALUE('Rohling',$,IFCLABEL('S60x10#72'),$);
#3540=IFCPROPERTYSINGLEVALUE('Herkunft',$,IFCLABEL('neu'),$);
#3541=IFCPROPERTYSINGLEVALUE('Schnitte',$,IFCINTEGER(2),$);
#3542=IFCPROPERTYSINGLEVALUE('Schnittlaenge',$,IFCREAL(249.69999999999999),$);
#3543=IFCPROPERTYSINGLEVALUE('Schnittarten',$,IFCLABEL('gehrung,gratschnitt'),$);
#3544=IFCPROPERTYSET('3D40tFYg5QkvLhudWngMwX',$,'HP_Fliesenstueck',$,(#3535,#3536,#3537,#3538,#3539,#3540,#3541,#3542,#3543));
#3545=IFCRELDEFINESBYPROPERTIES('3LlMmMjTjRGgwi5lnX7RJg',$,$,$,(#3534),#3544);
#3546=IFCQUANTITYLENGTH('Width',$,$,9.,$);
#3547=IFCQUANTITYAREA('NetArea',$,$,0.031475000000000003,$);
#3548=IFCELEMENTQUANTITY('1oKv1X1WbPsg67a02AwLDy',$,'Qto_CoveringBaseQuantities',$,$,(#3546,#3547));
#3549=IFCRELDEFINESBYPROPERTIES('3zRwgV$t1QyQ$MzweqTu0l',$,$,$,(#3534),#3548);
#3550=IFCCARTESIANPOINTLIST3D(((1016.8,-419.55000000000001,15.252000000000001),(950.80999999999995,-392.20999999999998,14.262),(950.80999999999995,-344.13,14.262),(1197.,-97.930000000000007,17.954999999999998),(1197.,-239.36000000000001,17.954999999999998),(1016.8,-419.55000000000001,6.2520000000000007),(950.80999999999995,-392.20999999999998,5.2620000000000005),(950.80999999999995,-344.13,5.2620000000000005),(1197.,-97.930000000000007,8.9549999999999983),(1197.,-239.36000000000001,8.9549999999999983)),$);
#3551=IFCINDEXEDPOLYGONALFACE((1,2,3,4,5));
#3552=IFCINDEXEDPOLYGONALFACE((10,9,8,7,6));
#3553=IFCINDEXEDPOLYGONALFACE((1,6,7,2));
#3554=IFCINDEXEDPOLYGONALFACE((2,7,8,3));
#3555=IFCINDEXEDPOLYGONALFACE((3,8,9,4));
#3556=IFCINDEXEDPOLYGONALFACE((4,9,10,5));
#3557=IFCINDEXEDPOLYGONALFACE((5,10,6,1));
#3558=IFCPOLYGONALFACESET(#3550,.T.,(#3551,#3552,#3553,#3554,#3555,#3556,#3557),$);
#3559=IFCSHAPEREPRESENTATION(#11,'Body','Tessellation',(#3558));
#3560=IFCPRODUCTDEFINITIONSHAPE($,$,(#3559));
#3561=IFCCARTESIANPOINT((0.,0.,0.));
#3562=IFCAXIS2PLACEMENT3D(#3561,$,$);
#3563=IFCLOCALPLACEMENT(#69,#3562);
#3564=IFCCOVERING('1rdjgSeyvQLuiJkq8A6gtS',$,'R/-4/1#0',$,'gratschnitt',#3563,#3560,$,$);
#3565=IFCPROPERTYSINGLEVALUE('Stueckart',$,IFCLABEL('gratschnitt'),$);
#3566=IFCPROPERTYSINGLEVALUE('Motiv',$,IFCLABEL('R'),$);
#3567=IFCPROPERTYSINGLEVALUE('Rasterposition',$,IFCLABEL('R/-4/1'),$);
#3568=IFCPROPERTYSINGLEVALUE('Gefaelleflaeche',$,IFCLABEL('F0'),$);
#3569=IFCPROPERTYSINGLEVALUE('Rohling',$,IFCLABEL('S60x10#71'),$);
#3570=IFCPROPERTYSINGLEVALUE('Herkunft',$,IFCLABEL('neu'),$);
#3571=IFCPROPERTYSINGLEVALUE('Schnitte',$,IFCINTEGER(3),$);
#3572=IFCPROPERTYSINGLEVALUE('Schnittlaenge',$,IFCREAL(260.89999999999998),$);
#3573=IFCPROPERTYSINGLEVALUE('Schnittarten',$,IFCLABEL('schraeg,gehrung,gratschnitt'),$);
#3574=IFCPROPERTYSET('0HBg3OhhPUdfxwENJDB2Fw',$,'HP_Fliesenstueck',$,(#3565,#3566,#3567,#3568,#3569,#3570,#3571,#3572,#3573));
#3575=IFCRELDEFINESBYPROPERTIES('1x5IHtyu1VDAfvltbZTMCr',$,$,$,(#3564),#3574);
#3576=IFCQUANTITYLENGTH('Width',$,$,9.,$);
#3577=IFCQUANTITYAREA('NetArea',$,$,0.031737000000000001,$);
#3578=IFCELEMENTQUANTITY('1MEK6wJKPKUwJSVJ2whEA5',$,'Qto_CoveringBaseQuantities',$,$,(#3576,#3577));
#3579=IFCRELDEFINESBYPROPERTIES('3yiaitbVXUuR43ONIqqy86',$,$,$,(#3564),#3578);
#3580=IFCCARTESIANPOINTLIST3D(((950.80999999999995,-485.55000000000001,15.234999999999999),(950.80999999999995,-395.45999999999998,14.279),(1014.51,-421.85000000000002,15.234999999999999),(950.80999999999995,-485.55000000000001,6.2349999999999994),(950.80999999999995,-395.45999999999998,5.2789999999999999),(1014.51,-421.85000000000002,6.2349999999999994)),$);
#3581=IFCINDEXEDPOLYGONALFACE((1,2,3));
#3582=IFCINDEXEDPOLYGONALFACE((6,5,4));
#3583=IFCINDEXEDPOLYGONALFACE((1,4,5,2));
#3584=IFCINDEXEDPOLYGONALFACE((2,5,6,3));
#3585=IFCINDEXEDPOLYGONALFACE((3,6,4,1));
#3586=IFCPOLYGONALFACESET(#3580,.T.,(#3581,#3582,#3583,#3584,#3585),$);
#3587=IFCSHAPEREPRESENTATION(#11,'Body','Tessellation',(#3586));
#3588=IFCPRODUCTDEFINITIONSHAPE($,$,(#3587));
#3589=IFCCARTESIANPOINT((0.,0.,0.));
#3590=IFCAXIS2PLACEMENT3D(#3589,$,$);
#3591=IFCLOCALPLACEMENT(#69,#3590);
#3592=IFCCOVERING('0S0ghCz$1TXesRKxi1JJJ0',$,'R/-4/1#7',$,'gratschnitt',#3591,#3588,$,$);
#3593=IFCPROPERTYSINGLEVALUE('Stueckart',$,IFCLABEL('gratschnitt'),$);
#3594=IFCPROPERTYSINGLEVALUE('Motiv',$,IFCLABEL('R'),$);
#3595=IFCPROPERTYSINGLEVALUE('Rasterposition',$,IFCLABEL('R/-4/1'),$);
#3596=IFCPROPERTYSINGLEVALUE('Gefaelleflaeche',$,IFCLABEL('F7'),$);
#3597=IFCPROPERTYSINGLEVALUE('Rohling',$,IFCLABEL('S60x10#71'),$);
#3598=IFCPROPERTYSINGLEVALUE('Herkunft',$,IFCLABEL('reststueck'),$);
#3599=IFCPROPERTYSINGLEVALUE('Schnitte',$,IFCINTEGER(2),$);
#3600=IFCPROPERTYSINGLEVALUE('Schnittlaenge',$,IFCREAL(159.),$);
#3601=IFCPROPERTYSINGLEVALUE('Schnittarten',$,IFCLABEL('gehrung,gratschnitt'),$);
#3602=IFCPROPERTYSET('3Xto$5YLXNXuRm9VPgUi4i',$,'HP_Fliesenstueck',$,(#3593,#3594,#3595,#3596,#3597,#3598,#3599,#3600,#3601));
#3603=IFCRELDEFINESBYPROPERTIES('0ZZyO2fajIRPV1rBYQ6Ubn',$,$,$,(#3592),#3602);
#3604=IFCQUANTITYLENGTH('Width',$,$,9.,$);
#3605=IFCQUANTITYAREA('NetArea',$,$,0.002869,$);
#3606=IFCELEMENTQUANTITY('2ntuiweg1GTxFNapmi_OOf',$,'Qto_CoveringBaseQuantities',$,$,(#3604,#3605));
#3607=IFCRELDEFINESBYPROPERTIES('38GzIx975IbwQjrGuUIfnQ',$,$,$,(#3592),#3606);
#3608=IFCCARTESIANPOINTLIST3D(((-475.39999999999998,-631.21000000000004,11.737),(-121.84999999999999,-277.66000000000003,4.2370000000000001),(-121.84999999999999,-136.24000000000001,2.7370000000000001),(-475.39999999999998,-489.79000000000002,10.237),(-475.39999999999998,-631.21000000000004,2.7370000000000001),(-121.84999999999999,-277.66000000000003,-4.7629999999999999),(-121.84999999999999,-136.24000000000001,-6.2629999999999999),(-475.39999999999998,-489.79000000000002,1.2370000000000001)),$);
#3609=IFCINDEXEDPOLYGONALFACE((1,2,3,4));
#3610=IFCINDEXEDPOLYGONALFACE((8,7,6,5));
#3611=IFCINDEXEDPOLYGONALFACE((1,5,6,2));
#3612=IFCINDEXEDPOLYGONALFACE((2,6,7,3));
#3613=IFCINDEXEDPOLYGONALFACE((3,7,8,4));
#3614=IFCINDEXEDPOLYGONALFACE((4,8,5,1));
#3615=IFCPOLYGONALFACESET(#3608,.T.,(#3609,#3610,#3611,#3612,#3613,#3614),$);
#3616=IFCSHAPEREPRESENTATION(#11,'Body','Tessellation',(#3615));
#3617=IFCPRODUCTDEFINITIONSHAPE($,$,(#3616));
#3618=IFCCARTESIANPOINT((0.,0.,0.));
#3619=IFCAXIS2PLACEMENT3D(#3618,$,$);
#3620=IFCLOCALPLACEMENT(#69,#3619);
#3621=IFCCOVERING('0vm8kR3o1SA9zpQV3KDFTN',$,'R/-5/-1#5',$,'gehrung',#3620,#3617,$,$);
#3622=IFCPROPERTYSINGLEVALUE('Stueckart',$,IFCLABEL('gehrung'),$);
#3623=IFCPROPERTYSINGLEVALUE('Motiv',$,IFCLABEL('R'),$);
#3624=IFCPROPERTYSINGLEVALUE('Rasterposition',$,IFCLABEL('R/-5/-1'),$);
#3625=IFCPROPERTYSINGLEVALUE('Gefaelleflaeche',$,IFCLABEL('F5'),$);
#3626=IFCPROPERTYSINGLEVALUE('Rohling',$,IFCLABEL('S60x10#13'),$);
#3627=IFCPROPERTYSINGLEVALUE('Herkunft',$,IFCLABEL('neu'),$);
#3628=IFCPROPERTYSINGLEVALUE('Schnitte',$,IFCINTEGER(2),$);
#3629=IFCPROPERTYSINGLEVALUE('Schnittlaenge',$,IFCREAL(282.80000000000001),$);
#3630=IFCPROPERTYSINGLEVALUE('Schnittarten',$,IFCLABEL('gehrung'),$);
#3631=IFCPROPERTYSET('3tuRp1sEvKjh76mYwt_5Uk',$,'HP_Fliesenstueck',$,(#3622,#3623,#3624,#3625,#3626,#3627,#3628,#3629,#3630));
#3632=IFCRELDEFINESBYPROPERTIES('2h5K78SI9N1x7vq73YlPna',$,$,$,(#3621),#3631);
#3633=IFCQUANTITYLENGTH('Width',$,$,9.,$);
#3634=IFCQUANTITYAREA('NetArea',$,$,0.050000000000000003,$);
#3635=IFCELEMENTQUANTITY('1iyH1WWI9OrR9bBouyJWvx',$,'Qto_CoveringBaseQuantities',$,$,(#3633,#3634));
#3636=IFCRELDEFINESBYPROPERTIES('3OEHbY2drGFBqbF9_E0l4j',$,$,$,(#3621),#3635);
#3637=IFCCARTESIANPOINTLIST3D(((-1188.51,-489.79000000000002,17.827999999999999),(-834.96000000000004,-136.24000000000001,12.523999999999999),(-834.96000000000004,-277.66000000000003,12.523999999999999),(-948.60000000000002,-391.30000000000001,14.228999999999999),(-1188.51,-490.67000000000002,17.827999999999999),(-1188.51,-489.79000000000002,8.8279999999999994),(-834.96000000000004,-136.24000000000001,3.5239999999999991),(-834.96000000000004,-277.66000000000003,3.5239999999999991),(-948.60000000000002,-391.30000000000001,5.2289999999999992),(-1188.51,-490.67000000000002,8.8279999999999994)),$);
#3638=IFCINDEXEDPOLYGONALFACE((1,2,3,4,5));
#3639=IFCINDEXEDPOLYGONALFACE((10,9,8,7,6));
#3640=IFCINDEXEDPOLYGONALFACE((1,6,7,2));
#3641=IFCINDEXEDPOLYGONALFACE((2,7,8,3));
#3642=IFCINDEXEDPOLYGONALFACE((3,8,9,4));
#3643=IFCINDEXEDPOLYGONALFACE((4,9,10,5));
#3644=IFCINDEXEDPOLYGONALFACE((5,10,6,1));
#3645=IFCPOLYGONALFACESET(#3637,.T.,(#3638,#3639,#3640,#3641,#3642,#3643,#3644),$);
#3646=IFCSHAPEREPRESENTATION(#11,'Body','Tessellation',(#3645));
#3647=IFCPRODUCTDEFINITIONSHAPE($,$,(#3646));
#3648=IFCCARTESIANPOINT((0.,0.,0.));
#3649=IFCAXIS2PLACEMENT3D(#3648,$,$);
#3650=IFCLOCALPLACEMENT(#69,#3649);
#3651=IFCCOVERING('1ZIYepj65NVAjyIZiSrtlx',$,'R/-5/-2#4',$,'gratschnitt',#3650,#3647,$,$);
#3652=IFCPROPERTYSINGLEVALUE('Stueckart',$,IFCLABEL('gratschnitt'),$);
#3653=IFCPROPERTYSINGLEVALUE('Motiv',$,IFCLABEL('R'),$);
#3654=IFCPROPERTYSINGLEVALUE('Rasterposition',$,IFCLABEL('R/-5/-2'),$);
#3655=IFCPROPERTYSINGLEVALUE('Gefaelleflaeche',$,IFCLABEL('F4'),$);
#3656=IFCPROPERTYSINGLEVALUE('Rohling',$,IFCLABEL('S60x10#61'),$);
#3657=IFCPROPERTYSINGLEVALUE('Herkunft',$,IFCLABEL('neu'),$);
#3658=IFCPROPERTYSINGLEVALUE('Schnitte',$,IFCINTEGER(3),$);
#3659=IFCPROPERTYSINGLEVALUE('Schnittlaenge',$,IFCREAL(402.),$);
#3660=IFCPROPERTYSINGLEVALUE('Schnittarten',$,IFCLABEL('gehrung,gratschnitt'),$);
#3661=IFCPROPERTYSET('0AFiY$IrHJIPRK7w3p6Pti',$,'HP_Fliesenstueck',$,(#3652,#3653,#3654,#3655,#3656,#3657,#3658,#3659,#3660));
#3662=IFCRELDEFINESBYPROPERTIES('3cZRdkslvHWv9jwCTH2LBn',$,$,$,(#3651),#3661);
#3663=IFCQUANTITYLENGTH('Width',$,$,9.,$);
#3664=IFCQUANTITYAREA('NetArea',$,$,0.033141999999999998,$);
#3665=IFCELEMENTQUANTITY('0nNU2yRrXOkguAtceISgEe',$,'Qto_CoveringBaseQuantities',$,$,(#3663,#3664));
#3666=IFCRELDEFINESBYPROPERTIES('0KXgGKkVHQwQWQKk5B4zzX',$,$,$,(#3651),#3665);
#3667=IFCCARTESIANPOINTLIST3D(((-1125.0599999999999,-567.75999999999999,17.954999999999998),(-1188.51,-504.30000000000001,17.954999999999998),(-1188.51,-493.92000000000002,17.844999999999999),(-954.13999999999999,-396.83999999999997,14.329000000000001),(-1125.0599999999999,-567.75999999999999,8.9549999999999983),(-1188.51,-504.30000000000001,8.9549999999999983),(-1188.51,-493.92000000000002,8.8449999999999989),(-954.13999999999999,-396.83999999999997,5.3290000000000006)),$);
#3668=IFCINDEXEDPOLYGONALFACE((1,2,3,4));
#3669=IFCINDEXEDPOLYGONALFACE((8,7,6,5));
#3670=IFCINDEXEDPOLYGONALFACE((1,5,6,2));
#3671=IFCINDEXEDPOLYGONALFACE((2,6,7,3));
#3672=IFCINDEXEDPOLYGONALFACE((3,7,8,4));
#3673=IFCINDEXEDPOLYGONALFACE((4,8,5,1));
#3674=IFCPOLYGONALFACESET(#3667,.T.,(#3668,#3669,#3670,#3671,#3672,#3673),$);
#3675=IFCSHAPEREPRESENTATION(#11,'Body','Tessellation',(#3674));
#3676=IFCPRODUCTDEFINITIONSHAPE($,$,(#3675));
#3677=IFCCARTESIANPOINT((0.,0.,0.));
#3678=IFCAXIS2PLACEMENT3D(#3677,$,$);
#3679=IFCLOCALPLACEMENT(#69,#3678);
#3680=IFCCOVERING('25KbPNknfM3hToN1LCZ9YT',$,'R/-5/-2#5',$,'gratschnitt',#3679,#3676,$,$);
#3681=IFCPROPERTYSINGLEVALUE('Stueckart',$,IFCLABEL('gratschnitt'),$);
#3682=IFCPROPERTYSINGLEVALUE('Motiv',$,IFCLABEL('R'),$);
#3683=IFCPROPERTYSINGLEVALUE('Rasterposition',$,IFCLABEL('R/-5/-2'),$);
#3684=IFCPROPERTYSINGLEVALUE('Gefaelleflaeche',$,IFCLABEL('F5'),$);
#3685=IFCPROPERTYSINGLEVALUE('Rohling',$,IFCLABEL('S60x10#61'),$);
#3686=IFCPROPERTYSINGLEVALUE('Herkunft',$,IFCLABEL('reststueck'),$);
#3687=IFCPROPERTYSINGLEVALUE('Schnitte',$,IFCINTEGER(3),$);
#3688=IFCPROPERTYSINGLEVALUE('Schnittlaenge',$,IFCREAL(353.80000000000001),$);
#3689=IFCPROPERTYSINGLEVALUE('Schnittarten',$,IFCLABEL('gerade,gehrung,gratschnitt'),$);
#3690=IFCPROPERTYSET('2fWRsn8XbJqOxXN49G$WzO',$,'HP_Fliesenstueck',$,(#3681,#3682,#3683,#3684,#3685,#3686,#3687,#3688,#3689));
#3691=IFCRELDEFINESBYPROPERTIES('0deVP7frTNV8798SLAsqTf',$,$,$,(#3680),#3690);
#3692=IFCQUANTITYLENGTH('Width',$,$,9.,$);
#3693=IFCQUANTITYAREA('NetArea',$,$,0.012062,$);
#3694=IFCELEMENTQUANTITY('1lFhToFHjVJPDrvOcmTS8k',$,'Qto_CoveringBaseQuantities',$,$,(#3692,#3693));
#3695=IFCRELDEFINESBYPROPERTIES('1MyucH$b1R1PGJEsxoZ5bV',$,$,$,(#3680),#3694);
#3696=IFCCARTESIANPOINTLIST3D(((591.25999999999999,-136.24000000000001,8.8689999999999998),(591.25999999999999,-243.28,8.8689999999999998),(515.55999999999995,-211.93000000000001,7.7329999999999997),(591.25999999999999,-136.24000000000001,-0.13100000000000023),(591.25999999999999,-243.28,-0.13100000000000023),(515.55999999999995,-211.93000000000001,-1.2670000000000003)),$);
#3697=IFCINDEXEDPOLYGONALFACE((1,2,3));
#3698=IFCINDEXEDPOLYGONALFACE((6,5,4));
#3699=IFCINDEXEDPOLYGONALFACE((1,4,5,2));
#3700=IFCINDEXEDPOLYGONALFACE((2,5,6,3));
#3701=IFCINDEXEDPOLYGONALFACE((3,6,4,1));
#3702=IFCPOLYGONALFACESET(#3696,.T.,(#3697,#3698,#3699,#3700,#3701),$);
#3703=IFCSHAPEREPRESENTATION(#11,'Body','Tessellation',(#3702));
#3704=IFCPRODUCTDEFINITIONSHAPE($,$,(#3703));
#3705=IFCCARTESIANPOINT((0.,0.,0.));
#3706=IFCAXIS2PLACEMENT3D(#3705,$,$);
#3707=IFCLOCALPLACEMENT(#69,#3706);
#3708=IFCCOVERING('1llYtE1d1Kx8L165RVtNPu',$,'R/-5/0#0',$,'gratschnitt',#3707,#3704,$,$);
#3709=IFCPROPERTYSINGLEVALUE('Stueckart',$,IFCLABEL('gratschnitt'),$);
#3710=IFCPROPERTYSINGLEVALUE('Motiv',$,IFCLABEL('R'),$);
#3711=IFCPROPERTYSINGLEVALUE('Rasterposition',$,IFCLABEL('R/-5/0'),$);
#3712=IFCPROPERTYSINGLEVALUE('Gefaelleflaeche',$,IFCLABEL('F0'),$);
#3713=IFCPROPERTYSINGLEVALUE('Rohling',$,IFCLABEL('S60x10#31'),$);
#3714=IFCPROPERTYSINGLEVALUE('Herkunft',$,IFCLABEL('reststueck'),$);
#3715=IFCPROPERTYSINGLEVALUE('Schnitte',$,IFCINTEGER(2),$);
#3716=IFCPROPERTYSINGLEVALUE('Schnittlaenge',$,IFCREAL(189.),$);
#3717=IFCPROPERTYSINGLEVALUE('Schnittarten',$,IFCLABEL('gehrung,gratschnitt'),$);
#3718=IFCPROPERTYSET('2r$4YqcX1MMRgzeieOHdmV',$,'HP_Fliesenstueck',$,(#3709,#3710,#3711,#3712,#3713,#3714,#3715,#3716,#3717));
#3719=IFCRELDEFINESBYPROPERTIES('1IPG5XoYLPlfCJA7KEzwCu',$,$,$,(#3708),#3718);
#3720=IFCQUANTITYLENGTH('Width',$,$,9.,$);
#3721=IFCQUANTITYAREA('NetArea',$,$,0.0040509999999999999,$);
#3722=IFCELEMENTQUANTITY('0ukUXe3s1Vje88S7K2yhoQ',$,'Qto_CoveringBaseQuantities',$,$,(#3720,#3721));
#3723=IFCRELDEFINESBYPROPERTIES('29cGn0f3XHBw75NvEaOxX2',$,$,$,(#3708),#3722);
#3724=IFCCARTESIANPOINTLIST3D(((237.69999999999999,-631.21000000000004,9.468),(237.69999999999999,-577.77999999999997,8.6669999999999998),(253.34999999999999,-615.55999999999995,9.2330000000000005),(237.69999999999999,-631.21000000000004,0.46799999999999997),(237.69999999999999,-577.77999999999997,-0.33300000000000018),(253.34999999999999,-615.55999999999995,0.23300000000000054)),$);
#3725=IFCINDEXEDPOLYGONALFACE((1,2,3));
#3726=IFCINDEXEDPOLYGONALFACE((6,5,4));
#3727=IFCINDEXEDPOLYGONALFACE((1,4,5,2));
#3728=IFCINDEXEDPOLYGONALFACE((2,5,6,3));
#3729=IFCINDEXEDPOLYGONALFACE((3,6,4,1));
#3730=IFCPOLYGONALFACESET(#3724,.T.,(#3725,#3726,#3727,#3728,#3729),$);
#3731=IFCSHAPEREPRESENTATION(#11,'Body','Tessellation',(#3730));
#3732=IFCPRODUCTDEFINITIONSHAPE($,$,(#3731));
#3733=IFCCARTESIANPOINT((0.,0.,0.));
#3734=IFCAXIS2PLACEMENT3D(#3733,$,$);
#3735=IFCLOCALPLACEMENT(#69,#3734);
#3736=IFCCOVERING('3TSDKLi6PGehe7Xpyg28kU',$,'R/-5/0#6',$,'gratschnitt',#3735,#3732,$,$);
#3737=IFCPROPERTYSINGLEVALUE('Stueckart',$,IFCLABEL('gratschnitt'),$);
#3738=IFCPROPERTYSINGLEVALUE('Motiv',$,IFCLABEL('R'),$);
#3739=IFCPROPERTYSINGLEVALUE('Rasterposition',$,IFCLABEL('R/-5/0'),$);
#3740=IFCPROPERTYSINGLEVALUE('Gefaelleflaeche',$,IFCLABEL('F6'),$);
#3741=IFCPROPERTYSINGLEVALUE('Rohling',$,IFCLABEL('S60x10#66'),$);
#3742=IFCPROPERTYSINGLEVALUE('Herkunft',$,IFCLABEL('reststueck'),$);
#3743=IFCPROPERTYSINGLEVALUE('Schnitte',$,IFCINTEGER(2),$);
#3744=IFCPROPERTYSINGLEVALUE('Schnittlaenge',$,IFCREAL(94.299999999999997),$);
#3745=IFCPROPERTYSINGLEVALUE('Schnittarten',$,IFCLABEL('gehrung,gratschnitt'),$);
#3746=IFCPROPERTYSET('1mKsLM2VnUefdzCZN8rJ3m',$,'HP_Fliesenstueck',$,(#3737,#3738,#3739,#3740,#3741,#3742,#3743,#3744,#3745));
#3747=IFCRELDEFINESBYPROPERTIES('0fK7D$hQHStxPlmBw5veaj',$,$,$,(#3736),#3746);
#3748=IFCQUANTITYLENGTH('Width',$,$,9.,$);
#3749=IFCQUANTITYAREA('NetArea',$,$,0.00041800000000000002,$);
#3750=IFCELEMENTQUANTITY('1dO3oqSvzK290PpE0S46Ri',$,'Qto_CoveringBaseQuantities',$,$,(#3748,#3749));
#3751=IFCRELDEFINESBYPROPERTIES('1IVgtIpprNxwR0TPSSkw2K',$,$,$,(#3736),#3750);
#3752=IFCCARTESIANPOINTLIST3D(((591.25999999999999,-277.66000000000003,9.2159999999999993),(255.65000000000001,-613.26999999999998,9.2159999999999993),(237.69999999999999,-569.94000000000005,8.5660000000000007),(237.69999999999999,-489.79000000000002,7.7160000000000002),(513.26999999999998,-214.22999999999999,7.7160000000000002),(591.25999999999999,-246.53,8.8859999999999992),(591.25999999999999,-277.66000000000003,0.2159999999999993),(255.65000000000001,-613.26999999999998,0.2159999999999993),(237.69999999999999,-569.94000000000005,-0.43399999999999928),(237.69999999999999,-489.79000000000002,-1.2839999999999998),(513.26999999999998,-214.22999999999999,-1.2839999999999998),(591.25999999999999,-246.53,-0.11400000000000077)),$);
#3753=IFCINDEXEDPOLYGONALFACE((1,2,3,4,5,6));
#3754=IFCINDEXEDPOLYGONALFACE((12,11,10,9,8,7));
#3755=IFCINDEXEDPOLYGONALFACE((1,7,8,2));
#3756=IFCINDEXEDPOLYGONALFACE((2,8,9,3));
#3757=IFCINDEXEDPOLYGONALFACE((3,9,10,4));
#3758=IFCINDEXEDPOLYGONALFACE((4,10,11,5));
#3759=IFCINDEXEDPOLYGONALFACE((5,11,12,6));
#3760=IFCINDEXEDPOLYGONALFACE((6,12,7,1));
#3761=IFCPOLYGONALFACESET(#3752,.T.,(#3753,#3754,#3755,#3756,#3757,#3758,#3759,#3760),$);
#3762=IFCSHAPEREPRESENTATION(#11,'Body','Tessellation',(#3761));
#3763=IFCPRODUCTDEFINITIONSHAPE($,$,(#3762));
#3764=IFCCARTESIANPOINT((0.,0.,0.));
#3765=IFCAXIS2PLACEMENT3D(#3764,$,$);
#3766=IFCLOCALPLACEMENT(#69,#3765);
#3767=IFCCOVERING('0aWszFCKDKx9pGzp7_1RSk',$,'R/-5/0#7',$,'gratschnitt',#3766,#3763,$,$);
#3768=IFCPROPERTYSINGLEVALUE('Stueckart',$,IFCLABEL('gratschnitt'),$);
#3769=IFCPROPERTYSINGLEVALUE('Motiv',$,IFCLABEL('R'),$);
#3770=IFCPROPERTYSINGLEVALUE('Rasterposition',$,IFCLABEL('R/-5/0'),$);
#3771=IFCPROPERTYSINGLEVALUE('Gefaelleflaeche',$,IFCLABEL('F7'),$);
#3772=IFCPROPERTYSINGLEVALUE('Rohling',$,IFCLABEL('S60x10#31'),$);
#3773=IFCPROPERTYSINGLEVALUE('Herkunft',$,IFCLABEL('neu'),$);
#3774=IFCPROPERTYSINGLEVALUE('Schnitte',$,IFCINTEGER(4),$);
#3775=IFCPROPERTYSINGLEVALUE('Schnittlaenge',$,IFCREAL(242.59999999999999),$);
#3776=IFCPROPERTYSINGLEVALUE('Schnittarten',$,IFCLABEL('gehrung,gratschnitt'),$);
#3777=IFCPROPERTYSET('1JSY$xLfvHseUWf71JPMu7',$,'HP_Fliesenstueck',$,(#3768,#3769,#3770,#3771,#3772,#3773,#3774,#3775,#3776));
#3778=IFCRELDEFINESBYPROPERTIES('2DemPJHRTQyBuPmFG6Fq9F',$,$,$,(#3767),#3777);
#3779=IFCQUANTITYLENGTH('Width',$,$,9.,$);
#3780=IFCQUANTITYAREA('NetArea',$,$,0.045149000000000002,$);
#3781=IFCELEMENTQUANTITY('1gcd65F_5Jc84N5W59nkNV',$,'Qto_CoveringBaseQuantities',$,$,(#3779,#3780));
#3782=IFCRELDEFINESBYPROPERTIES('3lEOTp8MfVAgG64G2xK98f',$,$,$,(#3767),#3781);
#3783=IFCCARTESIANPOINTLIST3D(((1119.8,-462.20999999999998,16.797000000000001),(1019.8,-420.79000000000002,15.297000000000001),(1197.,-243.59999999999999,17.954999999999998),(1197.,-385.01999999999998,17.954999999999998),(1119.8,-462.20999999999998,7.7970000000000006),(1019.8,-420.79000000000002,6.2970000000000006),(1197.,-243.59999999999999,8.9549999999999983),(1197.,-385.01999999999998,8.9549999999999983)),$);
#3784=IFCINDEXEDPOLYGONALFACE((1,2,3,4));
#3785=IFCINDEXEDPOLYGONALFACE((8,7,6,5));
#3786=IFCINDEXEDPOLYGONALFACE((1,5,6,2));
#3787=IFCINDEXEDPOLYGONALFACE((2,6,7,3));
#3788=IFCINDEXEDPOLYGONALFACE((3,7,8,4));
#3789=IFCINDEXEDPOLYGONALFACE((4,8,5,1));
#3790=IFCPOLYGONALFACESET(#3783,.T.,(#3784,#3785,#3786,#3787,#3788,#3789),$);
#3791=IFCSHAPEREPRESENTATION(#11,'Body','Tessellation',(#3790));
#3792=IFCPRODUCTDEFINITIONSHAPE($,$,(#3791));
#3793=IFCCARTESIANPOINT((0.,0.,0.));
#3794=IFCAXIS2PLACEMENT3D(#3793,$,$);
#3795=IFCLOCALPLACEMENT(#69,#3794);
#3796=IFCCOVERING('3hca8lJRnIcfQLc2Wsvjnu',$,'R/-5/1#0',$,'gratschnitt',#3795,#3792,$,$);
#3797=IFCPROPERTYSINGLEVALUE('Stueckart',$,IFCLABEL('gratschnitt'),$);
#3798=IFCPROPERTYSINGLEVALUE('Motiv',$,IFCLABEL('R'),$);
#3799=IFCPROPERTYSINGLEVALUE('Rasterposition',$,IFCLABEL('R/-5/1'),$);
#3800=IFCPROPERTYSINGLEVALUE('Gefaelleflaeche',$,IFCLABEL('F0'),$);
#3801=IFCPROPERTYSINGLEVALUE('Rohling',$,IFCLABEL('S60x10#92'),$);
#3802=IFCPROPERTYSINGLEVALUE('Herkunft',$,IFCLABEL('neu'),$);
#3803=IFCPROPERTYSINGLEVALUE('Schnitte',$,IFCINTEGER(2),$);
#3804=IFCPROPERTYSINGLEVALUE('Schnittlaenge',$,IFCREAL(249.69999999999999),$);
#3805=IFCPROPERTYSINGLEVALUE('Schnittarten',$,IFCLABEL('schraeg,gratschnitt'),$);
#3806=IFCPROPERTYSET('0bGRtvo3PSrxMRvceFjGPq',$,'HP_Fliesenstueck',$,(#3797,#3798,#3799,#3800,#3801,#3802,#3803,#3804,#3805));
#3807=IFCRELDEFINESBYPROPERTIES('15WwrYt99H1QEZ7ukqKHpj',$,$,$,(#3796),#3806);
#3808=IFCQUANTITYLENGTH('Width',$,$,9.,$);
#3809=IFCQUANTITYAREA('NetArea',$,$,0.017988000000000001,$);
#3810=IFCELEMENTQUANTITY('0Nd5CLfUfKIfB7TVBTTxoF',$,'Qto_CoveringBaseQuantities',$,$,(#3808,#3809));
#3811=IFCRELDEFINESBYPROPERTIES('12WTRyrTzUbOAEl39_dXsX',$,$,$,(#3796),#3810);
#3812=IFCCARTESIANPOINTLIST3D(((950.80999999999995,-631.21000000000004,16.780000000000001),(950.80999999999995,-489.79000000000002,15.279999999999999),(1017.51,-423.08999999999997,15.279999999999999),(1117.51,-464.50999999999999,16.780000000000001),(950.80999999999995,-631.21000000000004,7.7800000000000011),(950.80999999999995,-489.79000000000002,6.2799999999999994),(1017.51,-423.08999999999997,6.2799999999999994),(1117.51,-464.50999999999999,7.7800000000000011)),$);
#3813=IFCINDEXEDPOLYGONALFACE((1,2,3,4));
#3814=IFCINDEXEDPOLYGONALFACE((8,7,6,5));
#3815=IFCINDEXEDPOLYGONALFACE((1,5,6,2));
#3816=IFCINDEXEDPOLYGONALFACE((2,6,7,3));
#3817=IFCINDEXEDPOLYGONALFACE((3,7,8,4));
#3818=IFCINDEXEDPOLYGONALFACE((4,8,5,1));
#3819=IFCPOLYGONALFACESET(#3812,.T.,(#3813,#3814,#3815,#3816,#3817,#3818),$);
#3820=IFCSHAPEREPRESENTATION(#11,'Body','Tessellation',(#3819));
#3821=IFCPRODUCTDEFINITIONSHAPE($,$,(#3820));
#3822=IFCCARTESIANPOINT((0.,0.,0.));
#3823=IFCAXIS2PLACEMENT3D(#3822,$,$);
#3824=IFCLOCALPLACEMENT(#69,#3823);
#3825=IFCCOVERING('3_YJQHLt1NaOmrdqFcMEXL',$,'R/-5/1#7',$,'gratschnitt',#3824,#3821,$,$);
#3826=IFCPROPERTYSINGLEVALUE('Stueckart',$,IFCLABEL('gratschnitt'),$);
#3827=IFCPROPERTYSINGLEVALUE('Motiv',$,IFCLABEL('R'),$);
#3828=IFCPROPERTYSINGLEVALUE('Rasterposition',$,IFCLABEL('R/-5/1'),$);
#3829=IFCPROPERTYSINGLEVALUE('Gefaelleflaeche',$,IFCLABEL('F7'),$);
#3830=IFCPROPERTYSINGLEVALUE('Rohling',$,IFCLABEL('S60x10#60'),$);
#3831=IFCPROPERTYSINGLEVALUE('Herkunft',$,IFCLABEL('reststueck'),$);
#3832=IFCPROPERTYSINGLEVALUE('Schnitte',$,IFCINTEGER(2),$);
#3833=IFCPROPERTYSINGLEVALUE('Schnittlaenge',$,IFCREAL(249.69999999999999),$);
#3834=IFCPROPERTYSINGLEVALUE('Schnittarten',$,IFCLABEL('gehrung,gratschnitt'),$);
#3835=IFCPROPERTYSET('3y5syKslXPLObHI22jmkI9',$,'HP_Fliesenstueck',$,(#3826,#3827,#3828,#3829,#3830,#3831,#3832,#3833,#3834));
#3836=IFCRELDEFINESBYPROPERTIES('2Bq8yigpDJIg5K7lxQpF5V',$,$,$,(#3825),#3835);
#3837=IFCQUANTITYLENGTH('Width',$,$,9.,$);
#3838=IFCQUANTITYAREA('NetArea',$,$,0.016504000000000001,$);
#3839=IFCELEMENTQUANTITY('3JNylSzWPUERLzk3_LzQPa',$,'Qto_CoveringBaseQuantities',$,$,(#3837,#3838));
#3840=IFCRELDEFINESBYPROPERTIES('0HigOy7tDRaQcYqPfhT5SD',$,$,$,(#3825),#3839);
#3841=IFCCARTESIANPOINTLIST3D(((-475.39999999999998,-776.87,13.282),(-475.39999999999998,-635.45000000000005,11.782),(-121.84999999999999,-281.89999999999998,4.282),(-121.84999999999999,-290.25,4.3710000000000004),(-215.94,-517.40999999999997,7.7779999999999996),(-475.39999999999998,-776.87,4.282),(-475.39999999999998,-635.45000000000005,2.782),(-121.84999999999999,-281.89999999999998,-4.718),(-121.84999999999999,-290.25,-4.6289999999999996),(-215.94,-517.40999999999997,-1.2220000000000004)),$);
#3842=IFCINDEXEDPOLYGONALFACE((1,2,3,4,5));
#3843=IFCINDEXEDPOLYGONALFACE((10,9,8,7,6));
#3844=IFCINDEXEDPOLYGONALFACE((1,6,7,2));
#3845=IFCINDEXEDPOLYGONALFACE((2,7,8,3));
#3846=IFCINDEXEDPOLYGONALFACE((3,8,9,4));
#3847=IFCINDEXEDPOLYGONALFACE((4,9,10,5));
#3848=IFCINDEXEDPOLYGONALFACE((5,10,6,1));
#3849=IFCPOLYGONALFACESET(#3841,.T.,(#3842,#3843,#3844,#3845,#3846,#3847,#3848),$);
#3850=IFCSHAPEREPRESENTATION(#11,'Body','Tessellation',(#3849));
#3851=IFCPRODUCTDEFINITIONSHAPE($,$,(#3850));
#3852=IFCCARTESIANPOINT((0.,0.,0.));
#3853=IFCAXIS2PLACEMENT3D(#3852,$,$);
#3854=IFCLOCALPLACEMENT(#69,#3853);
#3855=IFCCOVERING('19IQUzbAXIoeDrq9v_53Pt',$,'R/-6/-1#5',$,'gratschnitt',#3854,#3851,$,$);
#3856=IFCPROPERTYSINGLEVALUE('Stueckart',$,IFCLABEL('gratschnitt'),$);
#3857=IFCPROPERTYSINGLEVALUE('Motiv',$,IFCLABEL('R'),$);
#3858=IFCPROPERTYSINGLEVALUE('Rasterposition',$,IFCLABEL('R/-6/-1'),$);
#3859=IFCPROPERTYSINGLEVALUE('Gefaelleflaeche',$,IFCLABEL('F5'),$);
#3860=IFCPROPERTYSINGLEVALUE('Rohling',$,IFCLABEL('S60x10#35'),$);
#3861=IFCPROPERTYSINGLEVALUE('Herkunft',$,IFCLABEL('neu'),$);
#3862=IFCPROPERTYSINGLEVALUE('Schnitte',$,IFCINTEGER(3),$);
#3863=IFCPROPERTYSINGLEVALUE('Schnittlaenge',$,IFCREAL(395.69999999999999),$);
#3864=IFCPROPERTYSINGLEVALUE('Schnittarten',$,IFCLABEL('gehrung,gratschnitt'),$);
#3865=IFCPROPERTYSET('3QTFE7xCzPDP81f1msDGk8',$,'HP_Fliesenstueck',$,(#3856,#3857,#3858,#3859,#3860,#3861,#3862,#3863,#3864));
#3866=IFCRELDEFINESBYPROPERTIES('3G1p5keGXGAxS1jxWX3bnn',$,$,$,(#3855),#3865);
#3867=IFCQUANTITYLENGTH('Width',$,$,9.,$);
#3868=IFCQUANTITYAREA('NetArea',$,$,0.043740000000000001,$);
#3869=IFCELEMENTQUANTITY('0ASrXYpLbKHxjPJpVNK6qQ',$,'Qto_CoveringBaseQuantities',$,$,(#3867,#3868));
#3870=IFCRELDEFINESBYPROPERTIES('0LVCYQFizHchyW3HRxDUBQ',$,$,$,(#3855),#3869);
#3871=IFCCARTESIANPOINTLIST3D(((-121.84999999999999,-423.31999999999999,6.3499999999999996),(-210.40000000000001,-511.87,7.6779999999999999),(-121.84999999999999,-298.08999999999997,4.4710000000000001),(-121.84999999999999,-423.31999999999999,-2.6500000000000004),(-210.40000000000001,-511.87,-1.3220000000000001),(-121.84999999999999,-298.08999999999997,-4.5289999999999999)),$);
#3872=IFCINDEXEDPOLYGONALFACE((1,2,3));
#3873=IFCINDEXEDPOLYGONALFACE((6,5,4));
#3874=IFCINDEXEDPOLYGONALFACE((1,4,5,2));
#3875=IFCINDEXEDPOLYGONALFACE((2,5,6,3));
#3876=IFCINDEXEDPOLYGONALFACE((3,6,4,1));
#3877=IFCPOLYGONALFACESET(#3871,.T.,(#3872,#3873,#3874,#3875,#3876),$);
#3878=IFCSHAPEREPRESENTATION(#11,'Body','Tessellation',(#3877));
#3879=IFCPRODUCTDEFINITIONSHAPE($,$,(#3878));
#3880=IFCCARTESIANPOINT((0.,0.,0.));
#3881=IFCAXIS2PLACEMENT3D(#3880,$,$);
#3882=IFCLOCALPLACEMENT(#69,#3881);
#3883=IFCCOVERING('1NXKrP53TSQgemT8pjrW39',$,'R/-6/-1#6',$,'gratschnitt',#3882,#3879,$,$);
#3884=IFCPROPERTYSINGLEVALUE('Stueckart',$,IFCLABEL('gratschnitt'),$);
#3885=IFCPROPERTYSINGLEVALUE('Motiv',$,IFCLABEL('R'),$);
#3886=IFCPROPERTYSINGLEVALUE('Rasterposition',$,IFCLABEL('R/-6/-1'),$);
#3887=IFCPROPERTYSINGLEVALUE('Gefaelleflaeche',$,IFCLABEL('F6'),$);
#3888=IFCPROPERTYSINGLEVALUE('Rohling',$,IFCLABEL('S60x10#48'),$);
#3889=IFCPROPERTYSINGLEVALUE('Herkunft',$,IFCLABEL('reststueck'),$);
#3890=IFCPROPERTYSINGLEVALUE('Schnitte',$,IFCINTEGER(2),$);
#3891=IFCPROPERTYSINGLEVALUE('Schnittlaenge',$,IFCREAL(356.60000000000002),$);
#3892=IFCPROPERTYSINGLEVALUE('Schnittarten',$,IFCLABEL('gehrung,gratschnitt'),$);
#3893=IFCPROPERTYSET('3r6PdTstrVVOL7_tVLOICZ',$,'HP_Fliesenstueck',$,(#3884,#3885,#3886,#3887,#3888,#3889,#3890,#3891,#3892));
#3894=IFCRELDEFINESBYPROPERTIES('3bRH_eNnnQexB2safvRm8D',$,$,$,(#3883),#3893);
#3895=IFCQUANTITYLENGTH('Width',$,$,9.,$);
#3896=IFCQUANTITYAREA('NetArea',$,$,0.0055440000000000003,$);
#3897=IFCELEMENTQUANTITY('282J5BANfV7fJL8vp71IZi',$,'Qto_CoveringBaseQuantities',$,$,(#3895,#3896));
#3898=IFCRELDEFINESBYPROPERTIES('2Fe$CruF5SjfKV0zxnlPQ9',$,$,$,(#3883),#3897);
#3899=IFCCARTESIANPOINTLIST3D(((-834.96000000000004,-281.89999999999998,12.523999999999999),(-834.96000000000004,-344.23000000000002,12.523999999999999),(-941.36000000000001,-388.30000000000001,14.119999999999999),(-834.96000000000004,-281.89999999999998,3.5239999999999991),(-834.96000000000004,-344.23000000000002,3.5239999999999991),(-941.36000000000001,-388.30000000000001,5.1199999999999992)),$);
#3900=IFCINDEXEDPOLYGONALFACE((1,2,3));
#3901=IFCINDEXEDPOLYGONALFACE((6,5,4));
#3902=IFCINDEXEDPOLYGONALFACE((1,4,5,2));
#3903=IFCINDEXEDPOLYGONALFACE((2,5,6,3));
#3904=IFCINDEXEDPOLYGONALFACE((3,6,4,1));
#3905=IFCPOLYGONALFACESET(#3899,.T.,(#3900,#3901,#3902,#3903,#3904),$);
#3906=IFCSHAPEREPRESENTATION(#11,'Body','Tessellation',(#3905));
#3907=IFCPRODUCTDEFINITIONSHAPE($,$,(#3906));
#3908=IFCCARTESIANPOINT((0.,0.,0.));
#3909=IFCAXIS2PLACEMENT3D(#3908,$,$);
#3910=IFCLOCALPLACEMENT(#69,#3909);
#3911=IFCCOVERING('2OO$FG5irIZvupm5VCQxfg',$,'R/-6/-2#4',$,'gratschnitt',#3910,#3907,$,$);
#3912=IFCPROPERTYSINGLEVALUE('Stueckart',$,IFCLABEL('gratschnitt'),$);
#3913=IFCPROPERTYSINGLEVALUE('Motiv',$,IFCLABEL('R'),$);
#3914=IFCPROPERTYSINGLEVALUE('Rasterposition',$,IFCLABEL('R/-6/-2'),$);
#3915=IFCPROPERTYSINGLEVALUE('Gefaelleflaeche',$,IFCLABEL('F4'),$);
#3916=IFCPROPERTYSINGLEVALUE('Rohling',$,IFCLABEL('S60x10#33'),$);
#3917=IFCPROPERTYSINGLEVALUE('Herkunft',$,IFCLABEL('reststueck'),$);
#3918=IFCPROPERTYSINGLEVALUE('Schnitte',$,IFCINTEGER(2),$);
#3919=IFCPROPERTYSINGLEVALUE('Schnittlaenge',$,IFCREAL(177.5),$);
#3920=IFCPROPERTYSINGLEVALUE('Schnittarten',$,IFCLABEL('gehrung,gratschnitt'),$);
#3921=IFCPROPERTYSET('0MxitCHJTK$QbwIUSR6ogw',$,'HP_Fliesenstueck',$,(#3912,#3913,#3914,#3915,#3916,#3917,#3918,#3919,#3920));
#3922=IFCRELDEFINESBYPROPERTIES('2ey_QRHbvMa9wmblcE5tYZ',$,$,$,(#3911),#3921);
#3923=IFCQUANTITYLENGTH('Width',$,$,9.,$);
#3924=IFCQUANTITYAREA('NetArea',$,$,0.0033159999999999999,$);
#3925=IFCELEMENTQUANTITY('3PYIaaypnRMAVtCN7LJqmc',$,'Qto_CoveringBaseQuantities',$,$,(#3923,#3924));
#3926=IFCRELDEFINESBYPROPERTIES('3XtknSVf5VOxcf4EV3AjS_',$,$,$,(#3911),#3925);
#3927=IFCCARTESIANPOINTLIST3D(((-834.96000000000004,-423.31999999999999,13.346),(-1052.23,-640.59000000000003,17.954999999999998),(-1122.9400000000001,-569.88,17.954999999999998),(-946.89999999999998,-393.83999999999997,14.221),(-834.96000000000004,-347.47000000000003,12.542),(-834.96000000000004,-423.31999999999999,4.3460000000000001),(-1052.23,-640.59000000000003,8.9549999999999983),(-1122.9400000000001,-569.88,8.9549999999999983),(-946.89999999999998,-393.83999999999997,5.2210000000000001),(-834.96000000000004,-347.47000000000003,3.5419999999999998)),$);
#3928=IFCINDEXEDPOLYGONALFACE((1,2,3,4,5));
#3929=IFCINDEXEDPOLYGONALFACE((10,9,8,7,6));
#3930=IFCINDEXEDPOLYGONALFACE((1,6,7,2));
#3931=IFCINDEXEDPOLYGONALFACE((2,7,8,3));
#3932=IFCINDEXEDPOLYGONALFACE((3,8,9,4));
#3933=IFCINDEXEDPOLYGONALFACE((4,9,10,5));
#3934=IFCINDEXEDPOLYGONALFACE((5,10,6,1));
#3935=IFCPOLYGONALFACESET(#3927,.T.,(#3928,#3929,#3930,#3931,#3932,#3933,#3934),$);
#3936=IFCSHAPEREPRESENTATION(#11,'Body','Tessellation',(#3935));
#3937=IFCPRODUCTDEFINITIONSHAPE($,$,(#3936));
#3938=IFCCARTESIANPOINT((0.,0.,0.));
#3939=IFCAXIS2PLACEMENT3D(#3938,$,$);
#3940=IFCLOCALPLACEMENT(#69,#3939);
#3941=IFCCOVERING('1EuQI2yi1SK9E5Cg58UigY',$,'R/-6/-2#5',$,'gratschnitt',#3940,#3937,$,$);
#3942=IFCPROPERTYSINGLEVALUE('Stueckart',$,IFCLABEL('gratschnitt'),$);
#3943=IFCPROPERTYSINGLEVALUE('Motiv',$,IFCLABEL('R'),$);
#3944=IFCPROPERTYSINGLEVALUE('Rasterposition',$,IFCLABEL('R/-6/-2'),$);
#3945=IFCPROPERTYSINGLEVALUE('Gefaelleflaeche',$,IFCLABEL('F5'),$);
#3946=IFCPROPERTYSINGLEVALUE('Rohling',$,IFCLABEL('S60x10#67'),$);
#3947=IFCPROPERTYSINGLEVALUE('Herkunft',$,IFCLABEL('neu'),$);
#3948=IFCPROPERTYSINGLEVALUE('Schnitte',$,IFCINTEGER(3),$);
#3949=IFCPROPERTYSINGLEVALUE('Schnittlaenge',$,IFCREAL(297.),$);
#3950=IFCPROPERTYSINGLEVALUE('Schnittarten',$,IFCLABEL('gerade,gehrung,gratschnitt'),$);
#3951=IFCPROPERTYSET('35nQCqMvDNyuYmy3pW3k0i',$,'HP_Fliesenstueck',$,(#3942,#3943,#3944,#3945,#3946,#3947,#3948,#3949,#3950));
#3952=IFCRELDEFINESBYPROPERTIES('2VkQglkErHvw8JL2fceQdo',$,$,$,(#3941),#3951);
#3953=IFCQUANTITYLENGTH('Width',$,$,9.,$);
#3954=IFCQUANTITYAREA('NetArea',$,$,0.032056000000000001,$);
#3955=IFCELEMENTQUANTITY('1P$ypZUfTP5h58TQGVrsg4',$,'Qto_CoveringBaseQuantities',$,$,(#3953,#3954));
#3956=IFCRELDEFINESBYPROPERTIES('0PjtDDDrXGixYuEwCuou_i',$,$,$,(#3941),#3955);
#3957=IFCCARTESIANPOINTLIST3D(((237.69999999999999,-776.87,11.653),(237.69999999999999,-635.45000000000005,9.532),(254.59,-618.55999999999995,9.2780000000000005),(296.00999999999999,-718.55999999999995,10.778),(237.69999999999999,-776.87,2.6530000000000005),(237.69999999999999,-635.45000000000005,0.53200000000000003),(254.59,-618.55999999999995,0.27800000000000047),(296.00999999999999,-718.55999999999995,1.7780000000000005)),$);
#3958=IFCINDEXEDPOLYGONALFACE((1,2,3,4));
#3959=IFCINDEXEDPOLYGONALFACE((8,7,6,5));
#3960=IFCINDEXEDPOLYGONALFACE((1,5,6,2));
#3961=IFCINDEXEDPOLYGONALFACE((2,6,7,3));
#3962=IFCINDEXEDPOLYGONALFACE((3,7,8,4));
#3963=IFCINDEXEDPOLYGONALFACE((4,8,5,1));
#3964=IFCPOLYGONALFACESET(#3957,.T.,(#3958,#3959,#3960,#3961,#3962,#3963),$);
#3965=IFCSHAPEREPRESENTATION(#11,'Body','Tessellation',(#3964));
#3966=IFCPRODUCTDEFINITIONSHAPE($,$,(#3965));
#3967=IFCCARTESIANPOINT((0.,0.,0.));
#3968=IFCAXIS2PLACEMENT3D(#3967,$,$);
#3969=IFCLOCALPLACEMENT(#69,#3968);
#3970=IFCCOVERING('2NXbvEYuzSeh5wnrzYbhOV',$,'R/-6/0#6',$,'gratschnitt',#3969,#3966,$,$);
#3971=IFCPROPERTYSINGLEVALUE('Stueckart',$,IFCLABEL('gratschnitt'),$);
#3972=IFCPROPERTYSINGLEVALUE('Motiv',$,IFCLABEL('R'),$);
#3973=IFCPROPERTYSINGLEVALUE('Rasterposition',$,IFCLABEL('R/-6/0'),$);
#3974=IFCPROPERTYSINGLEVALUE('Gefaelleflaeche',$,IFCLABEL('F6'),$);
#3975=IFCPROPERTYSINGLEVALUE('Rohling',$,IFCLABEL('S60x10#32'),$);
#3976=IFCPROPERTYSINGLEVALUE('Herkunft',$,IFCLABEL('reststueck'),$);
#3977=IFCPROPERTYSINGLEVALUE('Schnitte',$,IFCINTEGER(2),$);
#3978=IFCPROPERTYSINGLEVALUE('Schnittlaenge',$,IFCREAL(249.69999999999999),$);
#3979=IFCPROPERTYSINGLEVALUE('Schnittarten',$,IFCLABEL('gehrung,gratschnitt'),$);
#3980=IFCPROPERTYSET('0YpTKv8vTTpfUTqiPGB$UC',$,'HP_Fliesenstueck',$,(#3971,#3972,#3973,#3974,#3975,#3976,#3977,#3978,#3979));
#3981=IFCRELDEFINESBYPROPERTIES('0Sssr3d$PPwus5e6UZuHJb',$,$,$,(#3970),#3980);
#3982=IFCQUANTITYLENGTH('Width',$,$,9.,$);
#3983=IFCQUANTITYAREA('NetArea',$,$,0.0053179999999999998,$);
#3984=IFCELEMENTQUANTITY('3zjUz92inLNQ4YF$bYxUbA',$,'Qto_CoveringBaseQuantities',$,$,(#3982,#3983));
#3985=IFCRELDEFINESBYPROPERTIES('2jZ5gXOT1QIgsbNVl_M4X2',$,$,$,(#3970),#3984);
#3986=IFCCARTESIANPOINTLIST3D(((591.25999999999999,-281.89999999999998,9.2609999999999992),(591.25999999999999,-423.31999999999999,10.760999999999999),(298.31,-716.26999999999998,10.760999999999999),(256.88999999999999,-616.26999999999998,9.2609999999999992),(591.25999999999999,-281.89999999999998,0.26099999999999923),(591.25999999999999,-423.31999999999999,1.7609999999999992),(298.31,-716.26999999999998,1.7609999999999992),(256.88999999999999,-616.26999999999998,0.26099999999999923)),$);
#3987=IFCINDEXEDPOLYGONALFACE((1,2,3,4));
#3988=IFCINDEXEDPOLYGONALFACE((8,7,6,5));
#3989=IFCINDEXEDPOLYGONALFACE((1,5,6,2));
#3990=IFCINDEXEDPOLYGONALFACE((2,6,7,3));
#3991=IFCINDEXEDPOLYGONALFACE((3,7,8,4));
#3992=IFCINDEXEDPOLYGONALFACE((4,8,5,1));
#3993=IFCPOLYGONALFACESET(#3986,.T.,(#3987,#3988,#3989,#3990,#3991,#3992),$);
#3994=IFCSHAPEREPRESENTATION(#11,'Body','Tessellation',(#3993));
#3995=IFCPRODUCTDEFINITIONSHAPE($,$,(#3994));
#3996=IFCCARTESIANPOINT((0.,0.,0.));
#3997=IFCAXIS2PLACEMENT3D(#3996,$,$);
#3998=IFCLOCALPLACEMENT(#69,#3997);
#3999=IFCCOVERING('0oVFUG_e5GIOTlER4OL9TX',$,'R/-6/0#7',$,'gratschnitt',#3998,#3995,$,$);
#4000=IFCPROPERTYSINGLEVALUE('Stueckart',$,IFCLABEL('gratschnitt'),$);
#4001=IFCPROPERTYSINGLEVALUE('Motiv',$,IFCLABEL('R'),$);
#4002=IFCPROPERTYSINGLEVALUE('Rasterposition',$,IFCLABEL('R/-6/0'),$);
#4003=IFCPROPERTYSINGLEVALUE('Gefaelleflaeche',$,IFCLABEL('F7'),$);
#4004=IFCPROPERTYSINGLEVALUE('Rohling',$,IFCLABEL('S60x10#32'),$);
#4005=IFCPROPERTYSINGLEVALUE('Herkunft',$,IFCLABEL('neu'),$);
#4006=IFCPROPERTYSINGLEVALUE('Schnitte',$,IFCINTEGER(2),$);
#4007=IFCPROPERTYSINGLEVALUE('Schnittlaenge',$,IFCREAL(249.69999999999999),$);
#4008=IFCPROPERTYSINGLEVALUE('Schnittarten',$,IFCLABEL('gehrung,gratschnitt'),$);
#4009=IFCPROPERTYSET('1KXW0brk9H79cBJVWpcDdd',$,'HP_Fliesenstueck',$,(#4000,#4001,#4002,#4003,#4004,#4005,#4006,#4007,#4008));
#4010=IFCRELDEFINESBYPROPERTIES('3NsWqSy2DRSeSS2fUovf1o',$,$,$,(#3999),#4009);
#4011=IFCQUANTITYLENGTH('Width',$,$,9.,$);
#4012=IFCQUANTITYAREA('NetArea',$,$,0.044358000000000002,$);
#4013=IFCELEMENTQUANTITY('16Nwjs0EHVrA2AjN0KSFgc',$,'Qto_CoveringBaseQuantities',$,$,(#4011,#4012));
#4014=IFCRELDEFINESBYPROPERTIES('1n298bDynJUR3mvLkNnviT',$,$,$,(#3999),#4013);
#4015=IFCCARTESIANPOINTLIST3D(((1197.,-389.25999999999999,17.954999999999998),(1197.,-494.19,17.954999999999998),(1122.8,-463.45999999999998,16.841999999999999),(1197.,-389.25999999999999,8.9549999999999983),(1197.,-494.19,8.9549999999999983),(1122.8,-463.45999999999998,7.8419999999999987)),$);
#4016=IFCINDEXEDPOLYGONALFACE((1,2,3));
#4017=IFCINDEXEDPOLYGONALFACE((6,5,4));
#4018=IFCINDEXEDPOLYGONALFACE((1,4,5,2));
#4019=IFCINDEXEDPOLYGONALFACE((2,5,6,3));
#4020=IFCINDEXEDPOLYGONALFACE((3,6,4,1));
#4021=IFCPOLYGONALFACESET(#4015,.T.,(#4016,#4017,#4018,#4019,#4020),$);
#4022=IFCSHAPEREPRESENTATION(#11,'Body','Tessellation',(#4021));
#4023=IFCPRODUCTDEFINITIONSHAPE($,$,(#4022));
#4024=IFCCARTESIANPOINT((0.,0.,0.));
#4025=IFCAXIS2PLACEMENT3D(#4024,$,$);
#4026=IFCLOCALPLACEMENT(#69,#4025);
#4027=IFCCOVERING('1C8uwT$vzUJQLGAQDk1qg0',$,'R/-6/1#0',$,'gratschnitt',#4026,#4023,$,$);
#4028=IFCPROPERTYSINGLEVALUE('Stueckart',$,IFCLABEL('gratschnitt'),$);
#4029=IFCPROPERTYSINGLEVALUE('Motiv',$,IFCLABEL('R'),$);
#4030=IFCPROPERTYSINGLEVALUE('Rasterposition',$,IFCLABEL('R/-6/1'),$);
#4031=IFCPROPERTYSINGLEVALUE('Gefaelleflaeche',$,IFCLABEL('F0'),$);
#4032=IFCPROPERTYSINGLEVALUE('Rohling',$,IFCLABEL('S60x10#96'),$);
#4033=IFCPROPERTYSINGLEVALUE('Herkunft',$,IFCLABEL('reststueck'),$);
#4034=IFCPROPERTYSINGLEVALUE('Schnitte',$,IFCINTEGER(2),$);
#4035=IFCPROPERTYSINGLEVALUE('Schnittlaenge',$,IFCREAL(185.19999999999999),$);
#4036=IFCPROPERTYSINGLEVALUE('Schnittarten',$,IFCLABEL('schraeg,gratschnitt'),$);
#4037=IFCPROPERTYSET('17iWGEUT1TSPub4qVQAI6m',$,'HP_Fliesenstueck',$,(#4028,#4029,#4030,#4031,#4032,#4033,#4034,#4035,#4036));
#4038=IFCRELDEFINESBYPROPERTIES('3o7J6lNJjIihRuTWuknfnj',$,$,$,(#4027),#4037);
#4039=IFCQUANTITYLENGTH('Width',$,$,9.,$);
#4040=IFCQUANTITYAREA('NetArea',$,$,0.0038930000000000002,$);
#4041=IFCELEMENTQUANTITY('3vDW5OOnrRIv4D2eiujbPu',$,'Qto_CoveringBaseQuantities',$,$,(#4039,#4040));
#4042=IFCRELDEFINESBYPROPERTIES('0pauhnqUPOh8Op1UO4gBHR',$,$,$,(#4027),#4041);
#4043=IFCCARTESIANPOINTLIST3D(((950.80999999999995,-635.45000000000005,16.824999999999999),(1120.51,-465.75,16.824999999999999),(1195.8499999999999,-496.95999999999998,17.954999999999998),(950.80999999999995,-742.,17.954999999999998),(950.80999999999995,-635.45000000000005,7.8249999999999993),(1120.51,-465.75,7.8249999999999993),(1195.8499999999999,-496.95999999999998,8.9549999999999983),(950.80999999999995,-742.,8.9549999999999983)),$);
#4044=IFCINDEXEDPOLYGONALFACE((1,2,3,4));
#4045=IFCINDEXEDPOLYGONALFACE((8,7,6,5));
#4046=IFCINDEXEDPOLYGONALFACE((1,5,6,2));
#4047=IFCINDEXEDPOLYGONALFACE((2,6,7,3));
#4048=IFCINDEXEDPOLYGONALFACE((3,7,8,4));
#4049=IFCINDEXEDPOLYGONALFACE((4,8,5,1));
#4050=IFCPOLYGONALFACESET(#4043,.T.,(#4044,#4045,#4046,#4047,#4048,#4049),$);
#4051=IFCSHAPEREPRESENTATION(#11,'Body','Tessellation',(#4050));
#4052=IFCPRODUCTDEFINITIONSHAPE($,$,(#4051));
#4053=IFCCARTESIANPOINT((0.,0.,0.));
#4054=IFCAXIS2PLACEMENT3D(#4053,$,$);
#4055=IFCLOCALPLACEMENT(#69,#4054);
#4056=IFCCOVERING('32k7fffmHIhwdXOGNPtOO0',$,'R/-6/1#7',$,'gratschnitt',#4055,#4052,$,$);
#4057=IFCPROPERTYSINGLEVALUE('Stueckart',$,IFCLABEL('gratschnitt'),$);
#4058=IFCPROPERTYSINGLEVALUE('Motiv',$,IFCLABEL('R'),$);
#4059=IFCPROPERTYSINGLEVALUE('Rasterposition',$,IFCLABEL('R/-6/1'),$);
#4060=IFCPROPERTYSINGLEVALUE('Gefaelleflaeche',$,IFCLABEL('F7'),$);
#4061=IFCPROPERTYSINGLEVALUE('Rohling',$,IFCLABEL('S60x10#89'),$);
#4062=IFCPROPERTYSINGLEVALUE('Herkunft',$,IFCLABEL('neu'),$);
#4063=IFCPROPERTYSINGLEVALUE('Schnitte',$,IFCINTEGER(3),$);
#4064=IFCPROPERTYSINGLEVALUE('Schnittlaenge',$,IFCREAL(534.60000000000002),$);
#4065=IFCPROPERTYSINGLEVALUE('Schnittarten',$,IFCLABEL('gerade,gehrung,gratschnitt'),$);
#4066=IFCPROPERTYSET('1oLzP5ANvVpQCvwi63Xytn',$,'HP_Fliesenstueck',$,(#4057,#4058,#4059,#4060,#4061,#4062,#4063,#4064,#4065));
#4067=IFCRELDEFINESBYPROPERTIES('0gyn2H0V5QNBe3QdAKNA8j',$,$,$,(#4056),#4066);
#4068=IFCQUANTITYLENGTH('Width',$,$,9.,$);
#4069=IFCQUANTITYAREA('NetArea',$,$,0.022096000000000001,$);
#4070=IFCELEMENTQUANTITY('1ABxG5Ow9UowV7xNx0oNvr',$,'Qto_CoveringBaseQuantities',$,$,(#4068,#4069));
#4071=IFCRELDEFINESBYPROPERTIES('3dhEpDbU5M8PLwci5PmHG0',$,$,$,(#4056),#4070);
#4072=IFCCARTESIANPOINTLIST3D(((-475.39999999999998,-922.53999999999996,14.827),(-475.39999999999998,-781.12,13.327),(-218.94,-524.65999999999997,7.8869999999999996),(-318.94,-766.08000000000004,11.507999999999999),(-475.39999999999998,-922.53999999999996,5.827),(-475.39999999999998,-781.12,4.327),(-218.94,-524.65999999999997,-1.1130000000000004),(-318.94,-766.08000000000004,2.5079999999999991)),$);
#4073=IFCINDEXEDPOLYGONALFACE((1,2,3,4));
#4074=IFCINDEXEDPOLYGONALFACE((8,7,6,5));
#4075=IFCINDEXEDPOLYGONALFACE((1,5,6,2));
#4076=IFCINDEXEDPOLYGONALFACE((2,6,7,3));
#4077=IFCINDEXEDPOLYGONALFACE((3,7,8,4));
#4078=IFCINDEXEDPOLYGONALFACE((4,8,5,1));
#4079=IFCPOLYGONALFACESET(#4072,.T.,(#4073,#4074,#4075,#4076,#4077,#4078),$);
#4080=IFCSHAPEREPRESENTATION(#11,'Body','Tessellation',(#4079));
#4081=IFCPRODUCTDEFINITIONSHAPE($,$,(#4080));
#4082=IFCCARTESIANPOINT((0.,0.,0.));
#4083=IFCAXIS2PLACEMENT3D(#4082,$,$);
#4084=IFCLOCALPLACEMENT(#69,#4083);
#4085=IFCCOVERING('3dEirHLz5J9RMLTqaW8aEx',$,'R/-7/-1#5',$,'gratschnitt',#4084,#4081,$,$);
#4086=IFCPROPERTYSINGLEVALUE('Stueckart',$,IFCLABEL('gratschnitt'),$);
#4087=IFCPROPERTYSINGLEVALUE('Motiv',$,IFCLABEL('R'),$);
#4088=IFCPROPERTYSINGLEVALUE('Rasterposition',$,IFCLABEL('R/-7/-1'),$);
#4089=IFCPROPERTYSINGLEVALUE('Gefaelleflaeche',$,IFCLABEL('F5'),$);
#4090=IFCPROPERTYSINGLEVALUE('Rohling',$,IFCLABEL('S60x10#76'),$);
#4091=IFCPROPERTYSINGLEVALUE('Herkunft',$,IFCLABEL('neu'),$);
#4092=IFCPROPERTYSINGLEVALUE('Schnitte',$,IFCINTEGER(2),$);
#4093=IFCPROPERTYSINGLEVALUE('Schnittlaenge',$,IFCREAL(402.69999999999999),$);
#4094=IFCPROPERTYSINGLEVALUE('Schnittarten',$,IFCLABEL('gehrung,gratschnitt'),$);
#4095=IFCPROPERTYSET('1$vuzGnxnPRxoyLBWXRHXM',$,'HP_Fliesenstueck',$,(#4086,#4087,#4088,#4089,#4090,#4091,#4092,#4093,#4094));
#4096=IFCRELDEFINESBYPROPERTIES('0TpYt$wKzGZ8zRz5odizx$',$,$,$,(#4085),#4095);
#4097=IFCQUANTITYLENGTH('Width',$,$,9.,$);
#4098=IFCQUANTITYAREA('NetArea',$,$,0.029198000000000002,$);
#4099=IFCELEMENTQUANTITY('0DyoXEHAvLvB97FB22AmZp',$,'Qto_CoveringBaseQuantities',$,$,(#4097,#4098));
#4100=IFCRELDEFINESBYPROPERTIES('1Loof6ma9JsxUtaCNVB06z',$,$,$,(#4085),#4099);
#4101=IFCCARTESIANPOINTLIST3D(((-121.84999999999999,-427.56,6.4130000000000003),(-121.84999999999999,-568.99000000000001,8.5350000000000001),(-313.39999999999998,-760.52999999999997,11.407999999999999),(-213.40000000000001,-519.11000000000001,7.7869999999999999),(-121.84999999999999,-427.56,-2.5869999999999997),(-121.84999999999999,-568.99000000000001,-0.46499999999999986),(-313.39999999999998,-760.52999999999997,2.4079999999999995),(-213.40000000000001,-519.11000000000001,-1.2130000000000001)),$);
#4102=IFCINDEXEDPOLYGONALFACE((1,2,3,4));
#4103=IFCINDEXEDPOLYGONALFACE((8,7,6,5));
#4104=IFCINDEXEDPOLYGONALFACE((1,5,6,2));
#4105=IFCINDEXEDPOLYGONALFACE((2,6,7,3));
#4106=IFCINDEXEDPOLYGONALFACE((3,7,8,4));
#4107=IFCINDEXEDPOLYGONALFACE((4,8,5,1));
#4108=IFCPOLYGONALFACESET(#4101,.T.,(#4102,#4103,#4104,#4105,#4106,#4107),$);
#4109=IFCSHAPEREPRESENTATION(#11,'Body','Tessellation',(#4108));
#4110=IFCPRODUCTDEFINITIONSHAPE($,$,(#4109));
#4111=IFCCARTESIANPOINT((0.,0.,0.));
#4112=IFCAXIS2PLACEMENT3D(#4111,$,$);
#4113=IFCLOCALPLACEMENT(#69,#4112);
#4114=IFCCOVERING('1XV0hweOzTQ9lpKLpViN1d',$,'R/-7/-1#6',$,'gratschnitt',#4113,#4110,$,$);
#4115=IFCPROPERTYSINGLEVALUE('Stueckart',$,IFCLABEL('gratschnitt'),$);
#4116=IFCPROPERTYSINGLEVALUE('Motiv',$,IFCLABEL('R'),$);
#4117=IFCPROPERTYSINGLEVALUE('Rasterposition',$,IFCLABEL('R/-7/-1'),$);
#4118=IFCPROPERTYSINGLEVALUE('Gefaelleflaeche',$,IFCLABEL('F6'),$);
#4119=IFCPROPERTYSINGLEVALUE('Rohling',$,IFCLABEL('S60x10#76'),$);
#4120=IFCPROPERTYSINGLEVALUE('Herkunft',$,IFCLABEL('reststueck'),$);
#4121=IFCPROPERTYSINGLEVALUE('Schnitte',$,IFCINTEGER(2),$);
#4122=IFCPROPERTYSINGLEVALUE('Schnittlaenge',$,IFCREAL(402.69999999999999),$);
#4123=IFCPROPERTYSINGLEVALUE('Schnittarten',$,IFCLABEL('gehrung,gratschnitt'),$);
#4124=IFCPROPERTYSET('3O5bN06D9M3wzH47S6pOGB',$,'HP_Fliesenstueck',$,(#4115,#4116,#4117,#4118,#4119,#4120,#4121,#4122,#4123));
#4125=IFCRELDEFINESBYPROPERTIES('1K0Btzq6bK$gKVNcDLU0Xt',$,$,$,(#4114),#4124);
#4126=IFCQUANTITYLENGTH('Width',$,$,9.,$);
#4127=IFCQUANTITYAREA('NetArea',$,$,0.020018000000000001,$);
#4128=IFCELEMENTQUANTITY('39wYmdIE1M$uy8GrajOA5b',$,'Qto_CoveringBaseQuantities',$,$,(#4126,#4127));
#4129=IFCRELDEFINESBYPROPERTIES('3e1DtbOJvLiQ$e1xXZlghH',$,$,$,(#4114),#4128);
#4130=IFCCARTESIANPOINTLIST3D(((-834.96000000000004,-427.56,13.391),(-834.96000000000004,-568.99000000000001,14.891),(-979.38999999999999,-713.41999999999996,17.954999999999998),(-1050.0999999999999,-642.71000000000004,17.954999999999998),(-834.96000000000004,-427.56,4.391),(-834.96000000000004,-568.99000000000001,5.891),(-979.38999999999999,-713.41999999999996,8.9549999999999983),(-1050.0999999999999,-642.71000000000004,8.9549999999999983)),$);
#4131=IFCINDEXEDPOLYGONALFACE((1,2,3,4));
#4132=IFCINDEXEDPOLYGONALFACE((8,7,6,5));
#4133=IFCINDEXEDPOLYGONALFACE((1,5,6,2));
#4134=IFCINDEXEDPOLYGONALFACE((2,6,7,3));
#4135=IFCINDEXEDPOLYGONALFACE((3,7,8,4));
#4136=IFCINDEXEDPOLYGONALFACE((4,8,5,1));
#4137=IFCPOLYGONALFACESET(#4130,.T.,(#4131,#4132,#4133,#4134,#4135,#4136),$);
#4138=IFCSHAPEREPRESENTATION(#11,'Body','Tessellation',(#4137));
#4139=IFCPRODUCTDEFINITIONSHAPE($,$,(#4138));
#4140=IFCCARTESIANPOINT((0.,0.,0.));
#4141=IFCAXIS2PLACEMENT3D(#4140,$,$);
#4142=IFCLOCALPLACEMENT(#69,#4141);
#4143=IFCCOVERING('1AZo2acpzUDP6mv6oOfoTt',$,'R/-7/-2#5',$,'gehrung',#4142,#4139,$,$);
#4144=IFCPROPERTYSINGLEVALUE('Stueckart',$,IFCLABEL('gehrung'),$);
#4145=IFCPROPERTYSINGLEVALUE('Motiv',$,IFCLABEL('R'),$);
#4146=IFCPROPERTYSINGLEVALUE('Rasterposition',$,IFCLABEL('R/-7/-2'),$);
#4147=IFCPROPERTYSINGLEVALUE('Gefaelleflaeche',$,IFCLABEL('F5'),$);
#4148=IFCPROPERTYSINGLEVALUE('Rohling',$,IFCLABEL('S60x10#85'),$);
#4149=IFCPROPERTYSINGLEVALUE('Herkunft',$,IFCLABEL('neu'),$);
#4150=IFCPROPERTYSINGLEVALUE('Schnitte',$,IFCINTEGER(2),$);
#4151=IFCPROPERTYSINGLEVALUE('Schnittlaenge',$,IFCREAL(241.40000000000001),$);
#4152=IFCPROPERTYSINGLEVALUE('Schnittarten',$,IFCLABEL('gerade,gehrung'),$);
#4153=IFCPROPERTYSET('3XbgYmmFXIuRreuSKn$515',$,'HP_Fliesenstueck',$,(#4144,#4145,#4146,#4147,#4148,#4149,#4150,#4151,#4152));
#4154=IFCRELDEFINESBYPROPERTIES('0o1Ihj7WLSffEIWSEoE1gw',$,$,$,(#4143),#4153);
#4155=IFCQUANTITYLENGTH('Width',$,$,9.,$);
#4156=IFCQUANTITYAREA('NetArea',$,$,0.025426000000000001,$);
#4157=IFCELEMENTQUANTITY('1Rkga8bEDLdRsLHa9$R80p',$,'Qto_CoveringBaseQuantities',$,$,(#4155,#4156));
#4158=IFCRELDEFINESBYPROPERTIES('0zool0d7bOf9vzJi2U8s7I',$,$,$,(#4143),#4157);
#4159=IFCCARTESIANPOINTLIST3D(((237.69999999999999,-922.53999999999996,13.837999999999999),(237.69999999999999,-781.12,11.717000000000001),(297.25999999999999,-721.55999999999995,10.823),(338.68000000000001,-821.55999999999995,12.323),(237.69999999999999,-922.53999999999996,4.8379999999999992),(237.69999999999999,-781.12,2.7170000000000005),(297.25999999999999,-721.55999999999995,1.8230000000000004),(338.68000000000001,-821.55999999999995,3.3230000000000004)),$);
#4160=IFCINDEXEDPOLYGONALFACE((1,2,3,4));
#4161=IFCINDEXEDPOLYGONALFACE((8,7,6,5));
#4162=IFCINDEXEDPOLYGONALFACE((1,5,6,2));
#4163=IFCINDEXEDPOLYGONALFACE((2,6,7,3));
#4164=IFCINDEXEDPOLYGONALFACE((3,7,8,4));
#4165=IFCINDEXEDPOLYGONALFACE((4,8,5,1));
#4166=IFCPOLYGONALFACESET(#4159,.T.,(#4160,#4161,#4162,#4163,#4164,#4165),$);
#4167=IFCSHAPEREPRESENTATION(#11,'Body','Tessellation',(#4166));
#4168=IFCPRODUCTDEFINITIONSHAPE($,$,(#4167));
#4169=IFCCARTESIANPOINT((0.,0.,0.));
#4170=IFCAXIS2PLACEMENT3D(#4169,$,$);
#4171=IFCLOCALPLACEMENT(#69,#4170);
#4172=IFCCOVERING('0bp4uF7cPKufpq9gceGhvp',$,'R/-7/0#6',$,'gratschnitt',#4171,#4168,$,$);
#4173=IFCPROPERTYSINGLEVALUE('Stueckart',$,IFCLABEL('gratschnitt'),$);
#4174=IFCPROPERTYSINGLEVALUE('Motiv',$,IFCLABEL('R'),$);
#4175=IFCPROPERTYSINGLEVALUE('Rasterposition',$,IFCLABEL('R/-7/0'),$);
#4176=IFCPROPERTYSINGLEVALUE('Gefaelleflaeche',$,IFCLABEL('F6'),$);
#4177=IFCPROPERTYSINGLEVALUE('Rohling',$,IFCLABEL('S60x10#46'),$);
#4178=IFCPROPERTYSINGLEVALUE('Herkunft',$,IFCLABEL('reststueck'),$);
#4179=IFCPROPERTYSINGLEVALUE('Schnitte',$,IFCINTEGER(2),$);
#4180=IFCPROPERTYSINGLEVALUE('Schnittlaenge',$,IFCREAL(249.69999999999999),$);
#4181=IFCPROPERTYSINGLEVALUE('Schnittarten',$,IFCLABEL('gehrung,gratschnitt'),$);
#4182=IFCPROPERTYSET('0fxkaLAlHTVPaDH6PQhcN4',$,'HP_Fliesenstueck',$,(#4173,#4174,#4175,#4176,#4177,#4178,#4179,#4180,#4181));
#4183=IFCRELDEFINESBYPROPERTIES('13f8ssOsnN_Oi66j6DoCFx',$,$,$,(#4172),#4182);
#4184=IFCQUANTITYLENGTH('Width',$,$,9.,$);
#4185=IFCQUANTITYAREA('NetArea',$,$,0.011351,$);
#4186=IFCELEMENTQUANTITY('0EwYI9b0zLUuWOMmW0bqRB',$,'Qto_CoveringBaseQuantities',$,$,(#4184,#4185));
#4187=IFCRELDEFINESBYPROPERTIES('3mhs$tRYHUF9DOyCw3Wb95',$,$,$,(#4172),#4186);
#4188=IFCCARTESIANPOINTLIST3D(((591.25999999999999,-427.56,10.805999999999999),(591.25999999999999,-568.99000000000001,12.305999999999999),(340.97000000000003,-819.26999999999998,12.305999999999999),(299.55000000000001,-719.26999999999998,10.805999999999999),(591.25999999999999,-427.56,1.8059999999999992),(591.25999999999999,-568.99000000000001,3.3059999999999992),(340.97000000000003,-819.26999999999998,3.3059999999999992),(299.55000000000001,-719.26999999999998,1.8059999999999992)),$);
#4189=IFCINDEXEDPOLYGONALFACE((1,2,3,4));
#4190=IFCINDEXEDPOLYGONALFACE((8,7,6,5));
#4191=IFCINDEXEDPOLYGONALFACE((1,5,6,2));
#4192=IFCINDEXEDPOLYGONALFACE((2,6,7,3));
#4193=IFCINDEXEDPOLYGONALFACE((3,7,8,4));
#4194=IFCINDEXEDPOLYGONALFACE((4,8,5,1));
#4195=IFCPOLYGONALFACESET(#4188,.T.,(#4189,#4190,#4191,#4192,#4193,#4194),$);
#4196=IFCSHAPEREPRESENTATION(#11,'Body','Tessellation',(#4195));
#4197=IFCPRODUCTDEFINITIONSHAPE($,$,(#4196));
#4198=IFCCARTESIANPOINT((0.,0.,0.));
#4199=IFCAXIS2PLACEMENT3D(#4198,$,$);
#4200=IFCLOCALPLACEMENT(#69,#4199);
#4201=IFCCOVERING('3Ct0U1N3DUk8NP9PMEi295',$,'R/-7/0#7',$,'gratschnitt',#4200,#4197,$,$);
#4202=IFCPROPERTYSINGLEVALUE('Stueckart',$,IFCLABEL('gratschnitt'),$);
#4203=IFCPROPERTYSINGLEVALUE('Motiv',$,IFCLABEL('R'),$);
#4204=IFCPROPERTYSINGLEVALUE('Rasterposition',$,IFCLABEL('R/-7/0'),$);
#4205=IFCPROPERTYSINGLEVALUE('Gefaelleflaeche',$,IFCLABEL('F7'),$);
#4206=IFCPROPERTYSINGLEVALUE('Rohling',$,IFCLABEL('S60x10#46'),$);
#4207=IFCPROPERTYSINGLEVALUE('Herkunft',$,IFCLABEL('neu'),$);
#4208=IFCPROPERTYSINGLEVALUE('Schnitte',$,IFCINTEGER(2),$);
#4209=IFCPROPERTYSINGLEVALUE('Schnittlaenge',$,IFCREAL(249.69999999999999),$);
#4210=IFCPROPERTYSINGLEVALUE('Schnittarten',$,IFCLABEL('gehrung,gratschnitt'),$);
#4211=IFCPROPERTYSET('089zxQGR9MXAehkdHAE1DK',$,'HP_Fliesenstueck',$,(#4202,#4203,#4204,#4205,#4206,#4207,#4208,#4209,#4210));
#4212=IFCRELDEFINESBYPROPERTIES('0z4F0N9y1GIwFcELtvVfCe',$,$,$,(#4201),#4211);
#4213=IFCQUANTITYLENGTH('Width',$,$,9.,$);
#4214=IFCQUANTITYAREA('NetArea',$,$,0.038323999999999997,$);
#4215=IFCELEMENTQUANTITY('06aDo1ac5VMwR5zIubEMqd',$,'Qto_CoveringBaseQuantities',$,$,(#4213,#4214));
#4216=IFCRELDEFINESBYPROPERTIES('3agwhpbSLM_v29qKEr$tO9',$,$,$,(#4201),#4215);
#4217=IFCCARTESIANPOINTLIST3D(((-475.39999999999998,-1068.2,16.372),(-475.39999999999998,-926.77999999999997,14.872),(-321.94,-773.32000000000005,11.617000000000001),(-421.94,-1014.74,15.238),(-475.39999999999998,-1068.2,7.3719999999999999),(-475.39999999999998,-926.77999999999997,5.8719999999999999),(-321.94,-773.32000000000005,2.6170000000000009),(-421.94,-1014.74,6.2379999999999995)),$);
#4218=IFCINDEXEDPOLYGONALFACE((1,2,3,4));
#4219=IFCINDEXEDPOLYGONALFACE((8,7,6,5));
#4220=IFCINDEXEDPOLYGONALFACE((1,5,6,2));
#4221=IFCINDEXEDPOLYGONALFACE((2,6,7,3));
#4222=IFCINDEXEDPOLYGONALFACE((3,7,8,4));
#4223=IFCINDEXEDPOLYGONALFACE((4,8,5,1));
#4224=IFCPOLYGONALFACESET(#4217,.T.,(#4218,#4219,#4220,#4221,#4222,#4223),$);
#4225=IFCSHAPEREPRESENTATION(#11,'Body','Tessellation',(#4224));
#4226=IFCPRODUCTDEFINITIONSHAPE($,$,(#4225));
#4227=IFCCARTESIANPOINT((0.,0.,0.));
#4228=IFCAXIS2PLACEMENT3D(#4227,$,$);
#4229=IFCLOCALPLACEMENT(#69,#4228);
#4230=IFCCOVERING('0dBwtJIpvUbw_Qgscxq2hv',$,'R/-8/-1#5',$,'gratschnitt',#4229,#4226,$,$);
#4231=IFCPROPERTYSINGLEVALUE('Stueckart',$,IFCLABEL('gratschnitt'),$);
#4232=IFCPROPERTYSINGLEVALUE('Motiv',$,IFCLABEL('R'),$);
#4233=IFCPROPERTYSINGLEVALUE('Rasterposition',$,IFCLABEL('R/-8/-1'),$);
#4234=IFCPROPERTYSINGLEVALUE('Gefaelleflaeche',$,IFCLABEL('F5'),$);
#4235=IFCPROPERTYSINGLEVALUE('Rohling',$,IFCLABEL('S60x10#57'),$);
#4236=IFCPROPERTYSINGLEVALUE('Herkunft',$,IFCLABEL('reststueck'),$);
#4237=IFCPROPERTYSINGLEVALUE('Schnitte',$,IFCINTEGER(2),$);
#4238=IFCPROPERTYSINGLEVALUE('Schnittlaenge',$,IFCREAL(402.69999999999999),$);
#4239=IFCPROPERTYSINGLEVALUE('Schnittarten',$,IFCLABEL('gehrung,gratschnitt'),$);
#4240=IFCPROPERTYSET('3AegBjGb9G4BLE3T25uBpk',$,'HP_Fliesenstueck',$,(#4231,#4232,#4233,#4234,#4235,#4236,#4237,#4238,#4239));
#4241=IFCRELDEFINESBYPROPERTIES('2TPPsCYXHR6wBwvMvAX1om',$,$,$,(#4230),#4240);
#4242=IFCQUANTITYLENGTH('Width',$,$,9.,$);
#4243=IFCQUANTITYAREA('NetArea',$,$,0.014631999999999999,$);
#4244=IFCELEMENTQUANTITY('1oUId9XjTIxeQXPwRa5E3B',$,'Qto_CoveringBaseQuantities',$,$,(#4242,#4243));
#4245=IFCRELDEFINESBYPROPERTIES('1kNNfr0K9G4xCBHvsNoFX1',$,$,$,(#4230),#4244);
#4246=IFCCARTESIANPOINTLIST3D(((-121.84999999999999,-573.23000000000002,8.5980000000000008),(-121.84999999999999,-714.64999999999998,10.720000000000001),(-416.39999999999998,-1009.2,15.138),(-316.39999999999998,-767.77999999999997,11.516999999999999),(-121.84999999999999,-573.23000000000002,-0.40199999999999925),(-121.84999999999999,-714.64999999999998,1.7200000000000006),(-416.39999999999998,-1009.2,6.1379999999999999),(-316.39999999999998,-767.77999999999997,2.5169999999999995)),$);
#4247=IFCINDEXEDPOLYGONALFACE((1,2,3,4));
#4248=IFCINDEXEDPOLYGONALFACE((8,7,6,5));
#4249=IFCINDEXEDPOLYGONALFACE((1,5,6,2));
#4250=IFCINDEXEDPOLYGONALFACE((2,6,7,3));
#4251=IFCINDEXEDPOLYGONALFACE((3,7,8,4));
#4252=IFCINDEXEDPOLYGONALFACE((4,8,5,1));
#4253=IFCPOLYGONALFACESET(#4246,.T.,(#4247,#4248,#4249,#4250,#4251,#4252),$);
#4254=IFCSHAPEREPRESENTATION(#11,'Body','Tessellation',(#4253));
#4255=IFCPRODUCTDEFINITIONSHAPE($,$,(#4254));
#4256=IFCCARTESIANPOINT((0.,0.,0.));
#4257=IFCAXIS2PLACEMENT3D(#4256,$,$);
#4258=IFCLOCALPLACEMENT(#69,#4257);
#4259=IFCCOVERING('1U8WFzMEvGnPZEIyCSj$jL',$,'R/-8/-1#6',$,'gratschnitt',#4258,#4255,$,$);
#4260=IFCPROPERTYSINGLEVALUE('Stueckart',$,IFCLABEL('gratschnitt'),$);
#4261=IFCPROPERTYSINGLEVALUE('Motiv',$,IFCLABEL('R'),$);
#4262=IFCPROPERTYSINGLEVALUE('Rasterposition',$,IFCLABEL('R/-8/-1'),$);
#4263=IFCPROPERTYSINGLEVALUE('Gefaelleflaeche',$,IFCLABEL('F6'),$);
#4264=IFCPROPERTYSINGLEVALUE('Rohling',$,IFCLABEL('S60x10#57'),$);
#4265=IFCPROPERTYSINGLEVALUE('Herkunft',$,IFCLABEL('neu'),$);
#4266=IFCPROPERTYSINGLEVALUE('Schnitte',$,IFCINTEGER(2),$);
#4267=IFCPROPERTYSINGLEVALUE('Schnittlaenge',$,IFCREAL(402.69999999999999),$);
#4268=IFCPROPERTYSINGLEVALUE('Schnittarten',$,IFCLABEL('gehrung,gratschnitt'),$);
#4269=IFCPROPERTYSET('2IbD0sr9bG7PMkMtIXxwwn',$,'HP_Fliesenstueck',$,(#4260,#4261,#4262,#4263,#4264,#4265,#4266,#4267,#4268));
#4270=IFCRELDEFINESBYPROPERTIES('0U5cf6etTL2urX1lqKfag9',$,$,$,(#4259),#4269);
#4271=IFCQUANTITYLENGTH('Width',$,$,9.,$);
#4272=IFCQUANTITYAREA('NetArea',$,$,0.034583999999999997,$);
#4273=IFCELEMENTQUANTITY('1jc3sZvALJbhHD9lLgGobZ',$,'Qto_CoveringBaseQuantities',$,$,(#4271,#4272));
#4274=IFCRELDEFINESBYPROPERTIES('1zSXYQP5DPb80ZPNFo9FYh',$,$,$,(#4259),#4273);
#4275=IFCCARTESIANPOINTLIST3D(((-834.96000000000004,-573.23000000000002,14.936),(-834.96000000000004,-714.64999999999998,16.436),(-906.55999999999995,-786.25,17.954999999999998),(-977.26999999999998,-715.53999999999996,17.954999999999998),(-834.96000000000004,-573.23000000000002,5.9359999999999999),(-834.96000000000004,-714.64999999999998,7.4359999999999999),(-906.55999999999995,-786.25,8.9549999999999983),(-977.26999999999998,-715.53999999999996,8.9549999999999983)),$);
#4276=IFCINDEXEDPOLYGONALFACE((1,2,3,4));
#4277=IFCINDEXEDPOLYGONALFACE((8,7,6,5));
#4278=IFCINDEXEDPOLYGONALFACE((1,5,6,2));
#4279=IFCINDEXEDPOLYGONALFACE((2,6,7,3));
#4280=IFCINDEXEDPOLYGONALFACE((3,7,8,4));
#4281=IFCINDEXEDPOLYGONALFACE((4,8,5,1));
#4282=IFCPOLYGONALFACESET(#4275,.T.,(#4276,#4277,#4278,#4279,#4280,#4281),$);
#4283=IFCSHAPEREPRESENTATION(#11,'Body','Tessellation',(#4282));
#4284=IFCPRODUCTDEFINITIONSHAPE($,$,(#4283));
#4285=IFCCARTESIANPOINT((0.,0.,0.));
#4286=IFCAXIS2PLACEMENT3D(#4285,$,$);
#4287=IFCLOCALPLACEMENT(#69,#4286);
#4288=IFCCOVERING('3pfmMV8PLUqhhaPhrNFC39',$,'R/-8/-2#5',$,'gehrung',#4287,#4284,$,$);
#4289=IFCPROPERTYSINGLEVALUE('Stueckart',$,IFCLABEL('gehrung'),$);
#4290=IFCPROPERTYSINGLEVALUE('Motiv',$,IFCLABEL('R'),$);
#4291=IFCPROPERTYSINGLEVALUE('Rasterposition',$,IFCLABEL('R/-8/-2'),$);
#4292=IFCPROPERTYSINGLEVALUE('Gefaelleflaeche',$,IFCLABEL('F5'),$);
#4293=IFCPROPERTYSINGLEVALUE('Rohling',$,IFCLABEL('S60x10#62'),$);
#4294=IFCPROPERTYSINGLEVALUE('Herkunft',$,IFCLABEL('reststueck'),$);
#4295=IFCPROPERTYSINGLEVALUE('Schnitte',$,IFCINTEGER(2),$);
#4296=IFCPROPERTYSINGLEVALUE('Schnittlaenge',$,IFCREAL(241.40000000000001),$);
#4297=IFCPROPERTYSINGLEVALUE('Schnittarten',$,IFCLABEL('gerade,gehrung'),$);
#4298=IFCPROPERTYSET('2_whYLtL9G6xzGVhK6Pqqn',$,'HP_Fliesenstueck',$,(#4289,#4290,#4291,#4292,#4293,#4294,#4295,#4296,#4297));
#4299=IFCRELDEFINESBYPROPERTIES('0MqS3DNfPGyOVCgRgXYK0B',$,$,$,(#4288),#4298);
#4300=IFCQUANTITYLENGTH('Width',$,$,9.,$);
#4301=IFCQUANTITYAREA('NetArea',$,$,0.015126000000000001,$);
#4302=IFCELEMENTQUANTITY('3KZQk6$vDTtBWDKW1fEpl2',$,'Qto_CoveringBaseQuantities',$,$,(#4300,#4301));
#4303=IFCRELDEFINESBYPROPERTIES('30P56ojXDUtPfuXmNe7Gto',$,$,$,(#4288),#4302);
#4304=IFCCARTESIANPOINTLIST3D(((237.69999999999999,-1068.2,16.023),(237.69999999999999,-926.77999999999997,13.901999999999999),(339.92000000000002,-824.55999999999995,12.368),(381.33999999999997,-924.55999999999995,13.868),(237.69999999999999,-1068.2,7.0229999999999997),(237.69999999999999,-926.77999999999997,4.9019999999999992),(339.92000000000002,-824.55999999999995,3.3680000000000003),(381.33999999999997,-924.55999999999995,4.8680000000000003)),$);
#4305=IFCINDEXEDPOLYGONALFACE((1,2,3,4));
#4306=IFCINDEXEDPOLYGONALFACE((8,7,6,5));
#4307=IFCINDEXEDPOLYGONALFACE((1,5,6,2));
#4308=IFCINDEXEDPOLYGONALFACE((2,6,7,3));
#4309=IFCINDEXEDPOLYGONALFACE((3,7,8,4));
#4310=IFCINDEXEDPOLYGONALFACE((4,8,5,1));
#4311=IFCPOLYGONALFACESET(#4304,.T.,(#4305,#4306,#4307,#4308,#4309,#4310),$);
#4312=IFCSHAPEREPRESENTATION(#11,'Body','Tessellation',(#4311));
#4313=IFCPRODUCTDEFINITIONSHAPE($,$,(#4312));
#4314=IFCCARTESIANPOINT((0.,0.,0.));
#4315=IFCAXIS2PLACEMENT3D(#4314,$,$);
#4316=IFCLOCALPLACEMENT(#69,#4315);
#4317=IFCCOVERING('1QG8pl24LH1xL5tWwP83ip',$,'R/-8/0#6',$,'gratschnitt',#4316,#4313,$,$);
#4318=IFCPROPERTYSINGLEVALUE('Stueckart',$,IFCLABEL('gratschnitt'),$);
#4319=IFCPROPERTYSINGLEVALUE('Motiv',$,IFCLABEL('R'),$);
#4320=IFCPROPERTYSINGLEVALUE('Rasterposition',$,IFCLABEL('R/-8/0'),$);
#4321=IFCPROPERTYSINGLEVALUE('Gefaelleflaeche',$,IFCLABEL('F6'),$);
#4322=IFCPROPERTYSINGLEVALUE('Rohling',$,IFCLABEL('S60x10#64'),$);
#4323=IFCPROPERTYSINGLEVALUE('Herkunft',$,IFCLABEL('reststueck'),$);
#4324=IFCPROPERTYSINGLEVALUE('Schnitte',$,IFCINTEGER(2),$);
#4325=IFCPROPERTYSINGLEVALUE('Schnittlaenge',$,IFCREAL(249.69999999999999),$);
#4326=IFCPROPERTYSINGLEVALUE('Schnittarten',$,IFCLABEL('gehrung,gratschnitt'),$);
#4327=IFCPROPERTYSET('1OO1pvl7zPyw9eOOY7utAE',$,'HP_Fliesenstueck',$,(#4318,#4319,#4320,#4321,#4322,#4323,#4324,#4325,#4326));
#4328=IFCRELDEFINESBYPROPERTIES('3rpEgsnSbGYAOoYrtUn9_t',$,$,$,(#4317),#4327);
#4329=IFCQUANTITYLENGTH('Width',$,$,9.,$);
#4330=IFCQUANTITYAREA('NetArea',$,$,0.017385000000000001,$);
#4331=IFCELEMENTQUANTITY('28rFrCATrG4PfJSixgCuZy',$,'Qto_CoveringBaseQuantities',$,$,(#4329,#4330));
#4332=IFCRELDEFINESBYPROPERTIES('0FbWzDP4nUggeA$xpV$05x',$,$,$,(#4317),#4331);
#4333=IFCCARTESIANPOINTLIST3D(((591.25999999999999,-573.23000000000002,12.351000000000001),(591.25999999999999,-714.64999999999998,13.851000000000001),(383.63999999999999,-922.26999999999998,13.851000000000001),(342.22000000000003,-822.26999999999998,12.351000000000001),(591.25999999999999,-573.23000000000002,3.3510000000000009),(591.25999999999999,-714.64999999999998,4.8510000000000009),(383.63999999999999,-922.26999999999998,4.8510000000000009),(342.22000000000003,-822.26999999999998,3.3510000000000009)),$);
#4334=IFCINDEXEDPOLYGONALFACE((1,2,3,4));
#4335=IFCINDEXEDPOLYGONALFACE((8,7,6,5));
#4336=IFCINDEXEDPOLYGONALFACE((1,5,6,2));
#4337=IFCINDEXEDPOLYGONALFACE((2,6,7,3));
#4338=IFCINDEXEDPOLYGONALFACE((3,7,8,4));
#4339=IFCINDEXEDPOLYGONALFACE((4,8,5,1));
#4340=IFCPOLYGONALFACESET(#4333,.T.,(#4334,#4335,#4336,#4337,#4338,#4339),$);
#4341=IFCSHAPEREPRESENTATION(#11,'Body','Tessellation',(#4340));
#4342=IFCPRODUCTDEFINITIONSHAPE($,$,(#4341));
#4343=IFCCARTESIANPOINT((0.,0.,0.));
#4344=IFCAXIS2PLACEMENT3D(#4343,$,$);
#4345=IFCLOCALPLACEMENT(#69,#4344);
#4346=IFCCOVERING('2Q8wsAbnzQiwK$szVNFUGG',$,'R/-8/0#7',$,'gratschnitt',#4345,#4342,$,$);
#4347=IFCPROPERTYSINGLEVALUE('Stueckart',$,IFCLABEL('gratschnitt'),$);
#4348=IFCPROPERTYSINGLEVALUE('Motiv',$,IFCLABEL('R'),$);
#4349=IFCPROPERTYSINGLEVALUE('Rasterposition',$,IFCLABEL('R/-8/0'),$);
#4350=IFCPROPERTYSINGLEVALUE('Gefaelleflaeche',$,IFCLABEL('F7'),$);
#4351=IFCPROPERTYSINGLEVALUE('Rohling',$,IFCLABEL('S60x10#64'),$);
#4352=IFCPROPERTYSINGLEVALUE('Herkunft',$,IFCLABEL('neu'),$);
#4353=IFCPROPERTYSINGLEVALUE('Schnitte',$,IFCINTEGER(2),$);
#4354=IFCPROPERTYSINGLEVALUE('Schnittlaenge',$,IFCREAL(249.69999999999999),$);
#4355=IFCPROPERTYSINGLEVALUE('Schnittarten',$,IFCLABEL('gehrung,gratschnitt'),$);
#4356=IFCPROPERTYSET('3voXn10QvVse7v3mTMa5fO',$,'HP_Fliesenstueck',$,(#4347,#4348,#4349,#4350,#4351,#4352,#4353,#4354,#4355));
#4357=IFCRELDEFINESBYPROPERTIES('3oa7_$8NTUNeewATRJ9KHJ',$,$,$,(#4346),#4356);
#4358=IFCQUANTITYLENGTH('Width',$,$,9.,$);
#4359=IFCQUANTITYAREA('NetArea',$,$,0.032289999999999999,$);
#4360=IFCELEMENTQUANTITY('1I8XFoIubJUQxz9UaNPlk0',$,'Qto_CoveringBaseQuantities',$,$,(#4358,#4359));
#4361=IFCRELDEFINESBYPROPERTIES('0hsaeLSFHPfh6PErzmHP4j',$,$,$,(#4346),#4360);
#4362=IFCCARTESIANPOINTLIST3D(((-475.39999999999998,-1072.45,16.417000000000002),(-424.94,-1021.98,15.347),(-475.39999999999998,-1143.8099999999999,17.173999999999999),(-475.39999999999998,-1072.45,7.4170000000000016),(-424.94,-1021.98,6.3469999999999995),(-475.39999999999998,-1143.8099999999999,8.1739999999999995)),$);
#4363=IFCINDEXEDPOLYGONALFACE((1,2,3));
#4364=IFCINDEXEDPOLYGONALFACE((6,5,4));
#4365=IFCINDEXEDPOLYGONALFACE((1,4,5,2));
#4366=IFCINDEXEDPOLYGONALFACE((2,5,6,3));
#4367=IFCINDEXEDPOLYGONALFACE((3,6,4,1));
#4368=IFCPOLYGONALFACESET(#4362,.T.,(#4363,#4364,#4365,#4366,#4367),$);
#4369=IFCSHAPEREPRESENTATION(#11,'Body','Tessellation',(#4368));
#4370=IFCPRODUCTDEFINITIONSHAPE($,$,(#4369));
#4371=IFCCARTESIANPOINT((0.,0.,0.));
#4372=IFCAXIS2PLACEMENT3D(#4371,$,$);
#4373=IFCLOCALPLACEMENT(#69,#4372);
#4374=IFCCOVERING('0_9XAjGKnSgfSyS1tgmGJO',$,'R/-9/-1#5',$,'gratschnitt',#4373,#4370,$,$);
#4375=IFCPROPERTYSINGLEVALUE('Stueckart',$,IFCLABEL('gratschnitt'),$);
#4376=IFCPROPERTYSINGLEVALUE('Motiv',$,IFCLABEL('R'),$);
#4377=IFCPROPERTYSINGLEVALUE('Rasterposition',$,IFCLABEL('R/-9/-1'),$);
#4378=IFCPROPERTYSINGLEVALUE('Gefaelleflaeche',$,IFCLABEL('F5'),$);
#4379=IFCPROPERTYSINGLEVALUE('Rohling',$,IFCLABEL('S60x10#26'),$);
#4380=IFCPROPERTYSINGLEVALUE('Herkunft',$,IFCLABEL('reststueck'),$);
#4381=IFCPROPERTYSINGLEVALUE('Schnitte',$,IFCINTEGER(2),$);
#4382=IFCPROPERTYSINGLEVALUE('Schnittlaenge',$,IFCREAL(203.19999999999999),$);
#4383=IFCPROPERTYSINGLEVALUE('Schnittarten',$,IFCLABEL('gehrung,gratschnitt'),$);
#4384=IFCPROPERTYSET('3q66DZzrbOwPRChGBQMTYJ',$,'HP_Fliesenstueck',$,(#4375,#4376,#4377,#4378,#4379,#4380,#4381,#4382,#4383));
#4385=IFCRELDEFINESBYPROPERTIES('2x7y7F53LGNBzqxKUw_8IS',$,$,$,(#4374),#4384);
#4386=IFCQUANTITYLENGTH('Width',$,$,9.,$);
#4387=IFCQUANTITYAREA('NetArea',$,$,0.0018010000000000001,$);
#4388=IFCELEMENTQUANTITY('214LwQJMjUKeRMrjWBLSTC',$,'Qto_CoveringBaseQuantities',$,$,(#4386,#4387));
#4389=IFCRELDEFINESBYPROPERTIES('1bPYTlWWzLpOJxJ27RoaSw',$,$,$,(#4374),#4388);
#4390=IFCCARTESIANPOINTLIST3D(((-121.84999999999999,-718.88999999999999,10.782999999999999),(-121.84999999999999,-860.30999999999995,12.904999999999999),(-458.54000000000002,-1197.,17.954999999999998),(-475.39999999999998,-1197.,17.954999999999998),(-475.39999999999998,-1151.6500000000001,17.274999999999999),(-419.39999999999998,-1016.4400000000001,15.247),(-121.84999999999999,-718.88999999999999,1.7829999999999995),(-121.84999999999999,-860.30999999999995,3.9049999999999994),(-458.54000000000002,-1197.,8.9549999999999983),(-475.39999999999998,-1197.,8.9549999999999983),(-475.39999999999998,-1151.6500000000001,8.2749999999999986),(-419.39999999999998,-1016.4400000000001,6.2469999999999999)),$);
#4391=IFCINDEXEDPOLYGONALFACE((1,2,3,4,5,6));
#4392=IFCINDEXEDPOLYGONALFACE((12,11,10,9,8,7));
#4393=IFCINDEXEDPOLYGONALFACE((1,7,8,2));
#4394=IFCINDEXEDPOLYGONALFACE((2,8,9,3));
#4395=IFCINDEXEDPOLYGONALFACE((3,9,10,4));
#4396=IFCINDEXEDPOLYGONALFACE((4,10,11,5));
#4397=IFCINDEXEDPOLYGONALFACE((5,11,12,6));
#4398=IFCINDEXEDPOLYGONALFACE((6,12,7,1));
#4399=IFCPOLYGONALFACESET(#4390,.T.,(#4391,#4392,#4393,#4394,#4395,#4396,#4397,#4398),$);
#4400=IFCSHAPEREPRESENTATION(#11,'Body','Tessellation',(#4399));
#4401=IFCPRODUCTDEFINITIONSHAPE($,$,(#4400));
#4402=IFCCARTESIANPOINT((0.,0.,0.));
#4403=IFCAXIS2PLACEMENT3D(#4402,$,$);
#4404=IFCLOCALPLACEMENT(#69,#4403);
#4405=IFCCOVERING('067AypkbjKh8WRItNkOZED',$,'R/-9/-1#6',$,'gratschnitt',#4404,#4401,$,$);
#4406=IFCPROPERTYSINGLEVALUE('Stueckart',$,IFCLABEL('gratschnitt'),$);
#4407=IFCPROPERTYSINGLEVALUE('Motiv',$,IFCLABEL('R'),$);
#4408=IFCPROPERTYSINGLEVALUE('Rasterposition',$,IFCLABEL('R/-9/-1'),$);
#4409=IFCPROPERTYSINGLEVALUE('Gefaelleflaeche',$,IFCLABEL('F6'),$);
#4410=IFCPROPERTYSINGLEVALUE('Rohling',$,IFCLABEL('S60x10#26'),$);
#4411=IFCPROPERTYSINGLEVALUE('Herkunft',$,IFCLABEL('neu'),$);
#4412=IFCPROPERTYSINGLEVALUE('Schnitte',$,IFCINTEGER(4),$);
#4413=IFCPROPERTYSINGLEVALUE('Schnittlaenge',$,IFCREAL(350.),$);
#4414=IFCPROPERTYSINGLEVALUE('Schnittarten',$,IFCLABEL('schraeg,gehrung,gratschnitt'),$);
#4415=IFCPROPERTYSET('2OeTilD_DL1BfZV7ePWs1L',$,'HP_Fliesenstueck',$,(#4406,#4407,#4408,#4409,#4410,#4411,#4412,#4413,#4414));
#4416=IFCRELDEFINESBYPROPERTIES('1be_qjde1TWQFam1R6XGX6',$,$,$,(#4405),#4415);
#4417=IFCQUANTITYLENGTH('Width',$,$,9.,$);
#4418=IFCQUANTITYAREA('NetArea',$,$,0.047640000000000002,$);
#4419=IFCELEMENTQUANTITY('3WOTY_nCDOBBT0FWTXZqAl',$,'Qto_CoveringBaseQuantities',$,$,(#4417,#4418));
#4420=IFCRELDEFINESBYPROPERTIES('31B1gY88bQoAeo74LvGFqP',$,$,$,(#4405),#4419);
#4421=IFCCARTESIANPOINTLIST3D(((-834.96000000000004,-718.88999999999999,16.481000000000002),(-834.96000000000004,-857.86000000000001,17.954999999999998),(-904.44000000000005,-788.37,17.954999999999998),(-834.96000000000004,-718.88999999999999,7.4810000000000016),(-834.96000000000004,-857.86000000000001,8.9549999999999983),(-904.44000000000005,-788.37,8.9549999999999983)),$);
#4422=IFCINDEXEDPOLYGONALFACE((1,2,3));
#4423=IFCINDEXEDPOLYGONALFACE((6,5,4));
#4424=IFCINDEXEDPOLYGONALFACE((1,4,5,2));
#4425=IFCINDEXEDPOLYGONALFACE((2,5,6,3));
#4426=IFCINDEXEDPOLYGONALFACE((3,6,4,1));
#4427=IFCPOLYGONALFACESET(#4421,.T.,(#4422,#4423,#4424,#4425,#4426),$);
#4428=IFCSHAPEREPRESENTATION(#11,'Body','Tessellation',(#4427));
#4429=IFCPRODUCTDEFINITIONSHAPE($,$,(#4428));
#4430=IFCCARTESIANPOINT((0.,0.,0.));
#4431=IFCAXIS2PLACEMENT3D(#4430,$,$);
#4432=IFCLOCALPLACEMENT(#69,#4431);
#4433=IFCCOVERING('00uix2fIzJoxY1bDfSOJgZ',$,'R/-9/-2#5',$,'gehrung',#4432,#4429,$,$);
#4434=IFCPROPERTYSINGLEVALUE('Stueckart',$,IFCLABEL('gehrung'),$);
#4435=IFCPROPERTYSINGLEVALUE('Motiv',$,IFCLABEL('R'),$);
#4436=IFCPROPERTYSINGLEVALUE('Rasterposition',$,IFCLABEL('R/-9/-2'),$);
#4437=IFCPROPERTYSINGLEVALUE('Gefaelleflaeche',$,IFCLABEL('F5'),$);
#4438=IFCPROPERTYSINGLEVALUE('Rohling',$,IFCLABEL('S60x10#36'),$);
#4439=IFCPROPERTYSINGLEVALUE('Herkunft',$,IFCLABEL('reststueck'),$);
#4440=IFCPROPERTYSINGLEVALUE('Schnitte',$,IFCINTEGER(2),$);
#4441=IFCPROPERTYSINGLEVALUE('Schnittlaenge',$,IFCREAL(237.19999999999999),$);
#4442=IFCPROPERTYSINGLEVALUE('Schnittarten',$,IFCLABEL('gerade,gehrung'),$);
#4443=IFCPROPERTYSET('1QDdBHPiXU7vkoTli$yG0R',$,'HP_Fliesenstueck',$,(#4434,#4435,#4436,#4437,#4438,#4439,#4440,#4441,#4442));
#4444=IFCRELDEFINESBYPROPERTIES('3jPF1qX71UYRtCFJKMJlyv',$,$,$,(#4433),#4443);
#4445=IFCQUANTITYLENGTH('Width',$,$,9.,$);
#4446=IFCQUANTITYAREA('NetArea',$,$,0.0048279999999999998,$);
#4447=IFCELEMENTQUANTITY('0_Jzf7o7jOohzWfmrDwsMA',$,'Qto_CoveringBaseQuantities',$,$,(#4445,#4446));
#4448=IFCRELDEFINESBYPROPERTIES('0uLnkI05DRNvYwz6bp840N',$,$,$,(#4433),#4447);
#4449=IFCCARTESIANPOINTLIST3D(((254.56999999999999,-1197.,17.954999999999998),(237.69999999999999,-1197.,17.954999999999998),(237.69999999999999,-1072.45,16.087),(382.58999999999997,-927.55999999999995,13.913),(424.00999999999999,-1027.5599999999999,15.413),(254.56999999999999,-1197.,8.9549999999999983),(237.69999999999999,-1197.,8.9549999999999983),(237.69999999999999,-1072.45,7.0869999999999997),(382.58999999999997,-927.55999999999995,4.9130000000000003),(424.00999999999999,-1027.5599999999999,6.4130000000000003)),$);
#4450=IFCINDEXEDPOLYGONALFACE((1,2,3,4,5));
#4451=IFCINDEXEDPOLYGONALFACE((10,9,8,7,6));
#4452=IFCINDEXEDPOLYGONALFACE((1,6,7,2));
#4453=IFCINDEXEDPOLYGONALFACE((2,7,8,3));
#4454=IFCINDEXEDPOLYGONALFACE((3,8,9,4));
#4455=IFCINDEXEDPOLYGONALFACE((4,9,10,5));
#4456=IFCINDEXEDPOLYGONALFACE((5,10,6,1));
#4457=IFCPOLYGONALFACESET(#4449,.T.,(#4450,#4451,#4452,#4453,#4454,#4455,#4456),$);
#4458=IFCSHAPEREPRESENTATION(#11,'Body','Tessellation',(#4457));
#4459=IFCPRODUCTDEFINITIONSHAPE($,$,(#4458));
#4460=IFCCARTESIANPOINT((0.,0.,0.));
#4461=IFCAXIS2PLACEMENT3D(#4460,$,$);
#4462=IFCLOCALPLACEMENT(#69,#4461);
#4463=IFCCOVERING('24uJQEf$vTxufB5DpJ8ys5',$,'R/-9/0#6',$,'gratschnitt',#4462,#4459,$,$);
#4464=IFCPROPERTYSINGLEVALUE('Stueckart',$,IFCLABEL('gratschnitt'),$);
#4465=IFCPROPERTYSINGLEVALUE('Motiv',$,IFCLABEL('R'),$);
#4466=IFCPROPERTYSINGLEVALUE('Rasterposition',$,IFCLABEL('R/-9/0'),$);
#4467=IFCPROPERTYSINGLEVALUE('Gefaelleflaeche',$,IFCLABEL('F6'),$);
#4468=IFCPROPERTYSINGLEVALUE('Rohling',$,IFCLABEL('S60x10#84'),$);
#4469=IFCPROPERTYSINGLEVALUE('Herkunft',$,IFCLABEL('reststueck'),$);
#4470=IFCPROPERTYSINGLEVALUE('Schnitte',$,IFCINTEGER(3),$);
#4471=IFCPROPERTYSINGLEVALUE('Schnittlaenge',$,IFCREAL(249.69999999999999),$);
#4472=IFCPROPERTYSINGLEVALUE('Schnittarten',$,IFCLABEL('schraeg,gehrung,gratschnitt'),$);
#4473=IFCPROPERTYSET('2LAn8YseTHnv7ofcVDLXRA',$,'HP_Fliesenstueck',$,(#4464,#4465,#4466,#4467,#4468,#4469,#4470,#4471,#4472));
#4474=IFCRELDEFINESBYPROPERTIES('2uwnCgRLzJ$RXNJAGHzsdS',$,$,$,(#4463),#4473);
#4475=IFCQUANTITYLENGTH('Width',$,$,9.,$);
#4476=IFCQUANTITYAREA('NetArea',$,$,0.023276000000000002,$);
#4477=IFCELEMENTQUANTITY('0EdSo1zGrMjgeBwNjKmaym',$,'Qto_CoveringBaseQuantities',$,$,(#4475,#4476));
#4478=IFCRELDEFINESBYPROPERTIES('30Fxyiw89UsgVON0fka_vL',$,$,$,(#4463),#4477);
#4479=IFCCARTESIANPOINTLIST3D(((591.25999999999999,-718.88999999999999,13.896000000000001),(591.25999999999999,-860.30999999999995,15.396000000000001),(426.30000000000001,-1025.27,15.396000000000001),(384.88,-925.26999999999998,13.896000000000001),(591.25999999999999,-718.88999999999999,4.8960000000000008),(591.25999999999999,-860.30999999999995,6.3960000000000008),(426.30000000000001,-1025.27,6.3960000000000008),(384.88,-925.26999999999998,4.8960000000000008)),$);
#4480=IFCINDEXEDPOLYGONALFACE((1,2,3,4));
#4481=IFCINDEXEDPOLYGONALFACE((8,7,6,5));
#4482=IFCINDEXEDPOLYGONALFACE((1,5,6,2));
#4483=IFCINDEXEDPOLYGONALFACE((2,6,7,3));
#4484=IFCINDEXEDPOLYGONALFACE((3,7,8,4));
#4485=IFCINDEXEDPOLYGONALFACE((4,8,5,1));
#4486=IFCPOLYGONALFACESET(#4479,.T.,(#4480,#4481,#4482,#4483,#4484,#4485),$);
#4487=IFCSHAPEREPRESENTATION(#11,'Body','Tessellation',(#4486));
#4488=IFCPRODUCTDEFINITIONSHAPE($,$,(#4487));
#4489=IFCCARTESIANPOINT((0.,0.,0.));
#4490=IFCAXIS2PLACEMENT3D(#4489,$,$);
#4491=IFCLOCALPLACEMENT(#69,#4490);
#4492=IFCCOVERING('3LFSEyL6LTQxrjPqh_o9N2',$,'R/-9/0#7',$,'gratschnitt',#4491,#4488,$,$);
#4493=IFCPROPERTYSINGLEVALUE('Stueckart',$,IFCLABEL('gratschnitt'),$);
#4494=IFCPROPERTYSINGLEVALUE('Motiv',$,IFCLABEL('R'),$);
#4495=IFCPROPERTYSINGLEVALUE('Rasterposition',$,IFCLABEL('R/-9/0'),$);
#4496=IFCPROPERTYSINGLEVALUE('Gefaelleflaeche',$,IFCLABEL('F7'),$);
#4497=IFCPROPERTYSINGLEVALUE('Rohling',$,IFCLABEL('S60x10#84'),$);
#4498=IFCPROPERTYSINGLEVALUE('Herkunft',$,IFCLABEL('neu'),$);
#4499=IFCPROPERTYSINGLEVALUE('Schnitte',$,IFCINTEGER(2),$);
#4500=IFCPROPERTYSINGLEVALUE('Schnittlaenge',$,IFCREAL(249.69999999999999),$);
#4501=IFCPROPERTYSINGLEVALUE('Schnittarten',$,IFCLABEL('gehrung,gratschnitt'),$);
#4502=IFCPROPERTYSET('0pdjaPNTvUuhu21Ta7bU6W',$,'HP_Fliesenstueck',$,(#4493,#4494,#4495,#4496,#4497,#4498,#4499,#4500,#4501));
#4503=IFCRELDEFINESBYPROPERTIES('3zwweV98DLNv3FnIeFzHCL',$,$,$,(#4492),#4502);
#4504=IFCQUANTITYLENGTH('Width',$,$,9.,$);
#4505=IFCQUANTITYAREA('NetArea',$,$,0.026256999999999999,$);
#4506=IFCELEMENTQUANTITY('1Uw9oNgd9UYuQQ6psstRN5',$,'Qto_CoveringBaseQuantities',$,$,(#4504,#4505));
#4507=IFCRELDEFINESBYPROPERTIES('286frLKfTNZPl0L39RkmBU',$,$,$,(#4492),#4506);
#4508=IFCCARTESIANPOINTLIST3D(((-121.84999999999999,592.08000000000004,8.8810000000000002),(-121.84999999999999,450.66000000000003,6.7599999999999998),(-166.53999999999999,405.98000000000002,6.0899999999999999),(-207.96000000000001,505.98000000000002,7.5899999999999999),(-121.84999999999999,592.08000000000004,-0.11899999999999977),(-121.84999999999999,450.66000000000003,-2.2400000000000002),(-166.53999999999999,405.98000000000002,-2.9100000000000001),(-207.96000000000001,505.98000000000002,-1.4100000000000001)),$);
#4509=IFCINDEXEDPOLYGONALFACE((1,2,3,4));
#4510=IFCINDEXEDPOLYGONALFACE((8,7,6,5));
#4511=IFCINDEXEDPOLYGONALFACE((1,5,6,2));
#4512=IFCINDEXEDPOLYGONALFACE((2,6,7,3));
#4513=IFCINDEXEDPOLYGONALFACE((3,7,8,4));
#4514=IFCINDEXEDPOLYGONALFACE((4,8,5,1));
#4515=IFCPOLYGONALFACESET(#4508,.T.,(#4509,#4510,#4511,#4512,#4513,#4514),$);
#4516=IFCSHAPEREPRESENTATION(#11,'Body','Tessellation',(#4515));
#4517=IFCPRODUCTDEFINITIONSHAPE($,$,(#4516));
#4518=IFCCARTESIANPOINT((0.,0.,0.));
#4519=IFCAXIS2PLACEMENT3D(#4518,$,$);
#4520=IFCLOCALPLACEMENT(#69,#4519);
#4521=IFCCOVERING('3JPkSksDvUIf5YN_ZkvjoE',$,'R/0/-1#2',$,'gratschnitt',#4520,#4517,$,$);
#4522=IFCPROPERTYSINGLEVALUE('Stueckart',$,IFCLABEL('gratschnitt'),$);
#4523=IFCPROPERTYSINGLEVALUE('Motiv',$,IFCLABEL('R'),$);
#4524=IFCPROPERTYSINGLEVALUE('Rasterposition',$,IFCLABEL('R/0/-1'),$);
#4525=IFCPROPERTYSINGLEVALUE('Gefaelleflaeche',$,IFCLABEL('F2'),$);
#4526=IFCPROPERTYSINGLEVALUE('Rohling',$,IFCLABEL('S60x10#51'),$);
#4527=IFCPROPERTYSINGLEVALUE('Herkunft',$,IFCLABEL('reststueck'),$);
#4528=IFCPROPERTYSINGLEVALUE('Schnitte',$,IFCINTEGER(2),$);
#4529=IFCPROPERTYSINGLEVALUE('Schnittlaenge',$,IFCREAL(249.69999999999999),$);
#4530=IFCPROPERTYSINGLEVALUE('Schnittarten',$,IFCLABEL('gehrung,gratschnitt'),$);
#4531=IFCPROPERTYSET('2ICap88D9NcwSLFv$4EtZ6',$,'HP_Fliesenstueck',$,(#4522,#4523,#4524,#4525,#4526,#4527,#4528,#4529,#4530));
#4532=IFCRELDEFINESBYPROPERTIES('1eDIfVUhXR7BpKHC3xY$2L',$,$,$,(#4521),#4531);
#4533=IFCQUANTITYLENGTH('Width',$,$,9.,$);
#4534=IFCQUANTITYAREA('NetArea',$,$,0.0092490000000000003,$);
#4535=IFCELEMENTQUANTITY('2IZxQ6MarPu8fvRhkSpqz_',$,'Qto_CoveringBaseQuantities',$,$,(#4533,#4534));
#4536=IFCRELDEFINESBYPROPERTIES('0VAZzv_XPKjxLVurjSrt0t',$,$,$,(#4521),#4535);
#4537=IFCCARTESIANPOINTLIST3D(((-403.68000000000001,168.83000000000001,6.0720000000000001),(-475.39999999999998,198.53999999999999,7.1479999999999997),(-475.39999999999998,238.53,7.5720000000000001),(-210.25,503.68000000000001,7.5720000000000001),(-168.83000000000001,403.68000000000001,6.0720000000000001),(-403.68000000000001,168.83000000000001,-2.9279999999999999),(-475.39999999999998,198.53999999999999,-1.8520000000000003),(-475.39999999999998,238.53,-1.4279999999999999),(-210.25,503.68000000000001,-1.4279999999999999),(-168.83000000000001,403.68000000000001,-2.9279999999999999)),$);
#4538=IFCINDEXEDPOLYGONALFACE((1,2,3,4,5));
#4539=IFCINDEXEDPOLYGONALFACE((10,9,8,7,6));
#4540=IFCINDEXEDPOLYGONALFACE((1,6,7,2));
#4541=IFCINDEXEDPOLYGONALFACE((2,7,8,3));
#4542=IFCINDEXEDPOLYGONALFACE((3,8,9,4));
#4543=IFCINDEXEDPOLYGONALFACE((4,9,10,5));
#4544=IFCINDEXEDPOLYGONALFACE((5,10,6,1));
#4545=IFCPOLYGONALFACESET(#4537,.T.,(#4538,#4539,#4540,#4541,#4542,#4543,#4544),$);
#4546=IFCSHAPEREPRESENTATION(#11,'Body','Tessellation',(#4545));
#4547=IFCPRODUCTDEFINITIONSHAPE($,$,(#4546));
#4548=IFCCARTESIANPOINT((0.,0.,0.));
#4549=IFCAXIS2PLACEMENT3D(#4548,$,$);
#4550=IFCLOCALPLACEMENT(#69,#4549);
#4551=IFCCOVERING('1C4WjUuB5KbeZsvjIhTvUA',$,'R/0/-1#3',$,'gratschnitt',#4550,#4547,$,$);
#4552=IFCPROPERTYSINGLEVALUE('Stueckart',$,IFCLABEL('gratschnitt'),$);
#4553=IFCPROPERTYSINGLEVALUE('Motiv',$,IFCLABEL('R'),$);
#4554=IFCPROPERTYSINGLEVALUE('Rasterposition',$,IFCLABEL('R/0/-1'),$);
#4555=IFCPROPERTYSINGLEVALUE('Gefaelleflaeche',$,IFCLABEL('F3'),$);
#4556=IFCPROPERTYSINGLEVALUE('Rohling',$,IFCLABEL('S60x10#51'),$);
#4557=IFCPROPERTYSINGLEVALUE('Herkunft',$,IFCLABEL('neu'),$);
#4558=IFCPROPERTYSINGLEVALUE('Schnitte',$,IFCINTEGER(3),$);
#4559=IFCPROPERTYSINGLEVALUE('Schnittlaenge',$,IFCREAL(225.90000000000001),$);
#4560=IFCPROPERTYSINGLEVALUE('Schnittarten',$,IFCLABEL('gehrung,gratschnitt'),$);
#4561=IFCPROPERTYSET('1qIK4vtGfPdRwAl$5sm71S',$,'HP_Fliesenstueck',$,(#4552,#4553,#4554,#4555,#4556,#4557,#4558,#4559,#4560));
#4562=IFCRELDEFINESBYPROPERTIES('0PcH5SPFfNdRjGLu71w6jo',$,$,$,(#4551),#4561);
#4563=IFCQUANTITYLENGTH('Width',$,$,9.,$);
#4564=IFCQUANTITYAREA('NetArea',$,$,0.036789000000000002,$);
#4565=IFCELEMENTQUANTITY('3lxEBJfnzQnftLT9m3J$VV',$,'Qto_CoveringBaseQuantities',$,$,(#4563,#4564));
#4566=IFCRELDEFINESBYPROPERTIES('0FQ1hKBOLP$v3pR9yVpXwm',$,$,$,(#4551),#4565);
#4567=IFCCARTESIANPOINTLIST3D(((-475.39999999999998,97.109999999999999,7.1310000000000002),(-475.39999999999998,195.30000000000001,7.1310000000000002),(-405.98000000000002,166.53999999999999,6.0899999999999999),(-475.39999999999998,97.109999999999999,-1.8689999999999998),(-475.39999999999998,195.30000000000001,-1.8689999999999998),(-405.98000000000002,166.53999999999999,-2.9100000000000001)),$);
#4568=IFCINDEXEDPOLYGONALFACE((1,2,3));
#4569=IFCINDEXEDPOLYGONALFACE((6,5,4));
#4570=IFCINDEXEDPOLYGONALFACE((1,4,5,2));
#4571=IFCINDEXEDPOLYGONALFACE((2,5,6,3));
#4572=IFCINDEXEDPOLYGONALFACE((3,6,4,1));
#4573=IFCPOLYGONALFACESET(#4567,.T.,(#4568,#4569,#4570,#4571,#4572),$);
#4574=IFCSHAPEREPRESENTATION(#11,'Body','Tessellation',(#4573));
#4575=IFCPRODUCTDEFINITIONSHAPE($,$,(#4574));
#4576=IFCCARTESIANPOINT((0.,0.,0.));
#4577=IFCAXIS2PLACEMENT3D(#4576,$,$);
#4578=IFCLOCALPLACEMENT(#69,#4577);
#4579=IFCCOVERING('2hBbHSTEfGABGIEjAZCOGx',$,'R/0/-1#4',$,'gratschnitt',#4578,#4575,$,$);
#4580=IFCPROPERTYSINGLEVALUE('Stueckart',$,IFCLABEL('gratschnitt'),$);
#4581=IFCPROPERTYSINGLEVALUE('Motiv',$,IFCLABEL('R'),$);
#4582=IFCPROPERTYSINGLEVALUE('Rasterposition',$,IFCLABEL('R/0/-1'),$);
#4583=IFCPROPERTYSINGLEVALUE('Gefaelleflaeche',$,IFCLABEL('F4'),$);
#4584=IFCPROPERTYSINGLEVALUE('Rohling',$,IFCLABEL('S60x10#28'),$);
#4585=IFCPROPERTYSINGLEVALUE('Herkunft',$,IFCLABEL('reststueck'),$);
#4586=IFCPROPERTYSINGLEVALUE('Schnitte',$,IFCINTEGER(2),$);
#4587=IFCPROPERTYSINGLEVALUE('Schnittlaenge',$,IFCREAL(173.30000000000001),$);
#4588=IFCPROPERTYSINGLEVALUE('Schnittarten',$,IFCLABEL('gehrung,gratschnitt'),$);
#4589=IFCPROPERTYSET('2r5nJ4DT5J9x6OQE3WvJnq',$,'HP_Fliesenstueck',$,(#4580,#4581,#4582,#4583,#4584,#4585,#4586,#4587,#4588));
#4590=IFCRELDEFINESBYPROPERTIES('1KfAURrnLLX9fOZzf50TnV',$,$,$,(#4579),#4589);
#4591=IFCQUANTITYLENGTH('Width',$,$,9.,$);
#4592=IFCQUANTITYAREA('NetArea',$,$,0.003408,$);
#4593=IFCELEMENTQUANTITY('2Dgon1OgnRAQgZ7CtCV$oj',$,'Qto_CoveringBaseQuantities',$,$,(#4591,#4592));
#4594=IFCRELDEFINESBYPROPERTIES('3WQTn89inR7wC7t82Hbvci',$,$,$,(#4579),#4593);
#4595=IFCCARTESIANPOINTLIST3D(((-834.96000000000004,592.08000000000004,15.135999999999999),(-834.96000000000004,450.66000000000003,13.635999999999999),(-907.91999999999996,377.69999999999999,13.635999999999999),(-1007.92,419.12,15.135999999999999),(-834.96000000000004,592.08000000000004,6.1359999999999992),(-834.96000000000004,450.66000000000003,4.6359999999999992),(-907.91999999999996,377.69999999999999,4.6359999999999992),(-1007.92,419.12,6.1359999999999992)),$);
#4596=IFCINDEXEDPOLYGONALFACE((1,2,3,4));
#4597=IFCINDEXEDPOLYGONALFACE((8,7,6,5));
#4598=IFCINDEXEDPOLYGONALFACE((1,5,6,2));
#4599=IFCINDEXEDPOLYGONALFACE((2,6,7,3));
#4600=IFCINDEXEDPOLYGONALFACE((3,7,8,4));
#4601=IFCINDEXEDPOLYGONALFACE((4,8,5,1));
#4602=IFCPOLYGONALFACESET(#4595,.T.,(#4596,#4597,#4598,#4599,#4600,#4601),$);
#4603=IFCSHAPEREPRESENTATION(#11,'Body','Tessellation',(#4602));
#4604=IFCPRODUCTDEFINITIONSHAPE($,$,(#4603));
#4605=IFCCARTESIANPOINT((0.,0.,0.));
#4606=IFCAXIS2PLACEMENT3D(#4605,$,$);
#4607=IFCLOCALPLACEMENT(#69,#4606);
#4608=IFCCOVERING('3ouTcnwpPLFelmMlTseW8V',$,'R/0/-2#3',$,'gratschnitt',#4607,#4604,$,$);
#4609=IFCPROPERTYSINGLEVALUE('Stueckart',$,IFCLABEL('gratschnitt'),$);
#4610=IFCPROPERTYSINGLEVALUE('Motiv',$,IFCLABEL('R'),$);
#4611=IFCPROPERTYSINGLEVALUE('Rasterposition',$,IFCLABEL('R/0/-2'),$);
#4612=IFCPROPERTYSINGLEVALUE('Gefaelleflaeche',$,IFCLABEL('F3'),$);
#4613=IFCPROPERTYSINGLEVALUE('Rohling',$,IFCLABEL('S60x10#77'),$);
#4614=IFCPROPERTYSINGLEVALUE('Herkunft',$,IFCLABEL('reststueck'),$);
#4615=IFCPROPERTYSINGLEVALUE('Schnitte',$,IFCINTEGER(2),$);
#4616=IFCPROPERTYSINGLEVALUE('Schnittlaenge',$,IFCREAL(249.69999999999999),$);
#4617=IFCPROPERTYSINGLEVALUE('Schnittarten',$,IFCLABEL('gehrung,gratschnitt'),$);
#4618=IFCPROPERTYSET('15w6lTkMHL1h2SPFkjvmtL',$,'HP_Fliesenstueck',$,(#4609,#4610,#4611,#4612,#4613,#4614,#4615,#4616,#4617));
#4619=IFCRELDEFINESBYPROPERTIES('2q_wWygb5U4un7CkJUGiTW',$,$,$,(#4608),#4618);
#4620=IFCQUANTITYLENGTH('Width',$,$,9.,$);
#4621=IFCQUANTITYAREA('NetArea',$,$,0.017389999999999999,$);
#4622=IFCELEMENTQUANTITY('1nuYSR549OsBqqZ5Xcya1w',$,'Qto_CoveringBaseQuantities',$,$,(#4620,#4621));
#4623=IFCRELDEFINESBYPROPERTIES('0lp6DR8lbJVxF5HIY$v2gD',$,$,$,(#4608),#4622);
#4624=IFCCARTESIANPOINTLIST3D(((-1188.51,97.109999999999999,17.827999999999999),(-1188.51,238.53,17.827999999999999),(-1010.22,416.81999999999999,15.153),(-910.22000000000003,375.39999999999998,13.653),(-1188.51,97.109999999999999,8.8279999999999994),(-1188.51,238.53,8.8279999999999994),(-1010.22,416.81999999999999,6.1530000000000005),(-910.22000000000003,375.39999999999998,4.6530000000000005)),$);
#4625=IFCINDEXEDPOLYGONALFACE((1,2,3,4));
#4626=IFCINDEXEDPOLYGONALFACE((8,7,6,5));
#4627=IFCINDEXEDPOLYGONALFACE((1,5,6,2));
#4628=IFCINDEXEDPOLYGONALFACE((2,6,7,3));
#4629=IFCINDEXEDPOLYGONALFACE((3,7,8,4));
#4630=IFCINDEXEDPOLYGONALFACE((4,8,5,1));
#4631=IFCPOLYGONALFACESET(#4624,.T.,(#4625,#4626,#4627,#4628,#4629,#4630),$);
#4632=IFCSHAPEREPRESENTATION(#11,'Body','Tessellation',(#4631));
#4633=IFCPRODUCTDEFINITIONSHAPE($,$,(#4632));
#4634=IFCCARTESIANPOINT((0.,0.,0.));
#4635=IFCAXIS2PLACEMENT3D(#4634,$,$);
#4636=IFCLOCALPLACEMENT(#69,#4635);
#4637=IFCCOVERING('36ZlvRnPnUXfrwJ43IdBiQ',$,'R/0/-2#4',$,'gratschnitt',#4636,#4633,$,$);
#4638=IFCPROPERTYSINGLEVALUE('Stueckart',$,IFCLABEL('gratschnitt'),$);
#4639=IFCPROPERTYSINGLEVALUE('Motiv',$,IFCLABEL('R'),$);
#4640=IFCPROPERTYSINGLEVALUE('Rasterposition',$,IFCLABEL('R/0/-2'),$);
#4641=IFCPROPERTYSINGLEVALUE('Gefaelleflaeche',$,IFCLABEL('F4'),$);
#4642=IFCPROPERTYSINGLEVALUE('Rohling',$,IFCLABEL('S60x10#65'),$);
#4643=IFCPROPERTYSINGLEVALUE('Herkunft',$,IFCLABEL('neu'),$);
#4644=IFCPROPERTYSINGLEVALUE('Schnitte',$,IFCINTEGER(2),$);
#4645=IFCPROPERTYSINGLEVALUE('Schnittlaenge',$,IFCREAL(249.69999999999999),$);
#4646=IFCPROPERTYSINGLEVALUE('Schnittarten',$,IFCLABEL('gehrung,gratschnitt'),$);
#4647=IFCPROPERTYSET('2Y1U$L6PXOpB6zE$_d1hqc',$,'HP_Fliesenstueck',$,(#4638,#4639,#4640,#4641,#4642,#4643,#4644,#4645,#4646));
#4648=IFCRELDEFINESBYPROPERTIES('2Cu2ZmDVDOfwFKbLwo34LW',$,$,$,(#4637),#4647);
#4649=IFCQUANTITYLENGTH('Width',$,$,9.,$);
#4650=IFCQUANTITYAREA('NetArea',$,$,0.032285000000000001,$);
#4651=IFCELEMENTQUANTITY('0reLy6kjzJhPZMTbpRi4KD',$,'Qto_CoveringBaseQuantities',$,$,(#4649,#4650));
#4652=IFCRELDEFINESBYPROPERTIES('3Y2jYG0XLVrOOIbXzW6MFw',$,$,$,(#4637),#4651);
#4653=IFCCARTESIANPOINTLIST3D(((237.69999999999999,238.53,5.0510000000000002),(591.25999999999999,592.08000000000004,12.551),(591.25999999999999,450.66000000000003,11.051),(242.78,102.19,3.6589999999999998),(237.69999999999999,100.08,3.5830000000000002),(237.69999999999999,238.53,-3.9489999999999998),(591.25999999999999,592.08000000000004,3.5510000000000002),(591.25999999999999,450.66000000000003,2.0510000000000002),(242.78,102.19,-5.3410000000000002),(237.69999999999999,100.08,-5.4169999999999998)),$);
#4654=IFCINDEXEDPOLYGONALFACE((1,2,3,4,5));
#4655=IFCINDEXEDPOLYGONALFACE((10,9,8,7,6));
#4656=IFCINDEXEDPOLYGONALFACE((1,6,7,2));
#4657=IFCINDEXEDPOLYGONALFACE((2,7,8,3));
#4658=IFCINDEXEDPOLYGONALFACE((3,8,9,4));
#4659=IFCINDEXEDPOLYGONALFACE((4,9,10,5));
#4660=IFCINDEXEDPOLYGONALFACE((5,10,6,1));
#4661=IFCPOLYGONALFACESET(#4653,.T.,(#4654,#4655,#4656,#4657,#4658,#4659,#4660),$);
#4662=IFCSHAPEREPRESENTATION(#11,'Body','Tessellation',(#4661));
#4663=IFCPRODUCTDEFINITIONSHAPE($,$,(#4662));
#4664=IFCCARTESIANPOINT((0.,0.,0.));
#4665=IFCAXIS2PLACEMENT3D(#4664,$,$);
#4666=IFCLOCALPLACEMENT(#69,#4665);
#4667=IFCCOVERING('12UuCBMPvIawQokuwiFcYO',$,'R/0/0#1',$,'gratschnitt',#4666,#4663,$,$);
#4668=IFCPROPERTYSINGLEVALUE('Stueckart',$,IFCLABEL('gratschnitt'),$);
#4669=IFCPROPERTYSINGLEVALUE('Motiv',$,IFCLABEL('R'),$);
#4670=IFCPROPERTYSINGLEVALUE('Rasterposition',$,IFCLABEL('R/0/0'),$);
#4671=IFCPROPERTYSINGLEVALUE('Gefaelleflaeche',$,IFCLABEL('F1'),$);
#4672=IFCPROPERTYSINGLEVALUE('Rohling',$,IFCLABEL('S60x10#16'),$);
#4673=IFCPROPERTYSINGLEVALUE('Herkunft',$,IFCLABEL('neu'),$);
#4674=IFCPROPERTYSINGLEVALUE('Schnitte',$,IFCINTEGER(3),$);
#4675=IFCPROPERTYSINGLEVALUE('Schnittlaenge',$,IFCREAL(285.39999999999998),$);
#4676=IFCPROPERTYSINGLEVALUE('Schnittarten',$,IFCLABEL('gehrung,gratschnitt'),$);
#4677=IFCPROPERTYSET('0momW9WOjTqeXBl42g62eE',$,'HP_Fliesenstueck',$,(#4668,#4669,#4670,#4671,#4672,#4673,#4674,#4675,#4676));
#4678=IFCRELDEFINESBYPROPERTIES('1I2uvLF89HaPfg$$nYSVP7',$,$,$,(#4667),#4677);
#4679=IFCQUANTITYLENGTH('Width',$,$,9.,$);
#4680=IFCQUANTITYAREA('NetArea',$,$,0.049992000000000002,$);
#4681=IFCELEMENTQUANTITY('2NR8kgMePOCPfxpR_W41jc',$,'Qto_CoveringBaseQuantities',$,$,(#4679,#4680));
#4682=IFCRELDEFINESBYPROPERTIES('1C3ODXli9VV94zLcmr3vyf',$,$,$,(#4667),#4681);
#4683=IFCCARTESIANPOINTLIST3D(((950.80999999999995,97.109999999999999,14.262),(950.80999999999995,238.53,14.262),(1197.,484.72000000000003,17.954999999999998),(1197.,343.30000000000001,17.954999999999998),(950.80999999999995,97.109999999999999,5.2620000000000005),(950.80999999999995,238.53,5.2620000000000005),(1197.,484.72000000000003,8.9549999999999983),(1197.,343.30000000000001,8.9549999999999983)),$);
#4684=IFCINDEXEDPOLYGONALFACE((1,2,3,4));
#4685=IFCINDEXEDPOLYGONALFACE((8,7,6,5));
#4686=IFCINDEXEDPOLYGONALFACE((1,5,6,2));
#4687=IFCINDEXEDPOLYGONALFACE((2,6,7,3));
#4688=IFCINDEXEDPOLYGONALFACE((3,7,8,4));
#4689=IFCINDEXEDPOLYGONALFACE((4,8,5,1));
#4690=IFCPOLYGONALFACESET(#4683,.T.,(#4684,#4685,#4686,#4687,#4688,#4689),$);
#4691=IFCSHAPEREPRESENTATION(#11,'Body','Tessellation',(#4690));
#4692=IFCPRODUCTDEFINITIONSHAPE($,$,(#4691));
#4693=IFCCARTESIANPOINT((0.,0.,0.));
#4694=IFCAXIS2PLACEMENT3D(#4693,$,$);
#4695=IFCLOCALPLACEMENT(#69,#4694);
#4696=IFCCOVERING('1J1HUR3rjVouFGpk2RTxcE',$,'R/0/1#0',$,'schraeg',#4695,#4692,$,$);
#4697=IFCPROPERTYSINGLEVALUE('Stueckart',$,IFCLABEL('schraeg'),$);
#4698=IFCPROPERTYSINGLEVALUE('Motiv',$,IFCLABEL('R'),$);
#4699=IFCPROPERTYSINGLEVALUE('Rasterposition',$,IFCLABEL('R/0/1'),$);
#4700=IFCPROPERTYSINGLEVALUE('Gefaelleflaeche',$,IFCLABEL('F0'),$);
#4701=IFCPROPERTYSINGLEVALUE('Rohling',$,IFCLABEL('S60x10#56'),$);
#4702=IFCPROPERTYSINGLEVALUE('Herkunft',$,IFCLABEL('neu'),$);
#4703=IFCPROPERTYSINGLEVALUE('Schnitte',$,IFCINTEGER(2),$);
#4704=IFCPROPERTYSINGLEVALUE('Schnittlaenge',$,IFCREAL(282.80000000000001),$);
#4705=IFCPROPERTYSINGLEVALUE('Schnittarten',$,IFCLABEL('schraeg,gehrung'),$);
#4706=IFCPROPERTYSET('3pxxsvJh5LYxknad9eA7Ec',$,'HP_Fliesenstueck',$,(#4697,#4698,#4699,#4700,#4701,#4702,#4703,#4704,#4705));
#4707=IFCRELDEFINESBYPROPERTIES('3VlnUq10TPqQYSZzKh8jkb',$,$,$,(#4696),#4706);
#4708=IFCQUANTITYLENGTH('Width',$,$,9.,$);
#4709=IFCQUANTITYAREA('NetArea',$,$,0.034817000000000001,$);
#4710=IFCELEMENTQUANTITY('3Ppy_hTdTL8OL6pm8BOQrW',$,'Qto_CoveringBaseQuantities',$,$,(#4708,#4709));
#4711=IFCRELDEFINESBYPROPERTIES('2ilVWM9cLGovv90RwnwzqL',$,$,$,(#4696),#4710);
#4712=IFCCARTESIANPOINTLIST3D(((-121.84999999999999,737.75,11.066000000000001),(-121.84999999999999,596.33000000000004,8.9450000000000003),(-209.19999999999999,508.98000000000002,7.6349999999999998),(-250.62,608.98000000000002,9.1349999999999998),(-121.84999999999999,737.75,2.0660000000000007),(-121.84999999999999,596.33000000000004,-0.054999999999999716),(-209.19999999999999,508.98000000000002,-1.3650000000000002),(-250.62,608.98000000000002,0.13499999999999979)),$);
#4713=IFCINDEXEDPOLYGONALFACE((1,2,3,4));
#4714=IFCINDEXEDPOLYGONALFACE((8,7,6,5));
#4715=IFCINDEXEDPOLYGONALFACE((1,5,6,2));
#4716=IFCINDEXEDPOLYGONALFACE((2,6,7,3));
#4717=IFCINDEXEDPOLYGONALFACE((3,7,8,4));
#4718=IFCINDEXEDPOLYGONALFACE((4,8,5,1));
#4719=IFCPOLYGONALFACESET(#4712,.T.,(#4713,#4714,#4715,#4716,#4717,#4718),$);
#4720=IFCSHAPEREPRESENTATION(#11,'Body','Tessellation',(#4719));
#4721=IFCPRODUCTDEFINITIONSHAPE($,$,(#4720));
#4722=IFCCARTESIANPOINT((0.,0.,0.));
#4723=IFCAXIS2PLACEMENT3D(#4722,$,$);
#4724=IFCLOCALPLACEMENT(#69,#4723);
#4725=IFCCOVERING('2uw10bbFDU9Rbfisqe3hRF',$,'R/1/-1#2',$,'gratschnitt',#4724,#4721,$,$);
#4726=IFCPROPERTYSINGLEVALUE('Stueckart',$,IFCLABEL('gratschnitt'),$);
#4727=IFCPROPERTYSINGLEVALUE('Motiv',$,IFCLABEL('R'),$);
#4728=IFCPROPERTYSINGLEVALUE('Rasterposition',$,IFCLABEL('R/1/-1'),$);
#4729=IFCPROPERTYSINGLEVALUE('Gefaelleflaeche',$,IFCLABEL('F2'),$);
#4730=IFCPROPERTYSINGLEVALUE('Rohling',$,IFCLABEL('S60x10#58'),$);
#4731=IFCPROPERTYSINGLEVALUE('Herkunft',$,IFCLABEL('reststueck'),$);
#4732=IFCPROPERTYSINGLEVALUE('Schnitte',$,IFCINTEGER(2),$);
#4733=IFCPROPERTYSINGLEVALUE('Schnittlaenge',$,IFCREAL(249.69999999999999),$);
#4734=IFCPROPERTYSINGLEVALUE('Schnittarten',$,IFCLABEL('gehrung,gratschnitt'),$);
#4735=IFCPROPERTYSET('3tamFLJ1LGRvQb$uy_8LGW',$,'HP_Fliesenstueck',$,(#4726,#4727,#4728,#4729,#4730,#4731,#4732,#4733,#4734));
#4736=IFCRELDEFINESBYPROPERTIES('0wnKarbMTIrOpOnPVqQoSR',$,$,$,(#4725),#4735);
#4737=IFCQUANTITYLENGTH('Width',$,$,9.,$);
#4738=IFCQUANTITYAREA('NetArea',$,$,0.015282,$);
#4739=IFCELEMENTQUANTITY('21Z3$A8iHUyutHRiEdj8Wh',$,'Qto_CoveringBaseQuantities',$,$,(#4737,#4738));
#4740=IFCRELDEFINESBYPROPERTIES('30Hdi0xzfV39MYSUHDQa7l',$,$,$,(#4725),#4739);
#4741=IFCCARTESIANPOINTLIST3D(((-475.39999999999998,242.77000000000001,7.617),(-475.39999999999998,384.19,9.1170000000000009),(-252.91999999999999,606.67999999999995,9.1170000000000009),(-211.5,506.68000000000001,7.617),(-475.39999999999998,242.77000000000001,-1.383),(-475.39999999999998,384.19,0.11700000000000088),(-252.91999999999999,606.67999999999995,0.11700000000000088),(-211.5,506.68000000000001,-1.383)),$);
#4742=IFCINDEXEDPOLYGONALFACE((1,2,3,4));
#4743=IFCINDEXEDPOLYGONALFACE((8,7,6,5));
#4744=IFCINDEXEDPOLYGONALFACE((1,5,6,2));
#4745=IFCINDEXEDPOLYGONALFACE((2,6,7,3));
#4746=IFCINDEXEDPOLYGONALFACE((3,7,8,4));
#4747=IFCINDEXEDPOLYGONALFACE((4,8,5,1));
#4748=IFCPOLYGONALFACESET(#4741,.T.,(#4742,#4743,#4744,#4745,#4746,#4747),$);
#4749=IFCSHAPEREPRESENTATION(#11,'Body','Tessellation',(#4748));
#4750=IFCPRODUCTDEFINITIONSHAPE($,$,(#4749));
#4751=IFCCARTESIANPOINT((0.,0.,0.));
#4752=IFCAXIS2PLACEMENT3D(#4751,$,$);
#4753=IFCLOCALPLACEMENT(#69,#4752);
#4754=IFCCOVERING('0dp4QPjYDMGQVOn46bDSNS',$,'R/1/-1#3',$,'gratschnitt',#4753,#4750,$,$);
#4755=IFCPROPERTYSINGLEVALUE('Stueckart',$,IFCLABEL('gratschnitt'),$);
#4756=IFCPROPERTYSINGLEVALUE('Motiv',$,IFCLABEL('R'),$);
#4757=IFCPROPERTYSINGLEVALUE('Rasterposition',$,IFCLABEL('R/1/-1'),$);
#4758=IFCPROPERTYSINGLEVALUE('Gefaelleflaeche',$,IFCLABEL('F3'),$);
#4759=IFCPROPERTYSINGLEVALUE('Rohling',$,IFCLABEL('S60x10#58'),$);
#4760=IFCPROPERTYSINGLEVALUE('Herkunft',$,IFCLABEL('neu'),$);
#4761=IFCPROPERTYSINGLEVALUE('Schnitte',$,IFCINTEGER(2),$);
#4762=IFCPROPERTYSINGLEVALUE('Schnittlaenge',$,IFCREAL(249.69999999999999),$);
#4763=IFCPROPERTYSINGLEVALUE('Schnittarten',$,IFCLABEL('gehrung,gratschnitt'),$);
#4764=IFCPROPERTYSET('1Ars$5nWfQUxn9sF1z1F_x',$,'HP_Fliesenstueck',$,(#4755,#4756,#4757,#4758,#4759,#4760,#4761,#4762,#4763));
#4765=IFCRELDEFINESBYPROPERTIES('0lxNUZ_9bU3xmeBhc4RFfD',$,$,$,(#4754),#4764);
#4766=IFCQUANTITYLENGTH('Width',$,$,9.,$);
#4767=IFCQUANTITYAREA('NetArea',$,$,0.034393,$);
#4768=IFCELEMENTQUANTITY('0pNM1dTJnKCviYOZfynID1',$,'Qto_CoveringBaseQuantities',$,$,(#4766,#4767));
#4769=IFCRELDEFINESBYPROPERTIES('1mqU$jFLDPMRlPgeT1vJ2P',$,$,$,(#4754),#4768);
#4770=IFCCARTESIANPOINTLIST3D(((-834.96000000000004,737.75,16.681000000000001),(-834.96000000000004,596.33000000000004,15.180999999999999),(-1010.92,420.36000000000001,15.180999999999999),(-1110.9200000000001,461.77999999999997,16.681000000000001),(-834.96000000000004,737.75,7.6810000000000009),(-834.96000000000004,596.33000000000004,6.1809999999999992),(-1010.92,420.36000000000001,6.1809999999999992),(-1110.9200000000001,461.77999999999997,7.6810000000000009)),$);
#4771=IFCINDEXEDPOLYGONALFACE((1,2,3,4));
#4772=IFCINDEXEDPOLYGONALFACE((8,7,6,5));
#4773=IFCINDEXEDPOLYGONALFACE((1,5,6,2));
#4774=IFCINDEXEDPOLYGONALFACE((2,6,7,3));
#4775=IFCINDEXEDPOLYGONALFACE((3,7,8,4));
#4776=IFCINDEXEDPOLYGONALFACE((4,8,5,1));
#4777=IFCPOLYGONALFACESET(#4770,.T.,(#4771,#4772,#4773,#4774,#4775,#4776),$);
#4778=IFCSHAPEREPRESENTATION(#11,'Body','Tessellation',(#4777));
#4779=IFCPRODUCTDEFINITIONSHAPE($,$,(#4778));
#4780=IFCCARTESIANPOINT((0.,0.,0.));
#4781=IFCAXIS2PLACEMENT3D(#4780,$,$);
#4782=IFCLOCALPLACEMENT(#69,#4781);
#4783=IFCCOVERING('2iMPZYGv9I2wY6O4DGfXP0',$,'R/1/-2#3',$,'gratschnitt',#4782,#4779,$,$);
#4784=IFCPROPERTYSINGLEVALUE('Stueckart',$,IFCLABEL('gratschnitt'),$);
#4785=IFCPROPERTYSINGLEVALUE('Motiv',$,IFCLABEL('R'),$);
#4786=IFCPROPERTYSINGLEVALUE('Rasterposition',$,IFCLABEL('R/1/-2'),$);
#4787=IFCPROPERTYSINGLEVALUE('Gefaelleflaeche',$,IFCLABEL('F3'),$);
#4788=IFCPROPERTYSINGLEVALUE('Rohling',$,IFCLABEL('S60x10#68'),$);
#4789=IFCPROPERTYSINGLEVALUE('Herkunft',$,IFCLABEL('neu'),$);
#4790=IFCPROPERTYSINGLEVALUE('Schnitte',$,IFCINTEGER(2),$);
#4791=IFCPROPERTYSINGLEVALUE('Schnittlaenge',$,IFCREAL(249.69999999999999),$);
#4792=IFCPROPERTYSINGLEVALUE('Schnittarten',$,IFCLABEL('gehrung,gratschnitt'),$);
#4793=IFCPROPERTYSET('1IcsBwC$nRdALZxL3H1Q$W',$,'HP_Fliesenstueck',$,(#4784,#4785,#4786,#4787,#4788,#4789,#4790,#4791,#4792));
#4794=IFCRELDEFINESBYPROPERTIES('1k7IIeP$9Jmuxow3mbuZTB',$,$,$,(#4783),#4793);
#4795=IFCQUANTITYLENGTH('Width',$,$,9.,$);
#4796=IFCQUANTITYAREA('NetArea',$,$,0.031955999999999998,$);
#4797=IFCELEMENTQUANTITY('3w0eLRmx1R$hZ4BAb8xnxW',$,'Qto_CoveringBaseQuantities',$,$,(#4795,#4796));
#4798=IFCRELDEFINESBYPROPERTIES('2MOtaMdzrTHwNBx6OF9leI',$,$,$,(#4783),#4797);
#4799=IFCCARTESIANPOINTLIST3D(((-1188.51,242.77000000000001,17.827999999999999),(-1188.51,384.19,17.827999999999999),(-1113.22,459.49000000000001,16.698),(-1013.22,418.06999999999999,15.198),(-1188.51,242.77000000000001,8.8279999999999994),(-1188.51,384.19,8.8279999999999994),(-1113.22,459.49000000000001,7.6980000000000004),(-1013.22,418.06999999999999,6.1980000000000004)),$);
#4800=IFCINDEXEDPOLYGONALFACE((1,2,3,4));
#4801=IFCINDEXEDPOLYGONALFACE((8,7,6,5));
#4802=IFCINDEXEDPOLYGONALFACE((1,5,6,2));
#4803=IFCINDEXEDPOLYGONALFACE((2,6,7,3));
#4804=IFCINDEXEDPOLYGONALFACE((3,7,8,4));
#4805=IFCINDEXEDPOLYGONALFACE((4,8,5,1));
#4806=IFCPOLYGONALFACESET(#4799,.T.,(#4800,#4801,#4802,#4803,#4804,#4805),$);
#4807=IFCSHAPEREPRESENTATION(#11,'Body','Tessellation',(#4806));
#4808=IFCPRODUCTDEFINITIONSHAPE($,$,(#4807));
#4809=IFCCARTESIANPOINT((0.,0.,0.));
#4810=IFCAXIS2PLACEMENT3D(#4809,$,$);
#4811=IFCLOCALPLACEMENT(#69,#4810);
#4812=IFCCOVERING('1JXsjGG_HSywVNtX78G7_I',$,'R/1/-2#4',$,'gratschnitt',#4811,#4808,$,$);
#4813=IFCPROPERTYSINGLEVALUE('Stueckart',$,IFCLABEL('gratschnitt'),$);
#4814=IFCPROPERTYSINGLEVALUE('Motiv',$,IFCLABEL('R'),$);
#4815=IFCPROPERTYSINGLEVALUE('Rasterposition',$,IFCLABEL('R/1/-2'),$);
#4816=IFCPROPERTYSINGLEVALUE('Gefaelleflaeche',$,IFCLABEL('F4'),$);
#4817=IFCPROPERTYSINGLEVALUE('Rohling',$,IFCLABEL('S60x10#69'),$);
#4818=IFCPROPERTYSINGLEVALUE('Herkunft',$,IFCLABEL('reststueck'),$);
#4819=IFCPROPERTYSINGLEVALUE('Schnitte',$,IFCINTEGER(2),$);
#4820=IFCPROPERTYSINGLEVALUE('Schnittlaenge',$,IFCREAL(249.69999999999999),$);
#4821=IFCPROPERTYSINGLEVALUE('Schnittarten',$,IFCLABEL('gehrung,gratschnitt'),$);
#4822=IFCPROPERTYSET('0lIlOUX55OH89Cil_rNBnv',$,'HP_Fliesenstueck',$,(#4813,#4814,#4815,#4816,#4817,#4818,#4819,#4820,#4821));
#4823=IFCRELDEFINESBYPROPERTIES('0uXyxojVjQJOqHoBOq4GuG',$,$,$,(#4812),#4822);
#4824=IFCQUANTITYLENGTH('Width',$,$,9.,$);
#4825=IFCQUANTITYAREA('NetArea',$,$,0.017718999999999999,$);
#4826=IFCELEMENTQUANTITY('1TWyEgHZvS39DRV36ANO1W',$,'Qto_CoveringBaseQuantities',$,$,(#4824,#4825));
#4827=IFCRELDEFINESBYPROPERTIES('11Z1DwYtfI5OlYGDVyuQ_o',$,$,$,(#4812),#4826);
#4828=IFCCARTESIANPOINTLIST3D(((237.69999999999999,242.77000000000001,5.0960000000000001),(591.25999999999999,596.33000000000004,12.596),(591.25999999999999,737.75,14.096),(237.69999999999999,384.19,6.5960000000000001),(237.69999999999999,242.77000000000001,-3.9039999999999999),(591.25999999999999,596.33000000000004,3.5960000000000001),(591.25999999999999,737.75,5.0960000000000001),(237.69999999999999,384.19,-2.4039999999999999)),$);
#4829=IFCINDEXEDPOLYGONALFACE((1,2,3,4));
#4830=IFCINDEXEDPOLYGONALFACE((8,7,6,5));
#4831=IFCINDEXEDPOLYGONALFACE((1,5,6,2));
#4832=IFCINDEXEDPOLYGONALFACE((2,6,7,3));
#4833=IFCINDEXEDPOLYGONALFACE((3,7,8,4));
#4834=IFCINDEXEDPOLYGONALFACE((4,8,5,1));
#4835=IFCPOLYGONALFACESET(#4828,.T.,(#4829,#4830,#4831,#4832,#4833,#4834),$);
#4836=IFCSHAPEREPRESENTATION(#11,'Body','Tessellation',(#4835));
#4837=IFCPRODUCTDEFINITIONSHAPE($,$,(#4836));
#4838=IFCCARTESIANPOINT((0.,0.,0.));
#4839=IFCAXIS2PLACEMENT3D(#4838,$,$);
#4840=IFCLOCALPLACEMENT(#69,#4839);
#4841=IFCCOVERING('3oELuyOATLsxP2YfP1aaTN',$,'R/1/0#1',$,'gehrung',#4840,#4837,$,$);
#4842=IFCPROPERTYSINGLEVALUE('Stueckart',$,IFCLABEL('gehrung'),$);
#4843=IFCPROPERTYSINGLEVALUE('Motiv',$,IFCLABEL('R'),$);
#4844=IFCPROPERTYSINGLEVALUE('Rasterposition',$,IFCLABEL('R/1/0'),$);
#4845=IFCPROPERTYSINGLEVALUE('Gefaelleflaeche',$,IFCLABEL('F1'),$);
#4846=IFCPROPERTYSINGLEVALUE('Rohling',$,IFCLABEL('S60x10#14'),$);
#4847=IFCPROPERTYSINGLEVALUE('Herkunft',$,IFCLABEL('neu'),$);
#4848=IFCPROPERTYSINGLEVALUE('Schnitte',$,IFCINTEGER(2),$);
#4849=IFCPROPERTYSINGLEVALUE('Schnittlaenge',$,IFCREAL(282.80000000000001),$);
#4850=IFCPROPERTYSINGLEVALUE('Schnittarten',$,IFCLABEL('gehrung'),$);
#4851=IFCPROPERTYSET('3Kn9p5DwrTdvFOEuFW4KUz',$,'HP_Fliesenstueck',$,(#4842,#4843,#4844,#4845,#4846,#4847,#4848,#4849,#4850));
#4852=IFCRELDEFINESBYPROPERTIES('1Rx8_BSuLQYBnEsS8lAiCe',$,$,$,(#4841),#4851);
#4853=IFCQUANTITYLENGTH('Width',$,$,9.,$);
#4854=IFCQUANTITYAREA('NetArea',$,$,0.050000000000000003,$);
#4855=IFCELEMENTQUANTITY('20cwBOEM1TG9gJmgOtpycJ',$,'Qto_CoveringBaseQuantities',$,$,(#4853,#4854));
#4856=IFCRELDEFINESBYPROPERTIES('2gZg0eHkzUd8Eo2TSvNrui',$,$,$,(#4841),#4855);
#4857=IFCCARTESIANPOINTLIST3D(((950.80999999999995,242.77000000000001,14.262),(950.80999999999995,384.19,14.262),(964.5,397.88999999999999,14.467000000000001),(1197.,494.19,17.954999999999998),(1197.,488.95999999999998,17.954999999999998),(950.80999999999995,242.77000000000001,5.2620000000000005),(950.80999999999995,384.19,5.2620000000000005),(964.5,397.88999999999999,5.4670000000000005),(1197.,494.19,8.9549999999999983),(1197.,488.95999999999998,8.9549999999999983)),$);
#4858=IFCINDEXEDPOLYGONALFACE((1,2,3,4,5));
#4859=IFCINDEXEDPOLYGONALFACE((10,9,8,7,6));
#4860=IFCINDEXEDPOLYGONALFACE((1,6,7,2));
#4861=IFCINDEXEDPOLYGONALFACE((2,7,8,3));
#4862=IFCINDEXEDPOLYGONALFACE((3,8,9,4));
#4863=IFCINDEXEDPOLYGONALFACE((4,9,10,5));
#4864=IFCINDEXEDPOLYGONALFACE((5,10,6,1));
#4865=IFCPOLYGONALFACESET(#4857,.T.,(#4858,#4859,#4860,#4861,#4862,#4863,#4864),$);
#4866=IFCSHAPEREPRESENTATION(#11,'Body','Tessellation',(#4865));
#4867=IFCPRODUCTDEFINITIONSHAPE($,$,(#4866));
#4868=IFCCARTESIANPOINT((0.,0.,0.));
#4869=IFCAXIS2PLACEMENT3D(#4868,$,$);
#4870=IFCLOCALPLACEMENT(#69,#4869);
#4871=IFCCOVERING('2Hn9r70vbSr9fvxitJLFFJ',$,'R/1/1#0',$,'gratschnitt',#4870,#4867,$,$);
#4872=IFCPROPERTYSINGLEVALUE('Stueckart',$,IFCLABEL('gratschnitt'),$);
#4873=IFCPROPERTYSINGLEVALUE('Motiv',$,IFCLABEL('R'),$);
#4874=IFCPROPERTYSINGLEVALUE('Rasterposition',$,IFCLABEL('R/1/1'),$);
#4875=IFCPROPERTYSINGLEVALUE('Gefaelleflaeche',$,IFCLABEL('F0'),$);
#4876=IFCPROPERTYSINGLEVALUE('Rohling',$,IFCLABEL('S60x10#91'),$);
#4877=IFCPROPERTYSINGLEVALUE('Herkunft',$,IFCLABEL('reststueck'),$);
#4878=IFCPROPERTYSINGLEVALUE('Schnitte',$,IFCINTEGER(3),$);
#4879=IFCPROPERTYSINGLEVALUE('Schnittlaenge',$,IFCREAL(398.30000000000001),$);
#4880=IFCPROPERTYSINGLEVALUE('Schnittarten',$,IFCLABEL('schraeg,gehrung,gratschnitt'),$);
#4881=IFCPROPERTYSET('20HR2xwPvOhxKKFAl3MESj',$,'HP_Fliesenstueck',$,(#4872,#4873,#4874,#4875,#4876,#4877,#4878,#4879,#4880));
#4882=IFCRELDEFINESBYPROPERTIES('2vc3y5J3vQjwCcbX35RtEx',$,$,$,(#4871),#4881);
#4883=IFCQUANTITYLENGTH('Width',$,$,9.,$);
#4884=IFCQUANTITYAREA('NetArea',$,$,0.018984000000000001,$);
#4885=IFCELEMENTQUANTITY('0FlWhcn19OAwFLDEP30hqG',$,'Qto_CoveringBaseQuantities',$,$,(#4883,#4884));
#4886=IFCRELDEFINESBYPROPERTIES('2V9LcbnpHUC8iLQfOLtw0f',$,$,$,(#4871),#4885);
#4887=IFCCARTESIANPOINTLIST3D(((1129.71,563.10000000000002,17.954999999999998),(1195.8499999999999,496.95999999999998,17.954999999999998),(970.03999999999996,403.43000000000001,14.568),(1129.71,563.10000000000002,8.9549999999999983),(1195.8499999999999,496.95999999999998,8.9549999999999983),(970.03999999999996,403.43000000000001,5.5679999999999996)),$);
#4888=IFCINDEXEDPOLYGONALFACE((1,2,3));
#4889=IFCINDEXEDPOLYGONALFACE((6,5,4));
#4890=IFCINDEXEDPOLYGONALFACE((1,4,5,2));
#4891=IFCINDEXEDPOLYGONALFACE((2,5,6,3));
#4892=IFCINDEXEDPOLYGONALFACE((3,6,4,1));
#4893=IFCPOLYGONALFACESET(#4887,.T.,(#4888,#4889,#4890,#4891,#4892),$);
#4894=IFCSHAPEREPRESENTATION(#11,'Body','Tessellation',(#4893));
#4895=IFCPRODUCTDEFINITIONSHAPE($,$,(#4894));
#4896=IFCCARTESIANPOINT((0.,0.,0.));
#4897=IFCAXIS2PLACEMENT3D(#4896,$,$);
#4898=IFCLOCALPLACEMENT(#69,#4897);
#4899=IFCCOVERING('3FVMklmJbRbxFUJF3FXHQf',$,'R/1/1#1',$,'gratschnitt',#4898,#4895,$,$);
#4900=IFCPROPERTYSINGLEVALUE('Stueckart',$,IFCLABEL('gratschnitt'),$);
#4901=IFCPROPERTYSINGLEVALUE('Motiv',$,IFCLABEL('R'),$);
#4902=IFCPROPERTYSINGLEVALUE('Rasterposition',$,IFCLABEL('R/1/1'),$);
#4903=IFCPROPERTYSINGLEVALUE('Gefaelleflaeche',$,IFCLABEL('F1'),$);
#4904=IFCPROPERTYSINGLEVALUE('Rohling',$,IFCLABEL('S60x10#97'),$);
#4905=IFCPROPERTYSINGLEVALUE('Herkunft',$,IFCLABEL('neu'),$);
#4906=IFCPROPERTYSINGLEVALUE('Schnitte',$,IFCINTEGER(2),$);
#4907=IFCPROPERTYSINGLEVALUE('Schnittlaenge',$,IFCREAL(337.89999999999998),$);
#4908=IFCPROPERTYSINGLEVALUE('Schnittarten',$,IFCLABEL('gerade,gratschnitt'),$);
#4909=IFCPROPERTYSET('0O_ZMPegXHiAjPLrBYDDGb',$,'HP_Fliesenstueck',$,(#4900,#4901,#4902,#4903,#4904,#4905,#4906,#4907,#4908));
#4910=IFCRELDEFINESBYPROPERTIES('26um6YDCHQIB5J4C4gcKD8',$,$,$,(#4899),#4909);
#4911=IFCQUANTITYLENGTH('Width',$,$,9.,$);
#4912=IFCQUANTITYAREA('NetArea',$,$,0.01056,$);
#4913=IFCELEMENTQUANTITY('1xGkW5M55TJ8UJvvomzhhs',$,'Qto_CoveringBaseQuantities',$,$,(#4911,#4912));
#4914=IFCRELDEFINESBYPROPERTIES('0hx$KhTrbVvOctC9itmuPR',$,$,$,(#4899),#4913);
#4915=IFCCARTESIANPOINTLIST3D(((-121.84999999999999,883.40999999999997,13.250999999999999),(-121.84999999999999,741.99000000000001,11.130000000000001),(-251.87,611.98000000000002,9.1799999999999997),(-293.29000000000002,711.98000000000002,10.68),(-121.84999999999999,883.40999999999997,4.2509999999999994),(-121.84999999999999,741.99000000000001,2.1300000000000008),(-251.87,611.98000000000002,0.17999999999999972),(-293.29000000000002,711.98000000000002,1.6799999999999997)),$);
#4916=IFCINDEXEDPOLYGONALFACE((1,2,3,4));
#4917=IFCINDEXEDPOLYGONALFACE((8,7,6,5));
#4918=IFCINDEXEDPOLYGONALFACE((1,5,6,2));
#4919=IFCINDEXEDPOLYGONALFACE((2,6,7,3));
#4920=IFCINDEXEDPOLYGONALFACE((3,7,8,4));
#4921=IFCINDEXEDPOLYGONALFACE((4,8,5,1));
#4922=IFCPOLYGONALFACESET(#4915,.T.,(#4916,#4917,#4918,#4919,#4920,#4921),$);
#4923=IFCSHAPEREPRESENTATION(#11,'Body','Tessellation',(#4922));
#4924=IFCPRODUCTDEFINITIONSHAPE($,$,(#4923));
#4925=IFCCARTESIANPOINT((0.,0.,0.));
#4926=IFCAXIS2PLACEMENT3D(#4925,$,$);
#4927=IFCLOCALPLACEMENT(#69,#4926);
#4928=IFCCOVERING('1BdwlWz$PIWum1ngKHNmVP',$,'R/2/-1#2',$,'gratschnitt',#4927,#4924,$,$);
#4929=IFCPROPERTYSINGLEVALUE('Stueckart',$,IFCLABEL('gratschnitt'),$);
#4930=IFCPROPERTYSINGLEVALUE('Motiv',$,IFCLABEL('R'),$);
#4931=IFCPROPERTYSINGLEVALUE('Rasterposition',$,IFCLABEL('R/2/-1'),$);
#4932=IFCPROPERTYSINGLEVALUE('Gefaelleflaeche',$,IFCLABEL('F2'),$);
#4933=IFCPROPERTYSINGLEVALUE('Rohling',$,IFCLABEL('S60x10#80'),$);
#4934=IFCPROPERTYSINGLEVALUE('Herkunft',$,IFCLABEL('reststueck'),$);
#4935=IFCPROPERTYSINGLEVALUE('Schnitte',$,IFCINTEGER(2),$);
#4936=IFCPROPERTYSINGLEVALUE('Schnittlaenge',$,IFCREAL(249.69999999999999),$);
#4937=IFCPROPERTYSINGLEVALUE('Schnittarten',$,IFCLABEL('gehrung,gratschnitt'),$);
#4938=IFCPROPERTYSET('1T0M$jVYDSPgRkZMz7lROB',$,'HP_Fliesenstueck',$,(#4929,#4930,#4931,#4932,#4933,#4934,#4935,#4936,#4937));
#4939=IFCRELDEFINESBYPROPERTIES('0H6ASeMjjKzQztaBPlQWm1',$,$,$,(#4928),#4938);
#4940=IFCQUANTITYLENGTH('Width',$,$,9.,$);
#4941=IFCQUANTITYAREA('NetArea',$,$,0.021316000000000002,$);
#4942=IFCELEMENTQUANTITY('3BiaxTgnnHChuIqjtjPO2v',$,'Qto_CoveringBaseQuantities',$,$,(#4940,#4941));
#4943=IFCRELDEFINESBYPROPERTIES('1gIZqFJtzJ9AfAAij4L5f0',$,$,$,(#4928),#4942);
#4944=IFCCARTESIANPOINTLIST3D(((-475.39999999999998,388.44,9.1620000000000008),(-475.39999999999998,529.86000000000001,10.662000000000001),(-295.57999999999998,709.67999999999995,10.662000000000001),(-254.16,609.67999999999995,9.1620000000000008),(-475.39999999999998,388.44,0.16200000000000081),(-475.39999999999998,529.86000000000001,1.6620000000000008),(-295.57999999999998,709.67999999999995,1.6620000000000008),(-254.16,609.67999999999995,0.16200000000000081)),$);
#4945=IFCINDEXEDPOLYGONALFACE((1,2,3,4));
#4946=IFCINDEXEDPOLYGONALFACE((8,7,6,5));
#4947=IFCINDEXEDPOLYGONALFACE((1,5,6,2));
#4948=IFCINDEXEDPOLYGONALFACE((2,6,7,3));
#4949=IFCINDEXEDPOLYGONALFACE((3,7,8,4));
#4950=IFCINDEXEDPOLYGONALFACE((4,8,5,1));
#4951=IFCPOLYGONALFACESET(#4944,.T.,(#4945,#4946,#4947,#4948,#4949,#4950),$);
#4952=IFCSHAPEREPRESENTATION(#11,'Body','Tessellation',(#4951));
#4953=IFCPRODUCTDEFINITIONSHAPE($,$,(#4952));
#4954=IFCCARTESIANPOINT((0.,0.,0.));
#4955=IFCAXIS2PLACEMENT3D(#4954,$,$);
#4956=IFCLOCALPLACEMENT(#69,#4955);
#4957=IFCCOVERING('0NXNjEMkfRgP4MEpF2TUvz',$,'R/2/-1#3',$,'gratschnitt',#4956,#4953,$,$);
#4958=IFCPROPERTYSINGLEVALUE('Stueckart',$,IFCLABEL('gratschnitt'),$);
#4959=IFCPROPERTYSINGLEVALUE('Motiv',$,IFCLABEL('R'),$);
#4960=IFCPROPERTYSINGLEVALUE('Rasterposition',$,IFCLABEL('R/2/-1'),$);
#4961=IFCPROPERTYSINGLEVALUE('Gefaelleflaeche',$,IFCLABEL('F3'),$);
#4962=IFCPROPERTYSINGLEVALUE('Rohling',$,IFCLABEL('S60x10#78'),$);
#4963=IFCPROPERTYSINGLEVALUE('Herkunft',$,IFCLABEL('neu'),$);
#4964=IFCPROPERTYSINGLEVALUE('Schnitte',$,IFCINTEGER(2),$);
#4965=IFCPROPERTYSINGLEVALUE('Schnittlaenge',$,IFCREAL(249.69999999999999),$);
#4966=IFCPROPERTYSINGLEVALUE('Schnittarten',$,IFCLABEL('gehrung,gratschnitt'),$);
#4967=IFCPROPERTYSET('1OWta1ombVYhV7tsmSJYBW',$,'HP_Fliesenstueck',$,(#4958,#4959,#4960,#4961,#4962,#4963,#4964,#4965,#4966));
#4968=IFCRELDEFINESBYPROPERTIES('04RsCQR8HKceA5o5SHuzdW',$,$,$,(#4957),#4967);
#4969=IFCQUANTITYLENGTH('Width',$,$,9.,$);
#4970=IFCQUANTITYAREA('NetArea',$,$,0.02836,$);
#4971=IFCELEMENTQUANTITY('0CAq3uPXrNX9unzHBNg1Ie',$,'Qto_CoveringBaseQuantities',$,$,(#4969,#4970));
#4972=IFCRELDEFINESBYPROPERTIES('1XZPh3fi9TJA0tMkRNfcHs',$,$,$,(#4957),#4971);
#4973=IFCCARTESIANPOINTLIST3D(((-834.96000000000004,741.99000000000001,16.725999999999999),(-1113.9200000000001,463.02999999999997,16.725999999999999),(-1188.51,493.92000000000002,17.844999999999999),(-1188.51,504.30000000000001,17.954999999999998),(-834.96000000000004,857.86000000000001,17.954999999999998),(-834.96000000000004,741.99000000000001,7.7259999999999991),(-1113.9200000000001,463.02999999999997,7.7259999999999991),(-1188.51,493.92000000000002,8.8449999999999989),(-1188.51,504.30000000000001,8.9549999999999983),(-834.96000000000004,857.86000000000001,8.9549999999999983)),$);
#4974=IFCINDEXEDPOLYGONALFACE((1,2,3,4,5));
#4975=IFCINDEXEDPOLYGONALFACE((10,9,8,7,6));
#4976=IFCINDEXEDPOLYGONALFACE((1,6,7,2));
#4977=IFCINDEXEDPOLYGONALFACE((2,7,8,3));
#4978=IFCINDEXEDPOLYGONALFACE((3,8,9,4));
#4979=IFCINDEXEDPOLYGONALFACE((4,9,10,5));
#4980=IFCINDEXEDPOLYGONALFACE((5,10,6,1));
#4981=IFCPOLYGONALFACESET(#4973,.T.,(#4974,#4975,#4976,#4977,#4978,#4979,#4980),$);
#4982=IFCSHAPEREPRESENTATION(#11,'Body','Tessellation',(#4981));
#4983=IFCPRODUCTDEFINITIONSHAPE($,$,(#4982));
#4984=IFCCARTESIANPOINT((0.,0.,0.));
#4985=IFCAXIS2PLACEMENT3D(#4984,$,$);
#4986=IFCLOCALPLACEMENT(#69,#4985);
#4987=IFCCOVERING('00N0oVDb9LKAJZumeF4__k',$,'R/2/-2#3',$,'gratschnitt',#4986,#4983,$,$);
#4988=IFCPROPERTYSINGLEVALUE('Stueckart',$,IFCLABEL('gratschnitt'),$);
#4989=IFCPROPERTYSINGLEVALUE('Motiv',$,IFCLABEL('R'),$);
#4990=IFCPROPERTYSINGLEVALUE('Rasterposition',$,IFCLABEL('R/2/-2'),$);
#4991=IFCPROPERTYSINGLEVALUE('Gefaelleflaeche',$,IFCLABEL('F3'),$);
#4992=IFCPROPERTYSINGLEVALUE('Rohling',$,IFCLABEL('S60x10#47'),$);
#4993=IFCPROPERTYSINGLEVALUE('Herkunft',$,IFCLABEL('neu'),$);
#4994=IFCPROPERTYSINGLEVALUE('Schnitte',$,IFCINTEGER(4),$);
#4995=IFCPROPERTYSINGLEVALUE('Schnittlaenge',$,IFCREAL(707.),$);
#4996=IFCPROPERTYSINGLEVALUE('Schnittarten',$,IFCLABEL('gerade,gehrung,gratschnitt'),$);
#4997=IFCPROPERTYSET('2cdhE7Zt5HTOckJ9IjHysf',$,'HP_Fliesenstueck',$,(#4988,#4989,#4990,#4991,#4992,#4993,#4994,#4995,#4996));
#4998=IFCRELDEFINESBYPROPERTIES('1TeM_$CA9Otewq44tWo_$Z',$,$,$,(#4987),#4997);
#4999=IFCQUANTITYLENGTH('Width',$,$,9.,$);
#5000=IFCQUANTITYAREA('NetArea',$,$,0.037031000000000001,$);
#5001=IFCELEMENTQUANTITY('1XX4jAj39HKfp03UvDSu$5',$,'Qto_CoveringBaseQuantities',$,$,(#4999,#5000));
#5002=IFCRELDEFINESBYPROPERTIES('2k8Xx2GY9UsvlPyFkpZUQr',$,$,$,(#4987),#5001);
#5003=IFCCARTESIANPOINTLIST3D(((-1188.51,388.44,17.827999999999999),(-1188.51,490.67000000000002,17.827999999999999),(-1116.22,460.73000000000002,16.742999999999999),(-1188.51,388.44,8.8279999999999994),(-1188.51,490.67000000000002,8.8279999999999994),(-1116.22,460.73000000000002,7.7429999999999986)),$);
#5004=IFCINDEXEDPOLYGONALFACE((1,2,3));
#5005=IFCINDEXEDPOLYGONALFACE((6,5,4));
#5006=IFCINDEXEDPOLYGONALFACE((1,4,5,2));
#5007=IFCINDEXEDPOLYGONALFACE((2,5,6,3));
#5008=IFCINDEXEDPOLYGONALFACE((3,6,4,1));
#5009=IFCPOLYGONALFACESET(#5003,.T.,(#5004,#5005,#5006,#5007,#5008),$);
#5010=IFCSHAPEREPRESENTATION(#11,'Body','Tessellation',(#5009));
#5011=IFCPRODUCTDEFINITIONSHAPE($,$,(#5010));
#5012=IFCCARTESIANPOINT((0.,0.,0.));
#5013=IFCAXIS2PLACEMENT3D(#5012,$,$);
#5014=IFCLOCALPLACEMENT(#69,#5013);
#5015=IFCCOVERING('1v4WsmVFTMCODYnShVDQWH',$,'R/2/-2#4',$,'gratschnitt',#5014,#5011,$,$);
#5016=IFCPROPERTYSINGLEVALUE('Stueckart',$,IFCLABEL('gratschnitt'),$);
#5017=IFCPROPERTYSINGLEVALUE('Motiv',$,IFCLABEL('R'),$);
#5018=IFCPROPERTYSINGLEVALUE('Rasterposition',$,IFCLABEL('R/2/-2'),$);
#5019=IFCPROPERTYSINGLEVALUE('Gefaelleflaeche',$,IFCLABEL('F4'),$);
#5020=IFCPROPERTYSINGLEVALUE('Rohling',$,IFCLABEL('S60x10#79'),$);
#5021=IFCPROPERTYSINGLEVALUE('Herkunft',$,IFCLABEL('reststueck'),$);
#5022=IFCPROPERTYSINGLEVALUE('Schnitte',$,IFCINTEGER(2),$);
#5023=IFCPROPERTYSINGLEVALUE('Schnittlaenge',$,IFCREAL(180.5),$);
#5024=IFCPROPERTYSINGLEVALUE('Schnittarten',$,IFCLABEL('gehrung,gratschnitt'),$);
#5025=IFCPROPERTYSET('1_PK_0ArvKAPzzIlUcEH3H',$,'HP_Fliesenstueck',$,(#5016,#5017,#5018,#5019,#5020,#5021,#5022,#5023,#5024));
#5026=IFCRELDEFINESBYPROPERTIES('08x63QkYbJyf2fFlJn6u13',$,$,$,(#5015),#5025);
#5027=IFCQUANTITYLENGTH('Width',$,$,9.,$);
#5028=IFCQUANTITYAREA('NetArea',$,$,0.0036949999999999999,$);
#5029=IFCELEMENTQUANTITY('2xm2NWRhXO9hZimaIrY46M',$,'Qto_CoveringBaseQuantities',$,$,(#5027,#5028));
#5030=IFCRELDEFINESBYPROPERTIES('0cSyabzC9GgA7kXHNp8yd0',$,$,$,(#5015),#5029);
#5031=IFCCARTESIANPOINTLIST3D(((237.69999999999999,388.44,6.641),(591.25999999999999,741.99000000000001,14.141),(591.25999999999999,883.40999999999997,15.641),(237.69999999999999,529.86000000000001,8.141),(237.69999999999999,388.44,-2.359),(591.25999999999999,741.99000000000001,5.141),(591.25999999999999,883.40999999999997,6.641),(237.69999999999999,529.86000000000001,-0.85899999999999999)),$);
#5032=IFCINDEXEDPOLYGONALFACE((1,2,3,4));
#5033=IFCINDEXEDPOLYGONALFACE((8,7,6,5));
#5034=IFCINDEXEDPOLYGONALFACE((1,5,6,2));
#5035=IFCINDEXEDPOLYGONALFACE((2,6,7,3));
#5036=IFCINDEXEDPOLYGONALFACE((3,7,8,4));
#5037=IFCINDEXEDPOLYGONALFACE((4,8,5,1));
#5038=IFCPOLYGONALFACESET(#5031,.T.,(#5032,#5033,#5034,#5035,#5036,#5037),$);
#5039=IFCSHAPEREPRESENTATION(#11,'Body','Tessellation',(#5038));
#5040=IFCPRODUCTDEFINITIONSHAPE($,$,(#5039));
#5041=IFCCARTESIANPOINT((0.,0.,0.));
#5042=IFCAXIS2PLACEMENT3D(#5041,$,$);
#5043=IFCLOCALPLACEMENT(#69,#5042);
#5044=IFCCOVERING('0UG4Dlhf9JCBD0FGboLbBI',$,'R/2/0#1',$,'gehrung',#5043,#5040,$,$);
#5045=IFCPROPERTYSINGLEVALUE('Stueckart',$,IFCLABEL('gehrung'),$);
#5046=IFCPROPERTYSINGLEVALUE('Motiv',$,IFCLABEL('R'),$);
#5047=IFCPROPERTYSINGLEVALUE('Rasterposition',$,IFCLABEL('R/2/0'),$);
#5048=IFCPROPERTYSINGLEVALUE('Gefaelleflaeche',$,IFCLABEL('F1'),$);
#5049=IFCPROPERTYSINGLEVALUE('Rohling',$,IFCLABEL('S60x10#15'),$);
#5050=IFCPROPERTYSINGLEVALUE('Herkunft',$,IFCLABEL('neu'),$);
#5051=IFCPROPERTYSINGLEVALUE('Schnitte',$,IFCINTEGER(2),$);
#5052=IFCPROPERTYSINGLEVALUE('Schnittlaenge',$,IFCREAL(282.80000000000001),$);
#5053=IFCPROPERTYSINGLEVALUE('Schnittarten',$,IFCLABEL('gehrung'),$);
#5054=IFCPROPERTYSET('09JC5FfQzNNeXDdSI38k9J',$,'HP_Fliesenstueck',$,(#5045,#5046,#5047,#5048,#5049,#5050,#5051,#5052,#5053));
#5055=IFCRELDEFINESBYPROPERTIES('1fiGmVtYXLcfopgF1KZt1M',$,$,$,(#5044),#5054);
#5056=IFCQUANTITYLENGTH('Width',$,$,9.,$);
#5057=IFCQUANTITYAREA('NetArea',$,$,0.050000000000000003,$);
#5058=IFCELEMENTQUANTITY('1zPs5aVKrT5AruxAI6Zmdm',$,'Qto_CoveringBaseQuantities',$,$,(#5056,#5057));
#5059=IFCRELDEFINESBYPROPERTIES('0GX5Omz$9R6huET90V2w5S',$,$,$,(#5044),#5058);
#5060=IFCCARTESIANPOINTLIST3D(((962.79999999999995,400.43000000000001,14.459),(950.80999999999995,395.45999999999998,14.279),(950.80999999999995,529.86000000000001,15.705),(1056.8800000000001,635.92999999999995,17.954999999999998),(1127.5899999999999,565.22000000000003,17.954999999999998),(962.79999999999995,400.43000000000001,5.4589999999999996),(950.80999999999995,395.45999999999998,5.2789999999999999),(950.80999999999995,529.86000000000001,6.7050000000000001),(1056.8800000000001,635.92999999999995,8.9549999999999983),(1127.5899999999999,565.22000000000003,8.9549999999999983)),$);
#5061=IFCINDEXEDPOLYGONALFACE((1,2,3,4,5));
#5062=IFCINDEXEDPOLYGONALFACE((10,9,8,7,6));
#5063=IFCINDEXEDPOLYGONALFACE((1,6,7,2));
#5064=IFCINDEXEDPOLYGONALFACE((2,7,8,3));
#5065=IFCINDEXEDPOLYGONALFACE((3,8,9,4));
#5066=IFCINDEXEDPOLYGONALFACE((4,9,10,5));
#5067=IFCINDEXEDPOLYGONALFACE((5,10,6,1));
#5068=IFCPOLYGONALFACESET(#5060,.T.,(#5061,#5062,#5063,#5064,#5065,#5066,#5067),$);
#5069=IFCSHAPEREPRESENTATION(#11,'Body','Tessellation',(#5068));
#5070=IFCPRODUCTDEFINITIONSHAPE($,$,(#5069));
#5071=IFCCARTESIANPOINT((0.,0.,0.));
#5072=IFCAXIS2PLACEMENT3D(#5071,$,$);
#5073=IFCLOCALPLACEMENT(#69,#5072);
#5074=IFCCOVERING('0DJK1zzKfSQP$eh0JE_5kB',$,'R/2/1#1',$,'gratschnitt',#5073,#5070,$,$);
#5075=IFCPROPERTYSINGLEVALUE('Stueckart',$,IFCLABEL('gratschnitt'),$);
#5076=IFCPROPERTYSINGLEVALUE('Motiv',$,IFCLABEL('R'),$);
#5077=IFCPROPERTYSINGLEVALUE('Rasterposition',$,IFCLABEL('R/2/1'),$);
#5078=IFCPROPERTYSINGLEVALUE('Gefaelleflaeche',$,IFCLABEL('F1'),$);
#5079=IFCPROPERTYSINGLEVALUE('Rohling',$,IFCLABEL('S60x10#83'),$);
#5080=IFCPROPERTYSINGLEVALUE('Herkunft',$,IFCLABEL('reststueck'),$);
#5081=IFCPROPERTYSINGLEVALUE('Schnitte',$,IFCINTEGER(3),$);
#5082=IFCPROPERTYSINGLEVALUE('Schnittlaenge',$,IFCREAL(247.40000000000001),$);
#5083=IFCPROPERTYSINGLEVALUE('Schnittarten',$,IFCLABEL('gerade,gehrung,gratschnitt'),$);
#5084=IFCPROPERTYSET('2WqTjjm6PSRBzaIEz_SIjj',$,'HP_Fliesenstueck',$,(#5075,#5076,#5077,#5078,#5079,#5080,#5081,#5082,#5083));
#5085=IFCRELDEFINESBYPROPERTIES('2s46PZCq9MSOtjmCp4Wv_j',$,$,$,(#5074),#5084);
#5086=IFCQUANTITYLENGTH('Width',$,$,9.,$);
#5087=IFCQUANTITYAREA('NetArea',$,$,0.019959000000000001,$);
#5088=IFCELEMENTQUANTITY('0AiJmBzyPGpg8zYhOnMcf6',$,'Qto_CoveringBaseQuantities',$,$,(#5086,#5087));
#5089=IFCRELDEFINESBYPROPERTIES('1SM99Q5j1HpunCrTupxien',$,$,$,(#5074),#5088);
#5090=IFCCARTESIANPOINTLIST3D(((-121.84999999999999,1029.0799999999999,15.436),(-121.84999999999999,887.64999999999998,13.315),(-294.52999999999997,714.98000000000002,10.725),(-335.94999999999999,814.98000000000002,12.225),(-121.84999999999999,1029.0799999999999,6.4359999999999999),(-121.84999999999999,887.64999999999998,4.3149999999999995),(-294.52999999999997,714.98000000000002,1.7249999999999996),(-335.94999999999999,814.98000000000002,3.2249999999999996)),$);
#5091=IFCINDEXEDPOLYGONALFACE((1,2,3,4));
#5092=IFCINDEXEDPOLYGONALFACE((8,7,6,5));
#5093=IFCINDEXEDPOLYGONALFACE((1,5,6,2));
#5094=IFCINDEXEDPOLYGONALFACE((2,6,7,3));
#5095=IFCINDEXEDPOLYGONALFACE((3,7,8,4));
#5096=IFCINDEXEDPOLYGONALFACE((4,8,5,1));
#5097=IFCPOLYGONALFACESET(#5090,.T.,(#5091,#5092,#5093,#5094,#5095,#5096),$);
#5098=IFCSHAPEREPRESENTATION(#11,'Body','Tessellation',(#5097));
#5099=IFCPRODUCTDEFINITIONSHAPE($,$,(#5098));
#5100=IFCCARTESIANPOINT((0.,0.,0.));
#5101=IFCAXIS2PLACEMENT3D(#5100,$,$);
#5102=IFCLOCALPLACEMENT(#69,#5101);
#5103=IFCCOVERING('2NyevoGp1PwwyvfiutVcP3',$,'R/3/-1#2',$,'gratschnitt',#5102,#5099,$,$);
#5104=IFCPROPERTYSINGLEVALUE('Stueckart',$,IFCLABEL('gratschnitt'),$);
#5105=IFCPROPERTYSINGLEVALUE('Motiv',$,IFCLABEL('R'),$);
#5106=IFCPROPERTYSINGLEVALUE('Rasterposition',$,IFCLABEL('R/3/-1'),$);
#5107=IFCPROPERTYSINGLEVALUE('Gefaelleflaeche',$,IFCLABEL('F2'),$);
#5108=IFCPROPERTYSINGLEVALUE('Rohling',$,IFCLABEL('S60x10#82'),$);
#5109=IFCPROPERTYSINGLEVALUE('Herkunft',$,IFCLABEL('neu'),$);
#5110=IFCPROPERTYSINGLEVALUE('Schnitte',$,IFCINTEGER(2),$);
#5111=IFCPROPERTYSINGLEVALUE('Schnittlaenge',$,IFCREAL(249.69999999999999),$);
#5112=IFCPROPERTYSINGLEVALUE('Schnittarten',$,IFCLABEL('gehrung,gratschnitt'),$);
#5113=IFCPROPERTYSET('2WLyKB8CXIpOsh12BpOROh',$,'HP_Fliesenstueck',$,(#5104,#5105,#5106,#5107,#5108,#5109,#5110,#5111,#5112));
#5114=IFCRELDEFINESBYPROPERTIES('2oRavrkQnNl9EaDpgwbbuS',$,$,$,(#5103),#5113);
#5115=IFCQUANTITYLENGTH('Width',$,$,9.,$);
#5116=IFCQUANTITYAREA('NetArea',$,$,0.027348999999999998,$);
#5117=IFCELEMENTQUANTITY('2GT1NrFXnK0AldQFgoPHC0',$,'Qto_CoveringBaseQuantities',$,$,(#5115,#5116));
#5118=IFCRELDEFINESBYPROPERTIES('1lQvPdAA1Lr9PDYJvC7c5G',$,$,$,(#5103),#5117);
#5119=IFCCARTESIANPOINTLIST3D(((-475.39999999999998,534.10000000000002,10.707000000000001),(-475.39999999999998,675.51999999999998,12.207000000000001),(-338.25,812.67999999999995,12.207000000000001),(-296.82999999999998,712.67999999999995,10.707000000000001),(-475.39999999999998,534.10000000000002,1.7070000000000007),(-475.39999999999998,675.51999999999998,3.2070000000000007),(-338.25,812.67999999999995,3.2070000000000007),(-296.82999999999998,712.67999999999995,1.7070000000000007)),$);
#5120=IFCINDEXEDPOLYGONALFACE((1,2,3,4));
#5121=IFCINDEXEDPOLYGONALFACE((8,7,6,5));
#5122=IFCINDEXEDPOLYGONALFACE((1,5,6,2));
#5123=IFCINDEXEDPOLYGONALFACE((2,6,7,3));
#5124=IFCINDEXEDPOLYGONALFACE((3,7,8,4));
#5125=IFCINDEXEDPOLYGONALFACE((4,8,5,1));
#5126=IFCPOLYGONALFACESET(#5119,.T.,(#5120,#5121,#5122,#5123,#5124,#5125),$);
#5127=IFCSHAPEREPRESENTATION(#11,'Body','Tessellation',(#5126));
#5128=IFCPRODUCTDEFINITIONSHAPE($,$,(#5127));
#5129=IFCCARTESIANPOINT((0.,0.,0.));
#5130=IFCAXIS2PLACEMENT3D(#5129,$,$);
#5131=IFCLOCALPLACEMENT(#69,#5130);
#5132=IFCCOVERING('0cho$26VzUmOKWlXbsfAbe',$,'R/3/-1#3',$,'gratschnitt',#5131,#5128,$,$);
#5133=IFCPROPERTYSINGLEVALUE('Stueckart',$,IFCLABEL('gratschnitt'),$);
#5134=IFCPROPERTYSINGLEVALUE('Motiv',$,IFCLABEL('R'),$);
#5135=IFCPROPERTYSINGLEVALUE('Rasterposition',$,IFCLABEL('R/3/-1'),$);
#5136=IFCPROPERTYSINGLEVALUE('Gefaelleflaeche',$,IFCLABEL('F3'),$);
#5137=IFCPROPERTYSINGLEVALUE('Rohling',$,IFCLABEL('S60x10#81'),$);
#5138=IFCPROPERTYSINGLEVALUE('Herkunft',$,IFCLABEL('reststueck'),$);
#5139=IFCPROPERTYSINGLEVALUE('Schnitte',$,IFCINTEGER(2),$);
#5140=IFCPROPERTYSINGLEVALUE('Schnittlaenge',$,IFCREAL(249.69999999999999),$);
#5141=IFCPROPERTYSINGLEVALUE('Schnittarten',$,IFCLABEL('gehrung,gratschnitt'),$);
#5142=IFCPROPERTYSET('26asvqfLPL_hIEkk1snap7',$,'HP_Fliesenstueck',$,(#5133,#5134,#5135,#5136,#5137,#5138,#5139,#5140,#5141));
#5143=IFCRELDEFINESBYPROPERTIES('3rSm3OXb1TH8$fiAVYZOCW',$,$,$,(#5132),#5142);
#5144=IFCQUANTITYLENGTH('Width',$,$,9.,$);
#5145=IFCQUANTITYAREA('NetArea',$,$,0.022325999999999999,$);
#5146=IFCELEMENTQUANTITY('0yIef4rFfI38PHL_7lXGUZ',$,'Qto_CoveringBaseQuantities',$,$,(#5144,#5145));
#5147=IFCRELDEFINESBYPROPERTIES('2mbhjLA2fNHv6X2kOohPqO',$,$,$,(#5132),#5146);
#5148=IFCCARTESIANPOINTLIST3D(((591.25999999999999,1029.0799999999999,17.186),(591.25999999999999,887.64999999999998,15.686),(237.69999999999999,534.10000000000002,8.1859999999999999),(237.69999999999999,569.94000000000005,8.5660000000000007),(312.36000000000001,750.17999999999995,11.27),(591.25999999999999,1029.0799999999999,8.1859999999999999),(591.25999999999999,887.64999999999998,6.6859999999999999),(237.69999999999999,534.10000000000002,-0.81400000000000006),(237.69999999999999,569.94000000000005,-0.43399999999999928),(312.36000000000001,750.17999999999995,2.2699999999999996)),$);
#5149=IFCINDEXEDPOLYGONALFACE((1,2,3,4,5));
#5150=IFCINDEXEDPOLYGONALFACE((10,9,8,7,6));
#5151=IFCINDEXEDPOLYGONALFACE((1,6,7,2));
#5152=IFCINDEXEDPOLYGONALFACE((2,7,8,3));
#5153=IFCINDEXEDPOLYGONALFACE((3,8,9,4));
#5154=IFCINDEXEDPOLYGONALFACE((4,9,10,5));
#5155=IFCINDEXEDPOLYGONALFACE((5,10,6,1));
#5156=IFCPOLYGONALFACESET(#5148,.T.,(#5149,#5150,#5151,#5152,#5153,#5154,#5155),$);
#5157=IFCSHAPEREPRESENTATION(#11,'Body','Tessellation',(#5156));
#5158=IFCPRODUCTDEFINITIONSHAPE($,$,(#5157));
#5159=IFCCARTESIANPOINT((0.,0.,0.));
#5160=IFCAXIS2PLACEMENT3D(#5159,$,$);
#5161=IFCLOCALPLACEMENT(#69,#5160);
#5162=IFCCOVERING('3y6O04GaLLTBcN4XWQVImb',$,'R/3/0#1',$,'gratschnitt',#5161,#5158,$,$);
#5163=IFCPROPERTYSINGLEVALUE('Stueckart',$,IFCLABEL('gratschnitt'),$);
#5164=IFCPROPERTYSINGLEVALUE('Motiv',$,IFCLABEL('R'),$);
#5165=IFCPROPERTYSINGLEVALUE('Rasterposition',$,IFCLABEL('R/3/0'),$);
#5166=IFCPROPERTYSINGLEVALUE('Gefaelleflaeche',$,IFCLABEL('F1'),$);
#5167=IFCPROPERTYSINGLEVALUE('Rohling',$,IFCLABEL('S60x10#29'),$);
#5168=IFCPROPERTYSINGLEVALUE('Herkunft',$,IFCLABEL('neu'),$);
#5169=IFCPROPERTYSINGLEVALUE('Schnitte',$,IFCINTEGER(3),$);
#5170=IFCPROPERTYSINGLEVALUE('Schnittlaenge',$,IFCREAL(372.30000000000001),$);
#5171=IFCPROPERTYSINGLEVALUE('Schnittarten',$,IFCLABEL('gehrung,gratschnitt'),$);
#5172=IFCPROPERTYSET('1snbcHI_zVZvlnwtRYOyKo',$,'HP_Fliesenstueck',$,(#5163,#5164,#5165,#5166,#5167,#5168,#5169,#5170,#5171));
#5173=IFCRELDEFINESBYPROPERTIES('1a_NCzXOvGLOzUG8u7pirX',$,$,$,(#5162),#5172);
#5174=IFCQUANTITYLENGTH('Width',$,$,9.,$);
#5175=IFCQUANTITYAREA('NetArea',$,$,0.046059000000000003,$);
#5176=IFCELEMENTQUANTITY('1SSpYz_mDSCh3yZKvb4f6M',$,'Qto_CoveringBaseQuantities',$,$,(#5174,#5175));
#5177=IFCRELDEFINESBYPROPERTIES('21JZIkeBbKZx$phKBczLrs',$,$,$,(#5162),#5176);
#5178=IFCCARTESIANPOINTLIST3D(((237.69999999999999,675.51999999999998,10.132999999999999),(306.81,744.63,11.17),(237.69999999999999,577.77999999999997,8.6669999999999998),(237.69999999999999,675.51999999999998,1.1329999999999991),(306.81,744.63,2.1699999999999999),(237.69999999999999,577.77999999999997,-0.33300000000000018)),$);
#5179=IFCINDEXEDPOLYGONALFACE((1,2,3));
#5180=IFCINDEXEDPOLYGONALFACE((6,5,4));
#5181=IFCINDEXEDPOLYGONALFACE((1,4,5,2));
#5182=IFCINDEXEDPOLYGONALFACE((2,5,6,3));
#5183=IFCINDEXEDPOLYGONALFACE((3,6,4,1));
#5184=IFCPOLYGONALFACESET(#5178,.T.,(#5179,#5180,#5181,#5182,#5183),$);
#5185=IFCSHAPEREPRESENTATION(#11,'Body','Tessellation',(#5184));
#5186=IFCPRODUCTDEFINITIONSHAPE($,$,(#5185));
#5187=IFCCARTESIANPOINT((0.,0.,0.));
#5188=IFCAXIS2PLACEMENT3D(#5187,$,$);
#5189=IFCLOCALPLACEMENT(#69,#5188);
#5190=IFCCOVERING('2sD42rerTKi9HT_xwCJfNt',$,'R/3/0#2',$,'gratschnitt',#5189,#5186,$,$);
#5191=IFCPROPERTYSINGLEVALUE('Stueckart',$,IFCLABEL('gratschnitt'),$);
#5192=IFCPROPERTYSINGLEVALUE('Motiv',$,IFCLABEL('R'),$);
#5193=IFCPROPERTYSINGLEVALUE('Rasterposition',$,IFCLABEL('R/3/0'),$);
#5194=IFCPROPERTYSINGLEVALUE('Gefaelleflaeche',$,IFCLABEL('F2'),$);
#5195=IFCPROPERTYSINGLEVALUE('Rohling',$,IFCLABEL('S60x10#29'),$);
#5196=IFCPROPERTYSINGLEVALUE('Herkunft',$,IFCLABEL('reststueck'),$);
#5197=IFCPROPERTYSINGLEVALUE('Schnitte',$,IFCINTEGER(2),$);
#5198=IFCPROPERTYSINGLEVALUE('Schnittlaenge',$,IFCREAL(278.30000000000001),$);
#5199=IFCPROPERTYSINGLEVALUE('Schnittarten',$,IFCLABEL('gehrung,gratschnitt'),$);
#5200=IFCPROPERTYSET('27erj$py9RjgcrCghH$Us7',$,'HP_Fliesenstueck',$,(#5191,#5192,#5193,#5194,#5195,#5196,#5197,#5198,#5199));
#5201=IFCRELDEFINESBYPROPERTIES('3j0bewtXnNfgVshsdrGzxG',$,$,$,(#5190),#5200);
#5202=IFCQUANTITYLENGTH('Width',$,$,9.,$);
#5203=IFCQUANTITYAREA('NetArea',$,$,0.0033769999999999998,$);
#5204=IFCELEMENTQUANTITY('3ZILSbnMHIqBcY$3E79GOq',$,'Qto_CoveringBaseQuantities',$,$,(#5202,#5203));
#5205=IFCRELDEFINESBYPROPERTIES('1ebhFEaSrTmRl$eJMTVkDh',$,$,$,(#5190),#5204);
#5206=IFCCARTESIANPOINTLIST3D(((950.80999999999995,534.10000000000002,15.75),(950.80999999999995,675.51999999999998,17.25),(984.04999999999995,708.75999999999999,17.954999999999998),(1054.76,638.04999999999995,17.954999999999998),(950.80999999999995,534.10000000000002,6.75),(950.80999999999995,675.51999999999998,8.25),(984.04999999999995,708.75999999999999,8.9549999999999983),(1054.76,638.04999999999995,8.9549999999999983)),$);
#5207=IFCINDEXEDPOLYGONALFACE((1,2,3,4));
#5208=IFCINDEXEDPOLYGONALFACE((8,7,6,5));
#5209=IFCINDEXEDPOLYGONALFACE((1,5,6,2));
#5210=IFCINDEXEDPOLYGONALFACE((2,6,7,3));
#5211=IFCINDEXEDPOLYGONALFACE((3,7,8,4));
#5212=IFCINDEXEDPOLYGONALFACE((4,8,5,1));
#5213=IFCPOLYGONALFACESET(#5206,.T.,(#5207,#5208,#5209,#5210,#5211,#5212),$);
#5214=IFCSHAPEREPRESENTATION(#11,'Body','Tessellation',(#5213));
#5215=IFCPRODUCTDEFINITIONSHAPE($,$,(#5214));
#5216=IFCCARTESIANPOINT((0.,0.,0.));
#5217=IFCAXIS2PLACEMENT3D(#5216,$,$);
#5218=IFCLOCALPLACEMENT(#69,#5217);
#5219=IFCCOVERING('1ZcERWtRvRGuF6FuJdXrTz',$,'R/3/1#1',$,'gehrung',#5218,#5215,$,$);
#5220=IFCPROPERTYSINGLEVALUE('Stueckart',$,IFCLABEL('gehrung'),$);
#5221=IFCPROPERTYSINGLEVALUE('Motiv',$,IFCLABEL('R'),$);
#5222=IFCPROPERTYSINGLEVALUE('Rasterposition',$,IFCLABEL('R/3/1'),$);
#5223=IFCPROPERTYSINGLEVALUE('Gefaelleflaeche',$,IFCLABEL('F1'),$);
#5224=IFCPROPERTYSINGLEVALUE('Rohling',$,IFCLABEL('S60x10#55'),$);
#5225=IFCPROPERTYSINGLEVALUE('Herkunft',$,IFCLABEL('reststueck'),$);
#5226=IFCPROPERTYSINGLEVALUE('Schnitte',$,IFCINTEGER(2),$);
#5227=IFCPROPERTYSINGLEVALUE('Schnittlaenge',$,IFCREAL(241.40000000000001),$);
#5228=IFCPROPERTYSINGLEVALUE('Schnittarten',$,IFCLABEL('gerade,gehrung'),$);
#5229=IFCPROPERTYSET('3XDhye_gfQOe1ENS71AbD7',$,'HP_Fliesenstueck',$,(#5220,#5221,#5222,#5223,#5224,#5225,#5226,#5227,#5228));
#5230=IFCRELDEFINESBYPROPERTIES('2OBt56qCTSnwdMDIOO2dfl',$,$,$,(#5219),#5229);
#5231=IFCQUANTITYLENGTH('Width',$,$,9.,$);
#5232=IFCQUANTITYAREA('NetArea',$,$,0.0097009999999999996,$);
#5233=IFCELEMENTQUANTITY('0QumnoognMbPf6PajeDVIK',$,'Qto_CoveringBaseQuantities',$,$,(#5231,#5232));
#5234=IFCRELDEFINESBYPROPERTIES('0G43PuoDvQMgcQEEFNiJrW',$,$,$,(#5219),#5233);
#5235=IFCCARTESIANPOINTLIST3D(((-121.84999999999999,1174.74,17.620999999999999),(-121.84999999999999,1033.3199999999999,15.5),(-337.19,817.98000000000002,12.27),(-378.61000000000001,917.98000000000002,13.77),(-121.84999999999999,1174.74,8.6209999999999987),(-121.84999999999999,1033.3199999999999,6.5),(-337.19,817.98000000000002,3.2699999999999996),(-378.61000000000001,917.98000000000002,4.7699999999999996)),$);
#5236=IFCINDEXEDPOLYGONALFACE((1,2,3,4));
#5237=IFCINDEXEDPOLYGONALFACE((8,7,6,5));
#5238=IFCINDEXEDPOLYGONALFACE((1,5,6,2));
#5239=IFCINDEXEDPOLYGONALFACE((2,6,7,3));
#5240=IFCINDEXEDPOLYGONALFACE((3,7,8,4));
#5241=IFCINDEXEDPOLYGONALFACE((4,8,5,1));
#5242=IFCPOLYGONALFACESET(#5235,.T.,(#5236,#5237,#5238,#5239,#5240,#5241),$);
#5243=IFCSHAPEREPRESENTATION(#11,'Body','Tessellation',(#5242));
#5244=IFCPRODUCTDEFINITIONSHAPE($,$,(#5243));
#5245=IFCCARTESIANPOINT((0.,0.,0.));
#5246=IFCAXIS2PLACEMENT3D(#5245,$,$);
#5247=IFCLOCALPLACEMENT(#69,#5246);
#5248=IFCCOVERING('1oJ3PuBkXPWQjv9AuT1mv$',$,'R/4/-1#2',$,'gratschnitt',#5247,#5244,$,$);
#5249=IFCPROPERTYSINGLEVALUE('Stueckart',$,IFCLABEL('gratschnitt'),$);
#5250=IFCPROPERTYSINGLEVALUE('Motiv',$,IFCLABEL('R'),$);
#5251=IFCPROPERTYSINGLEVALUE('Rasterposition',$,IFCLABEL('R/4/-1'),$);
#5252=IFCPROPERTYSINGLEVALUE('Gefaelleflaeche',$,IFCLABEL('F2'),$);
#5253=IFCPROPERTYSINGLEVALUE('Rohling',$,IFCLABEL('S60x10#59'),$);
#5254=IFCPROPERTYSINGLEVALUE('Herkunft',$,IFCLABEL('neu'),$);
#5255=IFCPROPERTYSINGLEVALUE('Schnitte',$,IFCINTEGER(2),$);
#5256=IFCPROPERTYSINGLEVALUE('Schnittlaenge',$,IFCREAL(249.69999999999999),$);
#5257=IFCPROPERTYSINGLEVALUE('Schnittarten',$,IFCLABEL('gehrung,gratschnitt'),$);
#5258=IFCPROPERTYSET('2c4jZ$H7jI5ebYL58zENMV',$,'HP_Fliesenstueck',$,(#5249,#5250,#5251,#5252,#5253,#5254,#5255,#5256,#5257));
#5259=IFCRELDEFINESBYPROPERTIES('2zofbaDlfQIOwmo_H2rcu8',$,$,$,(#5248),#5258);
#5260=IFCQUANTITYLENGTH('Width',$,$,9.,$);
#5261=IFCQUANTITYAREA('NetArea',$,$,0.033383000000000003,$);
#5262=IFCELEMENTQUANTITY('0JcQQDUn5MhepHCUuvcaWO',$,'Qto_CoveringBaseQuantities',$,$,(#5260,#5261));
#5263=IFCRELDEFINESBYPROPERTIES('0QucEck9PLKuJ6NPePtqof',$,$,$,(#5248),#5262);
#5264=IFCCARTESIANPOINTLIST3D(((-475.39999999999998,679.76999999999998,12.252000000000001),(-475.39999999999998,821.19000000000005,13.752000000000001),(-380.91000000000003,915.67999999999995,13.752000000000001),(-339.49000000000001,815.67999999999995,12.252000000000001),(-475.39999999999998,679.76999999999998,3.2520000000000007),(-475.39999999999998,821.19000000000005,4.7520000000000007),(-380.91000000000003,915.67999999999995,4.7520000000000007),(-339.49000000000001,815.67999999999995,3.2520000000000007)),$);
#5265=IFCINDEXEDPOLYGONALFACE((1,2,3,4));
#5266=IFCINDEXEDPOLYGONALFACE((8,7,6,5));
#5267=IFCINDEXEDPOLYGONALFACE((1,5,6,2));
#5268=IFCINDEXEDPOLYGONALFACE((2,6,7,3));
#5269=IFCINDEXEDPOLYGONALFACE((3,7,8,4));
#5270=IFCINDEXEDPOLYGONALFACE((4,8,5,1));
#5271=IFCPOLYGONALFACESET(#5264,.T.,(#5265,#5266,#5267,#5268,#5269,#5270),$);
#5272=IFCSHAPEREPRESENTATION(#11,'Body','Tessellation',(#5271));
#5273=IFCPRODUCTDEFINITIONSHAPE($,$,(#5272));
#5274=IFCCARTESIANPOINT((0.,0.,0.));
#5275=IFCAXIS2PLACEMENT3D(#5274,$,$);
#5276=IFCLOCALPLACEMENT(#69,#5275);
#5277=IFCCOVERING('3w$9e2IR9VI8qUvs826oLR',$,'R/4/-1#3',$,'gratschnitt',#5276,#5273,$,$);
#5278=IFCPROPERTYSINGLEVALUE('Stueckart',$,IFCLABEL('gratschnitt'),$);
#5279=IFCPROPERTYSINGLEVALUE('Motiv',$,IFCLABEL('R'),$);
#5280=IFCPROPERTYSINGLEVALUE('Rasterposition',$,IFCLABEL('R/4/-1'),$);
#5281=IFCPROPERTYSINGLEVALUE('Gefaelleflaeche',$,IFCLABEL('F3'),$);
#5282=IFCPROPERTYSINGLEVALUE('Rohling',$,IFCLABEL('S60x10#59'),$);
#5283=IFCPROPERTYSINGLEVALUE('Herkunft',$,IFCLABEL('reststueck'),$);
#5284=IFCPROPERTYSINGLEVALUE('Schnitte',$,IFCINTEGER(2),$);
#5285=IFCPROPERTYSINGLEVALUE('Schnittlaenge',$,IFCREAL(249.69999999999999),$);
#5286=IFCPROPERTYSINGLEVALUE('Schnittarten',$,IFCLABEL('gehrung,gratschnitt'),$);
#5287=IFCPROPERTYSET('0oEuxf_7LUaQR18d5d7Sfd',$,'HP_Fliesenstueck',$,(#5278,#5279,#5280,#5281,#5282,#5283,#5284,#5285,#5286));
#5288=IFCRELDEFINESBYPROPERTIES('0gBDz1RbnJ8BPbDLbR7NZ4',$,$,$,(#5277),#5287);
#5289=IFCQUANTITYLENGTH('Width',$,$,9.,$);
#5290=IFCQUANTITYAREA('NetArea',$,$,0.016292000000000001,$);
#5291=IFCELEMENTQUANTITY('0AQt7ccSPRi9uH_At20YU0',$,'Qto_CoveringBaseQuantities',$,$,(#5289,#5290));
#5292=IFCRELDEFINESBYPROPERTIES('0z85mx3s1R$8Xu_6Ldqq$h',$,$,$,(#5277),#5291);
#5293=IFCCARTESIANPOINTLIST3D(((591.25999999999999,1033.3199999999999,17.231000000000002),(315.36000000000001,757.41999999999996,11.379),(415.36000000000001,998.84000000000003,15.),(554.65999999999997,1138.1500000000001,17.954999999999998),(591.25999999999999,1101.5599999999999,17.954999999999998),(591.25999999999999,1033.3199999999999,8.2310000000000016),(315.36000000000001,757.41999999999996,2.3789999999999996),(415.36000000000001,998.84000000000003,6.),(554.65999999999997,1138.1500000000001,8.9549999999999983),(591.25999999999999,1101.5599999999999,8.9549999999999983)),$);
#5294=IFCINDEXEDPOLYGONALFACE((1,2,3,4,5));
#5295=IFCINDEXEDPOLYGONALFACE((10,9,8,7,6));
#5296=IFCINDEXEDPOLYGONALFACE((1,6,7,2));
#5297=IFCINDEXEDPOLYGONALFACE((2,7,8,3));
#5298=IFCINDEXEDPOLYGONALFACE((3,8,9,4));
#5299=IFCINDEXEDPOLYGONALFACE((4,9,10,5));
#5300=IFCINDEXEDPOLYGONALFACE((5,10,6,1));
#5301=IFCPOLYGONALFACESET(#5293,.T.,(#5294,#5295,#5296,#5297,#5298,#5299,#5300),$);
#5302=IFCSHAPEREPRESENTATION(#11,'Body','Tessellation',(#5301));
#5303=IFCPRODUCTDEFINITIONSHAPE($,$,(#5302));
#5304=IFCCARTESIANPOINT((0.,0.,0.));
#5305=IFCAXIS2PLACEMENT3D(#5304,$,$);
#5306=IFCLOCALPLACEMENT(#69,#5305);
#5307=IFCCOVERING('1O9nJtCe1Hrh$$J5mF5eZe',$,'R/4/0#1',$,'gratschnitt',#5306,#5303,$,$);
#5308=IFCPROPERTYSINGLEVALUE('Stueckart',$,IFCLABEL('gratschnitt'),$);
#5309=IFCPROPERTYSINGLEVALUE('Motiv',$,IFCLABEL('R'),$);
#5310=IFCPROPERTYSINGLEVALUE('Rasterposition',$,IFCLABEL('R/4/0'),$);
#5311=IFCPROPERTYSINGLEVALUE('Gefaelleflaeche',$,IFCLABEL('F1'),$);
#5312=IFCPROPERTYSINGLEVALUE('Rohling',$,IFCLABEL('S60x10#75'),$);
#5313=IFCPROPERTYSINGLEVALUE('Herkunft',$,IFCLABEL('neu'),$);
#5314=IFCPROPERTYSINGLEVALUE('Schnitte',$,IFCINTEGER(3),$);
#5315=IFCPROPERTYSINGLEVALUE('Schnittlaenge',$,IFCREAL(381.30000000000001),$);
#5316=IFCPROPERTYSINGLEVALUE('Schnittarten',$,IFCLABEL('gerade,gehrung,gratschnitt'),$);
#5317=IFCPROPERTYSET('1lrIxEysHSl8YfdpcW3wq$',$,'HP_Fliesenstueck',$,(#5308,#5309,#5310,#5311,#5312,#5313,#5314,#5315,#5316));
#5318=IFCRELDEFINESBYPROPERTIES('3wvGqU5mvSGhUU9OzNib9W',$,$,$,(#5307),#5317);
#5319=IFCQUANTITYLENGTH('Width',$,$,9.,$);
#5320=IFCQUANTITYAREA('NetArea',$,$,0.030608,$);
#5321=IFCELEMENTQUANTITY('2tiMC7e69R6wgx$NT_w0th',$,'Qto_CoveringBaseQuantities',$,$,(#5319,#5320));
#5322=IFCRELDEFINESBYPROPERTIES('2GLfMtNDXGSeLr9_beImoI',$,$,$,(#5307),#5321);
#5323=IFCCARTESIANPOINTLIST3D(((237.69999999999999,679.76999999999998,10.196),(237.69999999999999,821.19000000000005,12.318),(409.81,993.29999999999995,14.898999999999999),(309.81,751.88,11.278),(237.69999999999999,679.76999999999998,1.1959999999999997),(237.69999999999999,821.19000000000005,3.3179999999999996),(409.81,993.29999999999995,5.8989999999999991),(309.81,751.88,2.2780000000000005)),$);
#5324=IFCINDEXEDPOLYGONALFACE((1,2,3,4));
#5325=IFCINDEXEDPOLYGONALFACE((8,7,6,5));
#5326=IFCINDEXEDPOLYGONALFACE((1,5,6,2));
#5327=IFCINDEXEDPOLYGONALFACE((2,6,7,3));
#5328=IFCINDEXEDPOLYGONALFACE((3,7,8,4));
#5329=IFCINDEXEDPOLYGONALFACE((4,8,5,1));
#5330=IFCPOLYGONALFACESET(#5323,.T.,(#5324,#5325,#5326,#5327,#5328,#5329),$);
#5331=IFCSHAPEREPRESENTATION(#11,'Body','Tessellation',(#5330));
#5332=IFCPRODUCTDEFINITIONSHAPE($,$,(#5331));
#5333=IFCCARTESIANPOINT((0.,0.,0.));
#5334=IFCAXIS2PLACEMENT3D(#5333,$,$);
#5335=IFCLOCALPLACEMENT(#69,#5334);
#5336=IFCCOVERING('359BF8rYPMpvENvOCi6u3Y',$,'R/4/0#2',$,'gratschnitt',#5335,#5332,$,$);
#5337=IFCPROPERTYSINGLEVALUE('Stueckart',$,IFCLABEL('gratschnitt'),$);
#5338=IFCPROPERTYSINGLEVALUE('Motiv',$,IFCLABEL('R'),$);
#5339=IFCPROPERTYSINGLEVALUE('Rasterposition',$,IFCLABEL('R/4/0'),$);
#5340=IFCPROPERTYSINGLEVALUE('Gefaelleflaeche',$,IFCLABEL('F2'),$);
#5341=IFCPROPERTYSINGLEVALUE('Rohling',$,IFCLABEL('S60x10#75'),$);
#5342=IFCPROPERTYSINGLEVALUE('Herkunft',$,IFCLABEL('reststueck'),$);
#5343=IFCPROPERTYSINGLEVALUE('Schnitte',$,IFCINTEGER(2),$);
#5344=IFCPROPERTYSINGLEVALUE('Schnittlaenge',$,IFCREAL(402.69999999999999),$);
#5345=IFCPROPERTYSINGLEVALUE('Schnittarten',$,IFCLABEL('gehrung,gratschnitt'),$);
#5346=IFCPROPERTYSET('33f5uP55fVhvCo7NFNjdyL',$,'HP_Fliesenstueck',$,(#5337,#5338,#5339,#5340,#5341,#5342,#5343,#5344,#5345));
#5347=IFCRELDEFINESBYPROPERTIES('3v$qbBR5fItP19BW$554C6',$,$,$,(#5336),#5346);
#5348=IFCQUANTITYLENGTH('Width',$,$,9.,$);
#5349=IFCQUANTITYAREA('NetArea',$,$,0.017269,$);
#5350=IFCELEMENTQUANTITY('2fjdILk1PQ4BziJPqL36is',$,'Qto_CoveringBaseQuantities',$,$,(#5348,#5349));
#5351=IFCRELDEFINESBYPROPERTIES('04e$FRxO9K4OSFFH$dR4LS',$,$,$,(#5336),#5350);
#5352=IFCCARTESIANPOINTLIST3D(((950.80999999999995,679.76999999999998,17.295000000000002),(950.80999999999995,742.,17.954999999999998),(981.92999999999995,710.88,17.954999999999998),(950.80999999999995,679.76999999999998,8.2950000000000017),(950.80999999999995,742.,8.9549999999999983),(981.92999999999995,710.88,8.9549999999999983)),$);
#5353=IFCINDEXEDPOLYGONALFACE((1,2,3));
#5354=IFCINDEXEDPOLYGONALFACE((6,5,4));
#5355=IFCINDEXEDPOLYGONALFACE((1,4,5,2));
#5356=IFCINDEXEDPOLYGONALFACE((2,5,6,3));
#5357=IFCINDEXEDPOLYGONALFACE((3,6,4,1));
#5358=IFCPOLYGONALFACESET(#5352,.T.,(#5353,#5354,#5355,#5356,#5357),$);
#5359=IFCSHAPEREPRESENTATION(#11,'Body','Tessellation',(#5358));
#5360=IFCPRODUCTDEFINITIONSHAPE($,$,(#5359));
#5361=IFCCARTESIANPOINT((0.,0.,0.));
#5362=IFCAXIS2PLACEMENT3D(#5361,$,$);
#5363=IFCLOCALPLACEMENT(#69,#5362);
#5364=IFCCOVERING('247ex5bgzR$9HQSOG$S3S2',$,'R/4/1#1',$,'gehrung',#5363,#5360,$,$);
#5365=IFCPROPERTYSINGLEVALUE('Stueckart',$,IFCLABEL('gehrung'),$);
#5366=IFCPROPERTYSINGLEVALUE('Motiv',$,IFCLABEL('R'),$);
#5367=IFCPROPERTYSINGLEVALUE('Rasterposition',$,IFCLABEL('R/4/1'),$);
#5368=IFCPROPERTYSINGLEVALUE('Gefaelleflaeche',$,IFCLABEL('F1'),$);
#5369=IFCPROPERTYSINGLEVALUE('Rohling',$,IFCLABEL('S60x10#85'),$);
#5370=IFCPROPERTYSINGLEVALUE('Herkunft',$,IFCLABEL('reststueck'),$);
#5371=IFCPROPERTYSINGLEVALUE('Schnitte',$,IFCINTEGER(2),$);
#5372=IFCPROPERTYSINGLEVALUE('Schnittlaenge',$,IFCREAL(106.2),$);
#5373=IFCPROPERTYSINGLEVALUE('Schnittarten',$,IFCLABEL('gerade,gehrung'),$);
#5374=IFCPROPERTYSET('2IPZK4fj5VWRkQKyF_J8FS',$,'HP_Fliesenstueck',$,(#5365,#5366,#5367,#5368,#5369,#5370,#5371,#5372,#5373));
#5375=IFCRELDEFINESBYPROPERTIES('3MauC2CArKqxo6zJRHBbUa',$,$,$,(#5364),#5374);
#5376=IFCQUANTITYLENGTH('Width',$,$,9.,$);
#5377=IFCQUANTITYAREA('NetArea',$,$,0.000968,$);
#5378=IFCELEMENTQUANTITY('2sbMBibpLVrPw8mWGCp62i',$,'Qto_CoveringBaseQuantities',$,$,(#5376,#5377));
#5379=IFCRELDEFINESBYPROPERTIES('0lI2c93F5M29xvuLpMAivg',$,$,$,(#5364),#5378);
#5380=IFCCARTESIANPOINTLIST3D(((-121.84999999999999,1178.98,17.684999999999999),(-379.86000000000001,920.98000000000002,13.815),(-421.27999999999997,1020.98,15.315),(-245.25999999999999,1197.,17.954999999999998),(-121.84999999999999,1197.,17.954999999999998),(-121.84999999999999,1178.98,8.6849999999999987),(-379.86000000000001,920.98000000000002,4.8149999999999995),(-421.27999999999997,1020.98,6.3149999999999995),(-245.25999999999999,1197.,8.9549999999999983),(-121.84999999999999,1197.,8.9549999999999983)),$);
#5381=IFCINDEXEDPOLYGONALFACE((1,2,3,4,5));
#5382=IFCINDEXEDPOLYGONALFACE((10,9,8,7,6));
#5383=IFCINDEXEDPOLYGONALFACE((1,6,7,2));
#5384=IFCINDEXEDPOLYGONALFACE((2,7,8,3));
#5385=IFCINDEXEDPOLYGONALFACE((3,8,9,4));
#5386=IFCINDEXEDPOLYGONALFACE((4,9,10,5));
#5387=IFCINDEXEDPOLYGONALFACE((5,10,6,1));
#5388=IFCPOLYGONALFACESET(#5380,.T.,(#5381,#5382,#5383,#5384,#5385,#5386,#5387),$);
#5389=IFCSHAPEREPRESENTATION(#11,'Body','Tessellation',(#5388));
#5390=IFCPRODUCTDEFINITIONSHAPE($,$,(#5389));
#5391=IFCCARTESIANPOINT((0.,0.,0.));
#5392=IFCAXIS2PLACEMENT3D(#5391,$,$);
#5393=IFCLOCALPLACEMENT(#69,#5392);
#5394=IFCCOVERING('2YAS6DsV1UnQE0BWJpZYrv',$,'R/5/-1#2',$,'gratschnitt',#5393,#5390,$,$);
#5395=IFCPROPERTYSINGLEVALUE('Stueckart',$,IFCLABEL('gratschnitt'),$);
#5396=IFCPROPERTYSINGLEVALUE('Motiv',$,IFCLABEL('R'),$);
#5397=IFCPROPERTYSINGLEVALUE('Rasterposition',$,IFCLABEL('R/5/-1'),$);
#5398=IFCPROPERTYSINGLEVALUE('Gefaelleflaeche',$,IFCLABEL('F2'),$);
#5399=IFCPROPERTYSINGLEVALUE('Rohling',$,IFCLABEL('S60x10#70'),$);
#5400=IFCPROPERTYSINGLEVALUE('Herkunft',$,IFCLABEL('neu'),$);
#5401=IFCPROPERTYSINGLEVALUE('Schnitte',$,IFCINTEGER(3),$);
#5402=IFCPROPERTYSINGLEVALUE('Schnittlaenge',$,IFCREAL(249.69999999999999),$);
#5403=IFCPROPERTYSINGLEVALUE('Schnittarten',$,IFCLABEL('schraeg,gehrung,gratschnitt'),$);
#5404=IFCPROPERTYSET('2Q8WI4SCTJ7A3sDyucUMSi',$,'HP_Fliesenstueck',$,(#5395,#5396,#5397,#5398,#5399,#5400,#5401,#5402,#5403));
#5405=IFCRELDEFINESBYPROPERTIES('2L4RvtpnHNTeqv$rzqqU6O',$,$,$,(#5394),#5404);
#5406=IFCQUANTITYLENGTH('Width',$,$,9.,$);
#5407=IFCQUANTITYAREA('NetArea',$,$,0.031801999999999997,$);
#5408=IFCELEMENTQUANTITY('2KiFYO3qXIKRap8hh72Lwt',$,'Qto_CoveringBaseQuantities',$,$,(#5406,#5407));
#5409=IFCRELDEFINESBYPROPERTIES('0_pdUEX3XJyBu7FLYG$1_D',$,$,$,(#5394),#5408);
#5410=IFCCARTESIANPOINTLIST3D(((-475.39999999999998,825.42999999999995,13.797000000000001),(-475.39999999999998,966.85000000000002,15.297000000000001),(-423.56999999999999,1018.6799999999999,15.297000000000001),(-382.14999999999998,918.67999999999995,13.797000000000001),(-475.39999999999998,825.42999999999995,4.7970000000000006),(-475.39999999999998,966.85000000000002,6.2970000000000006),(-423.56999999999999,1018.6799999999999,6.2970000000000006),(-382.14999999999998,918.67999999999995,4.7970000000000006)),$);
#5411=IFCINDEXEDPOLYGONALFACE((1,2,3,4));
#5412=IFCINDEXEDPOLYGONALFACE((8,7,6,5));
#5413=IFCINDEXEDPOLYGONALFACE((1,5,6,2));
#5414=IFCINDEXEDPOLYGONALFACE((2,6,7,3));
#5415=IFCINDEXEDPOLYGONALFACE((3,7,8,4));
#5416=IFCINDEXEDPOLYGONALFACE((4,8,5,1));
#5417=IFCPOLYGONALFACESET(#5410,.T.,(#5411,#5412,#5413,#5414,#5415,#5416),$);
#5418=IFCSHAPEREPRESENTATION(#11,'Body','Tessellation',(#5417));
#5419=IFCPRODUCTDEFINITIONSHAPE($,$,(#5418));
#5420=IFCCARTESIANPOINT((0.,0.,0.));
#5421=IFCAXIS2PLACEMENT3D(#5420,$,$);
#5422=IFCLOCALPLACEMENT(#69,#5421);
#5423=IFCCOVERING('36dXMDqivUVBookjC0kYjH',$,'R/5/-1#3',$,'gratschnitt',#5422,#5419,$,$);
#5424=IFCPROPERTYSINGLEVALUE('Stueckart',$,IFCLABEL('gratschnitt'),$);
#5425=IFCPROPERTYSINGLEVALUE('Motiv',$,IFCLABEL('R'),$);
#5426=IFCPROPERTYSINGLEVALUE('Rasterposition',$,IFCLABEL('R/5/-1'),$);
#5427=IFCPROPERTYSINGLEVALUE('Gefaelleflaeche',$,IFCLABEL('F3'),$);
#5428=IFCPROPERTYSINGLEVALUE('Rohling',$,IFCLABEL('S60x10#70'),$);
#5429=IFCPROPERTYSINGLEVALUE('Herkunft',$,IFCLABEL('reststueck'),$);
#5430=IFCPROPERTYSINGLEVALUE('Schnitte',$,IFCINTEGER(2),$);
#5431=IFCPROPERTYSINGLEVALUE('Schnittlaenge',$,IFCREAL(249.69999999999999),$);
#5432=IFCPROPERTYSINGLEVALUE('Schnittarten',$,IFCLABEL('gehrung,gratschnitt'),$);
#5433=IFCPROPERTYSET('0WPVe_lHfLSvci0YlXq0uL',$,'HP_Fliesenstueck',$,(#5424,#5425,#5426,#5427,#5428,#5429,#5430,#5431,#5432));
#5434=IFCRELDEFINESBYPROPERTIES('20JFXGFw9Gdeu4HebciOm0',$,$,$,(#5423),#5433);
#5435=IFCQUANTITYLENGTH('Width',$,$,9.,$);
#5436=IFCQUANTITYAREA('NetArea',$,$,0.010259000000000001,$);
#5437=IFCELEMENTQUANTITY('0gJfBQlIXI1xpMFSZkEhGV',$,'Qto_CoveringBaseQuantities',$,$,(#5435,#5436));
#5438=IFCRELDEFINESBYPROPERTIES('0O3B8uXPvTI9XxYcvkLhPH',$,$,$,(#5423),#5437);
#5439=IFCCARTESIANPOINTLIST3D(((418.36000000000001,1006.08,15.108000000000001),(496.95999999999998,1195.8499999999999,17.954999999999998),(552.53999999999996,1140.27,17.954999999999998),(418.36000000000001,1006.08,6.1080000000000005),(496.95999999999998,1195.8499999999999,8.9549999999999983),(552.53999999999996,1140.27,8.9549999999999983)),$);
#5440=IFCINDEXEDPOLYGONALFACE((1,2,3));
#5441=IFCINDEXEDPOLYGONALFACE((6,5,4));
#5442=IFCINDEXEDPOLYGONALFACE((1,4,5,2));
#5443=IFCINDEXEDPOLYGONALFACE((2,5,6,3));
#5444=IFCINDEXEDPOLYGONALFACE((3,6,4,1));
#5445=IFCPOLYGONALFACESET(#5439,.T.,(#5440,#5441,#5442,#5443,#5444),$);
#5446=IFCSHAPEREPRESENTATION(#11,'Body','Tessellation',(#5445));
#5447=IFCPRODUCTDEFINITIONSHAPE($,$,(#5446));
#5448=IFCCARTESIANPOINT((0.,0.,0.));
#5449=IFCAXIS2PLACEMENT3D(#5448,$,$);
#5450=IFCLOCALPLACEMENT(#69,#5449);
#5451=IFCCOVERING('1AN$KCkbnThhI$U_2tbDM0',$,'R/5/0#1',$,'gratschnitt',#5450,#5447,$,$);
#5452=IFCPROPERTYSINGLEVALUE('Stueckart',$,IFCLABEL('gratschnitt'),$);
#5453=IFCPROPERTYSINGLEVALUE('Motiv',$,IFCLABEL('R'),$);
#5454=IFCPROPERTYSINGLEVALUE('Rasterposition',$,IFCLABEL('R/5/0'),$);
#5455=IFCPROPERTYSINGLEVALUE('Gefaelleflaeche',$,IFCLABEL('F1'),$);
#5456=IFCPROPERTYSINGLEVALUE('Rohling',$,IFCLABEL('S60x10#73'),$);
#5457=IFCPROPERTYSINGLEVALUE('Herkunft',$,IFCLABEL('reststueck'),$);
#5458=IFCPROPERTYSINGLEVALUE('Schnitte',$,IFCINTEGER(2),$);
#5459=IFCPROPERTYSINGLEVALUE('Schnittlaenge',$,IFCREAL(284.),$);
#5460=IFCPROPERTYSINGLEVALUE('Schnittarten',$,IFCLABEL('gerade,gratschnitt'),$);
#5461=IFCPROPERTYSET('15h8HXLdfL$foPblN4Q0OW',$,'HP_Fliesenstueck',$,(#5452,#5453,#5454,#5455,#5456,#5457,#5458,#5459,#5460));
#5462=IFCRELDEFINESBYPROPERTIES('0tathnk4bJGO8q7RWxRNpl',$,$,$,(#5451),#5461);
#5463=IFCQUANTITYLENGTH('Width',$,$,9.,$);
#5464=IFCQUANTITYAREA('NetArea',$,$,0.0074580000000000002,$);
#5465=IFCELEMENTQUANTITY('0SZ3zBBH9Q5BPV64_fzEgU',$,'Qto_CoveringBaseQuantities',$,$,(#5463,#5464));
#5466=IFCRELDEFINESBYPROPERTIES('3H8Myr5ZjT2RBuaO8UIM8Y',$,$,$,(#5451),#5465);
#5467=IFCCARTESIANPOINTLIST3D(((237.69999999999999,825.42999999999995,12.381),(237.69999999999999,966.85000000000002,14.503),(467.85000000000002,1197.,17.954999999999998),(494.19,1197.,17.954999999999998),(412.81,1000.54,15.007999999999999),(237.69999999999999,825.42999999999995,3.3810000000000002),(237.69999999999999,966.85000000000002,5.5030000000000001),(467.85000000000002,1197.,8.9549999999999983),(494.19,1197.,8.9549999999999983),(412.81,1000.54,6.0079999999999991)),$);
#5468=IFCINDEXEDPOLYGONALFACE((1,2,3,4,5));
#5469=IFCINDEXEDPOLYGONALFACE((10,9,8,7,6));
#5470=IFCINDEXEDPOLYGONALFACE((1,6,7,2));
#5471=IFCINDEXEDPOLYGONALFACE((2,7,8,3));
#5472=IFCINDEXEDPOLYGONALFACE((3,8,9,4));
#5473=IFCINDEXEDPOLYGONALFACE((4,9,10,5));
#5474=IFCINDEXEDPOLYGONALFACE((5,10,6,1));
#5475=IFCPOLYGONALFACESET(#5467,.T.,(#5468,#5469,#5470,#5471,#5472,#5473,#5474),$);
#5476=IFCSHAPEREPRESENTATION(#11,'Body','Tessellation',(#5475));
#5477=IFCPRODUCTDEFINITIONSHAPE($,$,(#5476));
#5478=IFCCARTESIANPOINT((0.,0.,0.));
#5479=IFCAXIS2PLACEMENT3D(#5478,$,$);
#5480=IFCLOCALPLACEMENT(#69,#5479);
#5481=IFCCOVERING('1fjPckfA5GiRgiWe2Rq1T2',$,'R/5/0#2',$,'gratschnitt',#5480,#5477,$,$);
#5482=IFCPROPERTYSINGLEVALUE('Stueckart',$,IFCLABEL('gratschnitt'),$);
#5483=IFCPROPERTYSINGLEVALUE('Motiv',$,IFCLABEL('R'),$);
#5484=IFCPROPERTYSINGLEVALUE('Rasterposition',$,IFCLABEL('R/5/0'),$);
#5485=IFCPROPERTYSINGLEVALUE('Gefaelleflaeche',$,IFCLABEL('F2'),$);
#5486=IFCPROPERTYSINGLEVALUE('Rohling',$,IFCLABEL('S60x10#73'),$);
#5487=IFCPROPERTYSINGLEVALUE('Herkunft',$,IFCLABEL('neu'),$);
#5488=IFCPROPERTYSINGLEVALUE('Schnitte',$,IFCINTEGER(3),$);
#5489=IFCPROPERTYSINGLEVALUE('Schnittlaenge',$,IFCREAL(380.39999999999998),$);
#5490=IFCPROPERTYSINGLEVALUE('Schnittarten',$,IFCLABEL('schraeg,gehrung,gratschnitt'),$);
#5491=IFCPROPERTYSET('2Pd9n5$Q1O9ut8pwxI6sKj',$,'HP_Fliesenstueck',$,(#5482,#5483,#5484,#5485,#5486,#5487,#5488,#5489,#5490));
#5492=IFCRELDEFINESBYPROPERTIES('2UJYkbJavRf8sJOXL4h6CQ',$,$,$,(#5481),#5491);
#5493=IFCQUANTITYLENGTH('Width',$,$,9.,$);
#5494=IFCQUANTITYAREA('NetArea',$,$,0.031244000000000001,$);
#5495=IFCELEMENTQUANTITY('0JV19aNV5T9uS40BqJhrRn',$,'Qto_CoveringBaseQuantities',$,$,(#5493,#5494));
#5496=IFCRELDEFINESBYPROPERTIES('1qwGcTW$HPD89WJ0tPDGzG',$,$,$,(#5481),#5495);
#5497=IFCCARTESIANPOINTLIST3D(((-422.51999999999998,1023.98,15.359999999999999),(-463.94,1123.98,16.859999999999999),(-390.92000000000002,1197.,17.954999999999998),(-249.5,1197.,17.954999999999998),(-422.51999999999998,1023.98,6.3599999999999994),(-463.94,1123.98,7.8599999999999994),(-390.92000000000002,1197.,8.9549999999999983),(-249.5,1197.,8.9549999999999983)),$);
#5498=IFCINDEXEDPOLYGONALFACE((1,2,3,4));
#5499=IFCINDEXEDPOLYGONALFACE((8,7,6,5));
#5500=IFCINDEXEDPOLYGONALFACE((1,5,6,2));
#5501=IFCINDEXEDPOLYGONALFACE((2,6,7,3));
#5502=IFCINDEXEDPOLYGONALFACE((3,7,8,4));
#5503=IFCINDEXEDPOLYGONALFACE((4,8,5,1));
#5504=IFCPOLYGONALFACESET(#5497,.T.,(#5498,#5499,#5500,#5501,#5502,#5503),$);
#5505=IFCSHAPEREPRESENTATION(#11,'Body','Tessellation',(#5504));
#5506=IFCPRODUCTDEFINITIONSHAPE($,$,(#5505));
#5507=IFCCARTESIANPOINT((0.,0.,0.));
#5508=IFCAXIS2PLACEMENT3D(#5507,$,$);
#5509=IFCLOCALPLACEMENT(#69,#5508);
#5510=IFCCOVERING('1KcUg7OznMHuA4rngOQ__C',$,'R/6/-1#2',$,'gratschnitt',#5509,#5506,$,$);
#5511=IFCPROPERTYSINGLEVALUE('Stueckart',$,IFCLABEL('gratschnitt'),$);
#5512=IFCPROPERTYSINGLEVALUE('Motiv',$,IFCLABEL('R'),$);
#5513=IFCPROPERTYSINGLEVALUE('Rasterposition',$,IFCLABEL('R/6/-1'),$);
#5514=IFCPROPERTYSINGLEVALUE('Gefaelleflaeche',$,IFCLABEL('F2'),$);
#5515=IFCPROPERTYSINGLEVALUE('Rohling',$,IFCLABEL('S60x10#93'),$);
#5516=IFCPROPERTYSINGLEVALUE('Herkunft',$,IFCLABEL('neu'),$);
#5517=IFCPROPERTYSINGLEVALUE('Schnitte',$,IFCINTEGER(2),$);
#5518=IFCPROPERTYSINGLEVALUE('Schnittlaenge',$,IFCREAL(249.69999999999999),$);
#5519=IFCPROPERTYSINGLEVALUE('Schnittarten',$,IFCLABEL('schraeg,gratschnitt'),$);
#5520=IFCPROPERTYSET('1pK5iE$cXVdBvChvqsmleP',$,'HP_Fliesenstueck',$,(#5511,#5512,#5513,#5514,#5515,#5516,#5517,#5518,#5519));
#5521=IFCRELDEFINESBYPROPERTIES('34uqEI_kDGXBWfSkyWb3_O',$,$,$,(#5510),#5520);
#5522=IFCQUANTITYLENGTH('Width',$,$,9.,$);
#5523=IFCQUANTITYAREA('NetArea',$,$,0.017398,$);
#5524=IFCELEMENTQUANTITY('2FywFpR3bGhhKtpCpH3R1k',$,'Qto_CoveringBaseQuantities',$,$,(#5522,#5523));
#5525=IFCRELDEFINESBYPROPERTIES('2_$IyRVWjGZ98kzuOmPjPV',$,$,$,(#5510),#5524);
#5526=IFCCARTESIANPOINTLIST3D(((-475.39999999999998,971.09000000000003,15.342000000000001),(-475.39999999999998,1112.51,16.841999999999999),(-466.24000000000001,1121.6800000000001,16.841999999999999),(-424.81999999999999,1021.6799999999999,15.342000000000001),(-475.39999999999998,971.09000000000003,6.3420000000000005),(-475.39999999999998,1112.51,7.8419999999999987),(-466.24000000000001,1121.6800000000001,7.8419999999999987),(-424.81999999999999,1021.6799999999999,6.3420000000000005)),$);
#5527=IFCINDEXEDPOLYGONALFACE((1,2,3,4));
#5528=IFCINDEXEDPOLYGONALFACE((8,7,6,5));
#5529=IFCINDEXEDPOLYGONALFACE((1,5,6,2));
#5530=IFCINDEXEDPOLYGONALFACE((2,6,7,3));
#5531=IFCINDEXEDPOLYGONALFACE((3,7,8,4));
#5532=IFCINDEXEDPOLYGONALFACE((4,8,5,1));
#5533=IFCPOLYGONALFACESET(#5526,.T.,(#5527,#5528,#5529,#5530,#5531,#5532),$);
#5534=IFCSHAPEREPRESENTATION(#11,'Body','Tessellation',(#5533));
#5535=IFCPRODUCTDEFINITIONSHAPE($,$,(#5534));
#5536=IFCCARTESIANPOINT((0.,0.,0.));
#5537=IFCAXIS2PLACEMENT3D(#5536,$,$);
#5538=IFCLOCALPLACEMENT(#69,#5537);
#5539=IFCCOVERING('01$UEJFUPNtA3vC30TaoEE',$,'R/6/-1#3',$,'gratschnitt',#5538,#5535,$,$);
#5540=IFCPROPERTYSINGLEVALUE('Stueckart',$,IFCLABEL('gratschnitt'),$);
#5541=IFCPROPERTYSINGLEVALUE('Motiv',$,IFCLABEL('R'),$);
#5542=IFCPROPERTYSINGLEVALUE('Rasterposition',$,IFCLABEL('R/6/-1'),$);
#5543=IFCPROPERTYSINGLEVALUE('Gefaelleflaeche',$,IFCLABEL('F3'),$);
#5544=IFCPROPERTYSINGLEVALUE('Rohling',$,IFCLABEL('S60x10#93'),$);
#5545=IFCPROPERTYSINGLEVALUE('Herkunft',$,IFCLABEL('reststueck'),$);
#5546=IFCPROPERTYSINGLEVALUE('Schnitte',$,IFCINTEGER(2),$);
#5547=IFCPROPERTYSINGLEVALUE('Schnittlaenge',$,IFCREAL(249.69999999999999),$);
#5548=IFCPROPERTYSINGLEVALUE('Schnittarten',$,IFCLABEL('gehrung,gratschnitt'),$);
#5549=IFCPROPERTYSET('2hLuOA8JTG3BPIaqQ2wP2I',$,'HP_Fliesenstueck',$,(#5540,#5541,#5542,#5543,#5544,#5545,#5546,#5547,#5548));
#5550=IFCRELDEFINESBYPROPERTIES('3hh_fdV1TSOAfW0TXIWoko',$,$,$,(#5539),#5549);
#5551=IFCQUANTITYLENGTH('Width',$,$,9.,$);
#5552=IFCQUANTITYAREA('NetArea',$,$,0.0042249999999999996,$);
#5553=IFCELEMENTQUANTITY('11aIjvBuvP0uBnC8toLavk',$,'Qto_CoveringBaseQuantities',$,$,(#5551,#5552));
#5554=IFCRELDEFINESBYPROPERTIES('2QVVmL6tLU_RJyPl1tNR9R',$,$,$,(#5539),#5553);
#5555=IFCCARTESIANPOINTLIST3D(((237.69999999999999,971.09000000000003,14.566000000000001),(237.69999999999999,1112.51,16.687999999999999),(322.19,1197.,17.954999999999998),(463.61000000000001,1197.,17.954999999999998),(237.69999999999999,971.09000000000003,5.5660000000000007),(237.69999999999999,1112.51,7.6879999999999988),(322.19,1197.,8.9549999999999983),(463.61000000000001,1197.,8.9549999999999983)),$);
#5556=IFCINDEXEDPOLYGONALFACE((1,2,3,4));
#5557=IFCINDEXEDPOLYGONALFACE((8,7,6,5));
#5558=IFCINDEXEDPOLYGONALFACE((1,5,6,2));
#5559=IFCINDEXEDPOLYGONALFACE((2,6,7,3));
#5560=IFCINDEXEDPOLYGONALFACE((3,7,8,4));
#5561=IFCINDEXEDPOLYGONALFACE((4,8,5,1));
#5562=IFCPOLYGONALFACESET(#5555,.T.,(#5556,#5557,#5558,#5559,#5560,#5561),$);
#5563=IFCSHAPEREPRESENTATION(#11,'Body','Tessellation',(#5562));
#5564=IFCPRODUCTDEFINITIONSHAPE($,$,(#5563));
#5565=IFCCARTESIANPOINT((0.,0.,0.));
#5566=IFCAXIS2PLACEMENT3D(#5565,$,$);
#5567=IFCLOCALPLACEMENT(#69,#5566);
#5568=IFCCOVERING('3DacH8WZbNyedIwrqi5JZK',$,'R/6/0#2',$,'schraeg',#5567,#5564,$,$);
#5569=IFCPROPERTYSINGLEVALUE('Stueckart',$,IFCLABEL('schraeg'),$);
#5570=IFCPROPERTYSINGLEVALUE('Motiv',$,IFCLABEL('R'),$);
#5571=IFCPROPERTYSINGLEVALUE('Rasterposition',$,IFCLABEL('R/6/0'),$);
#5572=IFCPROPERTYSINGLEVALUE('Gefaelleflaeche',$,IFCLABEL('F2'),$);
#5573=IFCPROPERTYSINGLEVALUE('Rohling',$,IFCLABEL('S60x10#91'),$);
#5574=IFCPROPERTYSINGLEVALUE('Herkunft',$,IFCLABEL('neu'),$);
#5575=IFCPROPERTYSINGLEVALUE('Schnitte',$,IFCINTEGER(2),$);
#5576=IFCPROPERTYSINGLEVALUE('Schnittlaenge',$,IFCREAL(282.80000000000001),$);
#5577=IFCPROPERTYSINGLEVALUE('Schnittarten',$,IFCLABEL('schraeg,gehrung'),$);
#5578=IFCPROPERTYSET('2S9Zsdb4rIZBycryz3B_QT',$,'HP_Fliesenstueck',$,(#5569,#5570,#5571,#5572,#5573,#5574,#5575,#5576,#5577));
#5579=IFCRELDEFINESBYPROPERTIES('1wolk56T9J4wEznUHm4tZD',$,$,$,(#5568),#5578);
#5580=IFCQUANTITYLENGTH('Width',$,$,9.,$);
#5581=IFCQUANTITYAREA('NetArea',$,$,0.021947999999999999,$);
#5582=IFCELEMENTQUANTITY('0y$e5MPerOVgm9shmH4tIJ',$,'Qto_CoveringBaseQuantities',$,$,(#5580,#5581));
#5583=IFCRELDEFINESBYPROPERTIES('1K3I7qs_zK$A$k02m_8VuA',$,$,$,(#5568),#5582);
#5584=IFCCARTESIANPOINTLIST3D(((-465.19,1126.98,16.905000000000001),(-475.39999999999998,1151.6500000000001,17.274999999999999),(-475.39999999999998,1197.,17.954999999999998),(-395.16000000000003,1197.,17.954999999999998),(-465.19,1126.98,7.9050000000000011),(-475.39999999999998,1151.6500000000001,8.2749999999999986),(-475.39999999999998,1197.,8.9549999999999983),(-395.16000000000003,1197.,8.9549999999999983)),$);
#5585=IFCINDEXEDPOLYGONALFACE((1,2,3,4));
#5586=IFCINDEXEDPOLYGONALFACE((8,7,6,5));
#5587=IFCINDEXEDPOLYGONALFACE((1,5,6,2));
#5588=IFCINDEXEDPOLYGONALFACE((2,6,7,3));
#5589=IFCINDEXEDPOLYGONALFACE((3,7,8,4));
#5590=IFCINDEXEDPOLYGONALFACE((4,8,5,1));
#5591=IFCPOLYGONALFACESET(#5584,.T.,(#5585,#5586,#5587,#5588,#5589,#5590),$);
#5592=IFCSHAPEREPRESENTATION(#11,'Body','Tessellation',(#5591));
#5593=IFCPRODUCTDEFINITIONSHAPE($,$,(#5592));
#5594=IFCCARTESIANPOINT((0.,0.,0.));
#5595=IFCAXIS2PLACEMENT3D(#5594,$,$);
#5596=IFCLOCALPLACEMENT(#69,#5595);
#5597=IFCCOVERING('3yCJfeer9SSgPO9_ajyidl',$,'R/7/-1#2',$,'gratschnitt',#5596,#5593,$,$);
#5598=IFCPROPERTYSINGLEVALUE('Stueckart',$,IFCLABEL('gratschnitt'),$);
#5599=IFCPROPERTYSINGLEVALUE('Motiv',$,IFCLABEL('R'),$);
#5600=IFCPROPERTYSINGLEVALUE('Rasterposition',$,IFCLABEL('R/7/-1'),$);
#5601=IFCPROPERTYSINGLEVALUE('Gefaelleflaeche',$,IFCLABEL('F2'),$);
#5602=IFCPROPERTYSINGLEVALUE('Rohling',$,IFCLABEL('S60x10#49'),$);
#5603=IFCPROPERTYSINGLEVALUE('Herkunft',$,IFCLABEL('reststueck'),$);
#5604=IFCPROPERTYSINGLEVALUE('Schnitte',$,IFCINTEGER(3),$);
#5605=IFCPROPERTYSINGLEVALUE('Schnittlaenge',$,IFCREAL(152.30000000000001),$);
#5606=IFCPROPERTYSINGLEVALUE('Schnittarten',$,IFCLABEL('schraeg,gehrung,gratschnitt'),$);
#5607=IFCPROPERTYSET('3dNghgDCjQQBfsR3oxtQYI',$,'HP_Fliesenstueck',$,(#5598,#5599,#5600,#5601,#5602,#5603,#5604,#5605,#5606));
#5608=IFCRELDEFINESBYPROPERTIES('1QRkxY$PXU4RYCw5lUMjF8',$,$,$,(#5597),#5607);
#5609=IFCQUANTITYLENGTH('Width',$,$,9.,$);
#5610=IFCQUANTITYAREA('NetArea',$,$,0.0030409999999999999,$);
#5611=IFCELEMENTQUANTITY('36Ui1ZOy1GXAdHHWAq3yIJ',$,'Qto_CoveringBaseQuantities',$,$,(#5609,#5610));
#5612=IFCRELDEFINESBYPROPERTIES('1zjgb6FpDJsfWPI$EWRFsk',$,$,$,(#5597),#5611);
#5613=IFCCARTESIANPOINTLIST3D(((-475.39999999999998,1116.76,16.887),(-475.39999999999998,1143.8099999999999,17.173999999999999),(-467.48000000000002,1124.6800000000001,16.887),(-475.39999999999998,1116.76,7.8870000000000005),(-475.39999999999998,1143.8099999999999,8.1739999999999995),(-467.48000000000002,1124.6800000000001,7.8870000000000005)),$);
#5614=IFCINDEXEDPOLYGONALFACE((1,2,3));
#5615=IFCINDEXEDPOLYGONALFACE((6,5,4));
#5616=IFCINDEXEDPOLYGONALFACE((1,4,5,2));
#5617=IFCINDEXEDPOLYGONALFACE((2,5,6,3));
#5618=IFCINDEXEDPOLYGONALFACE((3,6,4,1));
#5619=IFCPOLYGONALFACESET(#5613,.T.,(#5614,#5615,#5616,#5617,#5618),$);
#5620=IFCSHAPEREPRESENTATION(#11,'Body','Tessellation',(#5619));
#5621=IFCPRODUCTDEFINITIONSHAPE($,$,(#5620));
#5622=IFCCARTESIANPOINT((0.,0.,0.));
#5623=IFCAXIS2PLACEMENT3D(#5622,$,$);
#5624=IFCLOCALPLACEMENT(#69,#5623);
#5625=IFCCOVERING('0E8qcYdTDJlOfeona4rSZU',$,'R/7/-1#3',$,'gratschnitt',#5624,#5621,$,$);
#5626=IFCPROPERTYSINGLEVALUE('Stueckart',$,IFCLABEL('gratschnitt'),$);
#5627=IFCPROPERTYSINGLEVALUE('Motiv',$,IFCLABEL('R'),$);
#5628=IFCPROPERTYSINGLEVALUE('Rasterposition',$,IFCLABEL('R/7/-1'),$);
#5629=IFCPROPERTYSINGLEVALUE('Gefaelleflaeche',$,IFCLABEL('F3'),$);
#5630=IFCPROPERTYSINGLEVALUE('Rohling',$,IFCLABEL('S60x10#94'),$);
#5631=IFCPROPERTYSINGLEVALUE('Herkunft',$,IFCLABEL('reststueck'),$);
#5632=IFCPROPERTYSINGLEVALUE('Schnitte',$,IFCINTEGER(2),$);
#5633=IFCPROPERTYSINGLEVALUE('Schnittlaenge',$,IFCREAL(47.799999999999997),$);
#5634=IFCPROPERTYSINGLEVALUE('Schnittarten',$,IFCLABEL('gehrung,gratschnitt'),$);
#5635=IFCPROPERTYSET('1tzEC1UMzRBhVPaujWp3fw',$,'HP_Fliesenstueck',$,(#5626,#5627,#5628,#5629,#5630,#5631,#5632,#5633,#5634));
#5636=IFCRELDEFINESBYPROPERTIES('12TtNZZ4bK6AbnKNjq5NUj',$,$,$,(#5625),#5635);
#5637=IFCQUANTITYLENGTH('Width',$,$,9.,$);
#5638=IFCQUANTITYAREA('NetArea',$,$,0.000107,$);
#5639=IFCELEMENTQUANTITY('06JVUbmDXT1vxHZM57451f',$,'Qto_CoveringBaseQuantities',$,$,(#5637,#5638));
#5640=IFCRELDEFINESBYPROPERTIES('0DQFn$LQPGxBI$59CpYzID',$,$,$,(#5625),#5639);
#5641=IFCCARTESIANPOINTLIST3D(((237.69999999999999,1116.76,16.751000000000001),(237.69999999999999,1197.,17.954999999999998),(317.94,1197.,17.954999999999998),(237.69999999999999,1116.76,7.7510000000000012),(237.69999999999999,1197.,8.9549999999999983),(317.94,1197.,8.9549999999999983)),$);
#5642=IFCINDEXEDPOLYGONALFACE((1,2,3));
#5643=IFCINDEXEDPOLYGONALFACE((6,5,4));
#5644=IFCINDEXEDPOLYGONALFACE((1,4,5,2));
#5645=IFCINDEXEDPOLYGONALFACE((2,5,6,3));
#5646=IFCINDEXEDPOLYGONALFACE((3,6,4,1));
#5647=IFCPOLYGONALFACESET(#5641,.T.,(#5642,#5643,#5644,#5645,#5646),$);
#5648=IFCSHAPEREPRESENTATION(#11,'Body','Tessellation',(#5647));
#5649=IFCPRODUCTDEFINITIONSHAPE($,$,(#5648));
#5650=IFCCARTESIANPOINT((0.,0.,0.));
#5651=IFCAXIS2PLACEMENT3D(#5650,$,$);
#5652=IFCLOCALPLACEMENT(#69,#5651);
#5653=IFCCOVERING('3BnqjrxKDTaAY_3hOpd$9a',$,'R/7/0#2',$,'schraeg',#5652,#5649,$,$);
#5654=IFCPROPERTYSINGLEVALUE('Stueckart',$,IFCLABEL('schraeg'),$);
#5655=IFCPROPERTYSINGLEVALUE('Motiv',$,IFCLABEL('R'),$);
#5656=IFCPROPERTYSINGLEVALUE('Rasterposition',$,IFCLABEL('R/7/0'),$);
#5657=IFCPROPERTYSINGLEVALUE('Gefaelleflaeche',$,IFCLABEL('F2'),$);
#5658=IFCPROPERTYSINGLEVALUE('Rohling',$,IFCLABEL('S60x10#70'),$);
#5659=IFCPROPERTYSINGLEVALUE('Herkunft',$,IFCLABEL('reststueck'),$);
#5660=IFCPROPERTYSINGLEVALUE('Schnitte',$,IFCINTEGER(2),$);
#5661=IFCPROPERTYSINGLEVALUE('Schnittlaenge',$,IFCREAL(160.5),$);
#5662=IFCPROPERTYSINGLEVALUE('Schnittarten',$,IFCLABEL('schraeg,gehrung'),$);
#5663=IFCPROPERTYSET('34S1Rx129IxuM8qkNL$q36',$,'HP_Fliesenstueck',$,(#5654,#5655,#5656,#5657,#5658,#5659,#5660,#5661,#5662));
#5664=IFCRELDEFINESBYPROPERTIES('25G60xjFrIZAG_PqtfxrqG',$,$,$,(#5653),#5663);
#5665=IFCQUANTITYLENGTH('Width',$,$,9.,$);
#5666=IFCQUANTITYAREA('NetArea',$,$,0.0032190000000000001,$);
#5667=IFCELEMENTQUANTITY('0lN_2k161VORxKEfHMfDCG',$,'Qto_CoveringBaseQuantities',$,$,(#5665,#5666));
#5668=IFCRELDEFINESBYPROPERTIES('0VAiijTArPqvmOWQkZZACQ',$,$,$,(#5653),#5667);
#5669=IFCRELAGGREGATES('0DmPUuhkzMaAag$45M1D5X',$,$,$,#70,(#106,#135,#164,#192,#222,#251,#280,#309,#338,#367,#395,#423,#453,#483,#513,#542,#571,#600,#630,#658,#688,#717,#745,#776,#805,#833,#862,#890,#921,#950,#979,#1008,#1037,#1067,#1095,#1124,#1154,#1182,#1211,#1240,#1268,#1298,#1328,#1356,#1386,#1416,#1445,#1474,#1503,#1532,#1561,#1590,#1620,#1650,#1678,#1707,#1737,#1766,#1796,#1824,#1853,#1882,#1911,#1940,#1969,#1998,#2027,#2056,#2085,#2115,#2145,#2173,#2203,#2232,#2261,#2290,#2319,#2348,#2378,#2407,#2436,#2465,#2493,#2521,#2550,#2579,#2608,#2637,#2665,#2695,#2724,#2753,#2782,#2811,#2840,#2869,#2898,#2926,#2955,#2983,#3013,#3042,#3071,#3102,#3130,#3158,#3187,#3215,#3245,#3273,#3302,#3331,#3360,#3389,#3417,#3447,#3476,#3505,#3534,#3564,#3592,#3621,#3651,#3680,#3708,#3736,#3767,#3796,#3825,#3855,#3883,#3911,#3941,#3970,#3999,#4027,#4056,#4085,#4114,#4143,#4172,#4201,#4230,#4259,#4288,#4317,#4346,#4374,#4405,#4433,#4463,#4492,#4521,#4551,#4579,#4608,#4637,#4667,#4696,#4725,#4754,#4783,#4812,#4841,#4871,#4899,#4928,#4957,#4987,#5015,#5044,#5074,#5103,#5132,#5162,#5190,#5219,#5248,#5277,#5307,#5336,#5364,#5394,#5423,#5451,#5481,#5510,#5539,#5568,#5597,#5625,#5653));
#5670=IFCRELDEFINESBYTYPE('1zkl$UeYzNzu8S0_QUojTw',$,$,$,(#106,#135,#164,#192,#222,#251,#280,#309,#338,#367,#395,#423,#453,#483,#513,#542,#571,#600,#630,#658,#688,#717,#745,#776,#805,#833,#862,#890,#921,#950,#979,#1008,#1037,#1067,#1095,#1124,#1154,#1182,#1211,#1240,#1268,#1298,#1328,#1356,#1386,#1416,#1445,#1474,#1503,#1532,#1561,#1590,#1620,#1650,#1678,#1707,#1737,#1766,#1796,#1824,#1853,#1882,#1911,#1940,#1969,#1998,#2027,#2056,#2085,#2115,#2145,#2173,#2203,#2232,#2261,#2290,#2319,#2348,#2378,#2407,#2436,#2465,#2493,#2521,#2550,#2579,#2608,#2637,#2665,#2695,#2724,#2753,#2782,#2811,#2840,#2869,#2898,#2926,#2955,#2983,#3013,#3042,#3071,#3102,#3130,#3158,#3187,#3215,#3245,#3273,#3302,#3331,#3360,#3389,#3417,#3447,#3476,#3505,#3534,#3564,#3592,#3621,#3651,#3680,#3708,#3736,#3767,#3796,#3825,#3855,#3883,#3911,#3941,#3970,#3999,#4027,#4056,#4085,#4114,#4143,#4172,#4201,#4230,#4259,#4288,#4317,#4346,#4374,#4405,#4433,#4463,#4492,#4521,#4551,#4579,#4608,#4637,#4667,#4696,#4725,#4754,#4783,#4812,#4841,#4871,#4899,#4928,#4957,#4987,#5015,#5044,#5074,#5103,#5132,#5162,#5190,#5219,#5248,#5277,#5307,#5336,#5364,#5394,#5423,#5451,#5481,#5510,#5539,#5568,#5597,#5625,#5653),#32);
ENDSEC;
END-ISO-10303-21;
