ISO-10303-21;
HEADER;
FILE_DESCRIPTION(('ViewDefinition [NotAssigned]'),'2;1');
FILE_NAME('b16_chevron_60x10__punkt_aggregiert.ifc','2026-01-01T00:00:00',('Entwurfsgenerator (Beispiel)'),('Arbeit Holzrahmenbau'),'IfcOpenShell 0.8.5-1c5b825','IfcOpenShell 0.8.5-1c5b825','keine');
FILE_SCHEMA(('IFC4X3_ADD2'));
ENDSEC;
DATA;
#1=IFCPROJECT('0_NQc15qDORxCpDVH4bTYC',$,'B16 Duschraum achteckig (Beispiel)',$,$,$,$,(#10),#5);
#2=IFCSIUNIT(*,.LENGTHUNIT.,.MILLI.,.METRE.);
#3=IFCSIUNIT(*,.AREAUNIT.,$,.SQUARE_METRE.);
#4=IFCSIUNIT(*,.PLANEANGLEUNIT.,$,.RADIAN.);
#5=IFCUNITASSIGNMENT((#2,#3,#4));
#6=IFCCARTESIANPOINT((0.,0.,0.));
#7=IFCDIRECTION((0.,0.,1.));
#8=IFCDIRECTION((1.,0.,0.));
#9=IFCAXIS2PLACEMENT3D(#6,#7,#8);
#10=IFCGEOMETRICREPRESENTATIONCONTEXT($,'Model',3,1.0000000000000001E-05,#9,$);
#11=IFCGEOMETRICREPRESENTATIONSUBCONTEXT('Body','Model',*,*,*,*,#10,$,.MODEL_VIEW.,$);
#12=IFCCARTESIANPOINT((0.,0.,0.));
#13=IFCAXIS2PLACEMENT3D(#12,$,$);
#14=IFCLOCALPLACEMENT($,#13);
#15=IFCSITE('1ElNV_A1XQpB_NyKMldGI9',$,'Grundst\X2\00FC\X0\ck',$,$,#14,$,$,$,$,$,$,$,$);
#16=IFCCARTESIANPOINT((0.,0.,0.));
#17=IFCAXIS2PLACEMENT3D(#16,$,$);
#18=IFCLOCALPLACEMENT(#14,#17);
#19=IFCBUILDING('2O082_xsXMZBi$UG$reI4e',$,'Fertighaus Beispiel',$,$,#18,$,$,$,$,$,$);
#20=IFCCARTESIANPOINT((0.,0.,0.));
#21=IFCAXIS2PLACEMENT3D(#20,$,$);
#22=IFCLOCALPLACEMENT(#18,#21);
#23=IFCBUILDINGSTOREY('2lTc$66$TI_APjtaWhZHSD',$,'EG',$,$,#22,$,$,$,0.);
#24=IFCCARTESIANPOINT((0.,0.,0.));
#25=IFCAXIS2PLACEMENT3D(#24,$,$);
#26=IFCLOCALPLACEMENT(#22,#25);
#27=IFCSPACE('09M7fRJY9JoxkE07wXh79K',$,'EG-Dusche-achteckig',$,$,#26,$,$,$,$,$);
#28=IFCRELAGGREGATES('22fDGb7XjJVgVi1Or1jpPS',$,$,$,#1,(#15));
#29=IFCRELAGGREGATES('3CR3RQJXbRQAVswdF5ctVY',$,$,$,#15,(#19));
#30=IFCRELAGGREGATES('1$xjPU12TV3Qe08uvxFgoB',$,$,$,#19,(#23));
#31=IFCRELAGGREGATES('2TVYMtCg5UQAHV8qAbuypW',$,$,$,#23,(#27));
#32=IFCCOVERINGTYPE('30bXr1RKnGiRo7fDlgx7hn',$,'S60x10',$,$,(#36),(#51,#66),$,$,.FLOORING.);
#33=IFCPROPERTYSINGLEVALUE('GlobalTradeItemNumber',$,IFCLABEL('BEISPIEL-GTIN-S6010'),$);
#34=IFCPROPERTYSINGLEVALUE('ArticleNumber',$,IFCLABEL('S60x10'),$);
#35=IFCPROPERTYSINGLEVALUE('Manufacturer',$,IFCLABEL('Beispiel'),$);
#36=IFCPROPERTYSET('3xPQTLaaHHAQM6JoTgkyor',$,'Pset_ManufacturerTypeInformation',$,(#33,#34,#35));
#37=IFCCARTESIANPOINT((0.,0.));
#38=IFCCARTESIANPOINT((500.,0.));
#39=IFCCARTESIANPOINT((600.,100.));
#40=IFCCARTESIANPOINT((100.00000000000001,100.));
#41=IFCCARTESIANPOINT((0.,0.));
#42=IFCPOLYLINE((#37,#38,#39,#40,#41));
#43=IFCARBITRARYCLOSEDPROFILEDEF(.AREA.,$,#42);
#44=IFCCARTESIANPOINT((0.,0.,-9.));
#45=IFCAXIS2PLACEMENT3D(#44,$,$);
#46=IFCDIRECTION((0.,0.,1.));
#47=IFCEXTRUDEDAREASOLID(#43,#45,#46,9.);
#48=IFCCARTESIANPOINT((0.,0.,0.));
#49=IFCAXIS2PLACEMENT3D(#48,$,$);
#50=IFCSHAPEREPRESENTATION(#11,'Body','SweptSolid',(#47));
#51=IFCREPRESENTATIONMAP(#49,#50);
#52=IFCCARTESIANPOINT((0.,100.));
#53=IFCCARTESIANPOINT((500.,100.));
#54=IFCCARTESIANPOINT((600.,0.));
#55=IFCCARTESIANPOINT((100.00000000000001,0.));
#56=IFCCARTESIANPOINT((0.,100.));
#57=IFCPOLYLINE((#52,#53,#54,#55,#56));
#58=IFCARBITRARYCLOSEDPROFILEDEF(.AREA.,$,#57);
#59=IFCCARTESIANPOINT((0.,0.,-9.));
#60=IFCAXIS2PLACEMENT3D(#59,$,$);
#61=IFCDIRECTION((0.,0.,1.));
#62=IFCEXTRUDEDAREASOLID(#58,#60,#61,9.);
#63=IFCCARTESIANPOINT((0.,0.,0.));
#64=IFCAXIS2PLACEMENT3D(#63,$,$);
#65=IFCSHAPEREPRESENTATION(#11,'Body','SweptSolid',(#62));
#66=IFCREPRESENTATIONMAP(#64,#65);
#67=IFCCARTESIANPOINT((0.,0.,0.));
#68=IFCAXIS2PLACEMENT3D(#67,$,$);
#69=IFCLOCALPLACEMENT(#26,#68);
#70=IFCCOVERING('205rHcRDLU3eRzFSAxH1Xz',$,'Duschboden chevron_60x10',$,$,#69,#2143,$,.FLOORING.);
#71=IFCRELCONTAINEDINSPATIALSTRUCTURE('0Kl4w3UwrOWe4OJTjTlC3A',$,$,$,(#70),#27);
#72=IFCRELCOVERSSPACES('3I5n79uE1S9foiIe4dH99g',$,$,$,#27,(#70));
#73=IFCPROPERTYSINGLEVALUE('Muster',$,IFCLABEL('chevron'),$);
#74=IFCPROPERTYSINGLEVALUE('Rasterursprung_u',$,IFCREAL(0.66669999999999996),$);
#75=IFCPROPERTYSINGLEVALUE('Rasterursprung_v',$,IFCREAL(0.33329999999999999),$);
#76=IFCPROPERTYSINGLEVALUE('Fugenbreite',$,IFCREAL(3.),$);
#77=IFCPROPERTYSINGLEVALUE('Gefaelle_Prozent',$,IFCREAL(1.5),$);
#78=IFCPROPERTYSINGLEVALUE('Entwaesserung',$,IFCLABEL('punkt'),$);
#79=IFCPROPERTYSINGLEVALUE('Verschnitt',$,IFCREAL(0.23230000000000001),$);
#80=IFCPROPERTYSINGLEVALUE('RohlingeBedarf',$,IFCINTEGER(98),$);
#81=IFCPROPERTYSINGLEVALUE('Pakete',$,IFCINTEGER(5),$);
#82=IFCPROPERTYSINGLEVALUE('Kaliber',$,IFCLABEL('W2'),$);
#83=IFCPROPERTYSET('2qSbeDoL9KyeKMVEdgo3pR',$,'HP_Verlegung',$,(#73,#74,#75,#76,#77,#78,#79,#80,#81,#82));
#84=IFCRELDEFINESBYPROPERTIES('0bWYhJmgLR0By3io7Pxtsa',$,$,$,(#70),#83);
#85=IFCPROPERTYSINGLEVALUE('BatchReference',$,IFCLABEL('BEISPIEL-CHARGE-B7'),$);
#86=IFCPROPERTYSET('2Q5j$43WHMpBx23WkqxiJH',$,'Pset_ManufacturerOccurrence',$,(#85));
#87=IFCRELDEFINESBYPROPERTIES('1ps70E_HfRvfVRBBod4WPt',$,$,$,(#70),#86);
#88=IFCQUANTITYLENGTH('Width',$,$,9.,$);
#89=IFCQUANTITYAREA('GrossArea',$,$,4.7717000000000001,$);
#90=IFCQUANTITYAREA('NetArea',$,$,4.5141,$);
#91=IFCELEMENTQUANTITY('2EDYjGOjDSc9CWkzftVOIU',$,'Qto_CoveringBaseQuantities',$,$,(#88,#89,#90));
#92=IFCRELDEFINESBYPROPERTIES('02YghGOqfJoxGXIJn4VDPF',$,$,$,(#70),#91);
#93=IFCCARTESIANPOINT((0.,0.,0.));
#94=IFCAXIS2PLACEMENT3D(#93,$,$);
#95=IFCCARTESIANPOINT((0.,0.,0.));
#96=IFCCARTESIANTRANSFORMATIONOPERATOR3D($,$,#95,$,$);
#97=IFCCARTESIANPOINTLIST3D(((234.69999999999999,92.870000000000005,3.5209999999999999),(234.69999999999999,-48.549999999999997,3.5209999999999999),(132.77000000000001,53.369999999999997,1.992),(232.77000000000001,94.790000000000006,3.492),(234.69999999999999,92.870000000000005,-5.4790000000000001),(234.69999999999999,-48.549999999999997,-5.4790000000000001),(132.77000000000001,53.369999999999997,-7.008),(232.77000000000001,94.790000000000006,-5.508)),$);
#98=IFCINDEXEDPOLYGONALFACE((1,2,3,4));
#99=IFCINDEXEDPOLYGONALFACE((8,7,6,5));
#100=IFCINDEXEDPOLYGONALFACE((1,5,6,2));
#101=IFCINDEXEDPOLYGONALFACE((2,6,7,3));
#102=IFCINDEXEDPOLYGONALFACE((3,7,8,4));
#103=IFCINDEXEDPOLYGONALFACE((4,8,5,1));
#104=IFCPOLYGONALFACESET(#97,.T.,(#98,#99,#100,#101,#102,#103),$);
#105=IFCSHAPEREPRESENTATION(#11,'Body','Tessellation',(#104));
#106=IFCREPRESENTATIONMAP(#94,#105);
#107=IFCMAPPEDITEM(#106,#96);
#108=IFCCARTESIANPOINTLIST3D(((230.47999999999999,97.090000000000003,3.4740000000000002),(130.47999999999999,55.670000000000002,1.974),(55.670000000000002,130.47999999999999,1.974),(97.090000000000003,230.47999999999999,3.4740000000000002),(230.47999999999999,97.090000000000003,-5.5259999999999998),(130.47999999999999,55.670000000000002,-7.0259999999999998),(55.670000000000002,130.47999999999999,-7.0259999999999998),(97.090000000000003,230.47999999999999,-5.5259999999999998)),$);
#109=IFCINDEXEDPOLYGONALFACE((1,2,3,4));
#110=IFCINDEXEDPOLYGONALFACE((8,7,6,5));
#111=IFCINDEXEDPOLYGONALFACE((1,5,6,2));
#112=IFCINDEXEDPOLYGONALFACE((2,6,7,3));
#113=IFCINDEXEDPOLYGONALFACE((3,7,8,4));
#114=IFCINDEXEDPOLYGONALFACE((4,8,5,1));
#115=IFCPOLYGONALFACESET(#108,.T.,(#109,#110,#111,#112,#113,#114),$);
#116=IFCSHAPEREPRESENTATION(#11,'Body','Tessellation',(#115));
#117=IFCREPRESENTATIONMAP(#94,#116);
#118=IFCMAPPEDITEM(#117,#96);
#119=IFCCARTESIANPOINTLIST3D(((94.790000000000006,232.77000000000001,3.492),(53.369999999999997,132.77000000000001,1.992),(-118.84999999999999,305.,4.5750000000000002),(-118.84999999999999,446.42000000000002,6.6959999999999997),(94.790000000000006,232.77000000000001,-5.508),(53.369999999999997,132.77000000000001,-7.008),(-118.84999999999999,305.,-4.4249999999999998),(-118.84999999999999,446.42000000000002,-2.3040000000000003)),$);
#120=IFCINDEXEDPOLYGONALFACE((1,2,3,4));
#121=IFCINDEXEDPOLYGONALFACE((8,7,6,5));
#122=IFCINDEXEDPOLYGONALFACE((1,5,6,2));
#123=IFCINDEXEDPOLYGONALFACE((2,6,7,3));
#124=IFCINDEXEDPOLYGONALFACE((3,7,8,4));
#125=IFCINDEXEDPOLYGONALFACE((4,8,5,1));
#126=IFCPOLYGONALFACESET(#119,.T.,(#120,#121,#122,#123,#124,#125),$);
#127=IFCSHAPEREPRESENTATION(#11,'Body','Tessellation',(#126));
#128=IFCREPRESENTATIONMAP(#94,#127);
#129=IFCMAPPEDITEM(#128,#96);
#130=IFCCARTESIANPOINTLIST3D(((-660.92999999999995,275.38999999999999,9.9309999999999992),(-831.96000000000004,346.23000000000002,12.497),(-831.96000000000004,446.42000000000002,13.558999999999999),(-660.92999999999995,275.38999999999999,0.93099999999999916),(-831.96000000000004,346.23000000000002,3.4969999999999999),(-831.96000000000004,446.42000000000002,4.5589999999999993)),$);
#131=IFCINDEXEDPOLYGONALFACE((1,2,3));
#132=IFCINDEXEDPOLYGONALFACE((6,5,4));
#133=IFCINDEXEDPOLYGONALFACE((1,4,5,2));
#134=IFCINDEXEDPOLYGONALFACE((2,5,6,3));
#135=IFCINDEXEDPOLYGONALFACE((3,6,4,1));
#136=IFCPOLYGONALFACESET(#130,.T.,(#131,#132,#133,#134,#135),$);
#137=IFCSHAPEREPRESENTATION(#11,'Body','Tessellation',(#136));
#138=IFCREPRESENTATIONMAP(#94,#137);
#139=IFCMAPPEDITEM(#138,#96);
#140=IFCCARTESIANPOINTLIST3D(((-478.39999999999998,92.870000000000005,7.1760000000000002),(-478.39999999999998,-48.549999999999997,7.1760000000000002),(-831.96000000000004,305.,12.478999999999999),(-831.96000000000004,342.98000000000002,12.478999999999999),(-655.38,269.83999999999997,9.8309999999999995),(-478.39999999999998,92.870000000000005,-1.8239999999999998),(-478.39999999999998,-48.549999999999997,-1.8239999999999998),(-831.96000000000004,305.,3.4789999999999992),(-831.96000000000004,342.98000000000002,3.4789999999999992),(-655.38,269.83999999999997,0.83099999999999952)),$);
#141=IFCINDEXEDPOLYGONALFACE((1,2,3,4,5));
#142=IFCINDEXEDPOLYGONALFACE((10,9,8,7,6));
#143=IFCINDEXEDPOLYGONALFACE((1,6,7,2));
#144=IFCINDEXEDPOLYGONALFACE((2,7,8,3));
#145=IFCINDEXEDPOLYGONALFACE((3,8,9,4));
#146=IFCINDEXEDPOLYGONALFACE((4,9,10,5));
#147=IFCINDEXEDPOLYGONALFACE((5,10,6,1));
#148=IFCPOLYGONALFACESET(#140,.T.,(#141,#142,#143,#144,#145,#146,#147),$);
#149=IFCSHAPEREPRESENTATION(#11,'Body','Tessellation',(#148));
#150=IFCREPRESENTATIONMAP(#94,#149);
#151=IFCMAPPEDITEM(#150,#96);
#152=IFCCARTESIANPOINTLIST3D(((947.80999999999995,92.870000000000005,14.217000000000001),(947.80999999999995,-48.549999999999997,14.217000000000001),(637.01999999999998,262.24000000000001,9.5549999999999997),(737.01999999999998,303.66000000000003,11.055),(947.80999999999995,92.870000000000005,5.2170000000000005),(947.80999999999995,-48.549999999999997,5.2170000000000005),(637.01999999999998,262.24000000000001,0.55499999999999972),(737.01999999999998,303.66000000000003,2.0549999999999997)),$);
#153=IFCINDEXEDPOLYGONALFACE((1,2,3,4));
#154=IFCINDEXEDPOLYGONALFACE((8,7,6,5));
#155=IFCINDEXEDPOLYGONALFACE((1,5,6,2));
#156=IFCINDEXEDPOLYGONALFACE((2,6,7,3));
#157=IFCINDEXEDPOLYGONALFACE((3,7,8,4));
#158=IFCINDEXEDPOLYGONALFACE((4,8,5,1));
#159=IFCPOLYGONALFACESET(#152,.T.,(#153,#154,#155,#156,#157,#158),$);
#160=IFCSHAPEREPRESENTATION(#11,'Body','Tessellation',(#159));
#161=IFCREPRESENTATIONMAP(#94,#160);
#162=IFCMAPPEDITEM(#161,#96);
#163=IFCCARTESIANPOINTLIST3D(((734.72000000000003,305.94999999999999,11.038),(634.72000000000003,264.52999999999997,9.5380000000000003),(594.25999999999999,305.,9.5380000000000003),(594.25999999999999,446.42000000000002,11.038),(734.72000000000003,305.94999999999999,2.0380000000000003),(634.72000000000003,264.52999999999997,0.53800000000000026),(594.25999999999999,305.,0.53800000000000026),(594.25999999999999,446.42000000000002,2.0380000000000003)),$);
#164=IFCINDEXEDPOLYGONALFACE((1,2,3,4));
#165=IFCINDEXEDPOLYGONALFACE((8,7,6,5));
#166=IFCINDEXEDPOLYGONALFACE((1,5,6,2));
#167=IFCINDEXEDPOLYGONALFACE((2,6,7,3));
#168=IFCINDEXEDPOLYGONALFACE((3,7,8,4));
#169=IFCINDEXEDPOLYGONALFACE((4,8,5,1));
#170=IFCPOLYGONALFACESET(#163,.T.,(#164,#165,#166,#167,#168,#169),$);
#171=IFCSHAPEREPRESENTATION(#11,'Body','Tessellation',(#170));
#172=IFCREPRESENTATIONMAP(#94,#171);
#173=IFCMAPPEDITEM(#172,#96);
#174=IFCCARTESIANPOINTLIST3D(((213.59,-1197.,17.954999999999998),(72.170000000000002,-1197.,17.954999999999998),(-118.84999999999999,-1005.98,15.09),(-118.84999999999999,-864.55999999999995,12.968),(213.59,-1197.,8.9549999999999983),(72.170000000000002,-1197.,8.9549999999999983),(-118.84999999999999,-1005.98,6.0899999999999999),(-118.84999999999999,-864.55999999999995,3.968)),$);
#175=IFCINDEXEDPOLYGONALFACE((1,2,3,4));
#176=IFCINDEXEDPOLYGONALFACE((8,7,6,5));
#177=IFCINDEXEDPOLYGONALFACE((1,5,6,2));
#178=IFCINDEXEDPOLYGONALFACE((2,6,7,3));
#179=IFCINDEXEDPOLYGONALFACE((3,7,8,4));
#180=IFCINDEXEDPOLYGONALFACE((4,8,5,1));
#181=IFCPOLYGONALFACESET(#174,.T.,(#175,#176,#177,#178,#179,#180),$);
#182=IFCSHAPEREPRESENTATION(#11,'Body','Tessellation',(#181));
#183=IFCREPRESENTATIONMAP(#94,#182);
#184=IFCMAPPEDITEM(#183,#96);
#185=IFCCARTESIANPOINTLIST3D(((711.25999999999999,-981.55999999999995,17.954999999999998),(640.54999999999995,-1052.27,17.954999999999998),(594.25999999999999,-1005.98,16.972999999999999),(594.25999999999999,-864.55999999999995,15.473000000000001),(711.25999999999999,-981.55999999999995,8.9549999999999983),(640.54999999999995,-1052.27,8.9549999999999983),(594.25999999999999,-1005.98,7.972999999999999),(594.25999999999999,-864.55999999999995,6.4730000000000008)),$);
#186=IFCINDEXEDPOLYGONALFACE((1,2,3,4));
#187=IFCINDEXEDPOLYGONALFACE((8,7,6,5));
#188=IFCINDEXEDPOLYGONALFACE((1,5,6,2));
#189=IFCINDEXEDPOLYGONALFACE((2,6,7,3));
#190=IFCINDEXEDPOLYGONALFACE((3,7,8,4));
#191=IFCINDEXEDPOLYGONALFACE((4,8,5,1));
#192=IFCPOLYGONALFACESET(#185,.T.,(#186,#187,#188,#189,#190,#191),$);
#193=IFCSHAPEREPRESENTATION(#11,'Body','Tessellation',(#192));
#194=IFCREPRESENTATIONMAP(#94,#193);
#195=IFCMAPPEDITEM(#194,#96);
#196=IFCCARTESIANPOINTLIST3D(((67.930000000000007,-1197.,17.954999999999998),(-73.489999999999995,-1197.,17.954999999999998),(-118.84999999999999,-1151.6400000000001,17.274999999999999),(-118.84999999999999,-1010.22,15.153),(67.930000000000007,-1197.,8.9549999999999983),(-73.489999999999995,-1197.,8.9549999999999983),(-118.84999999999999,-1151.6400000000001,8.2749999999999986),(-118.84999999999999,-1010.22,6.1530000000000005)),$);
#197=IFCINDEXEDPOLYGONALFACE((1,2,3,4));
#198=IFCINDEXEDPOLYGONALFACE((8,7,6,5));
#199=IFCINDEXEDPOLYGONALFACE((1,5,6,2));
#200=IFCINDEXEDPOLYGONALFACE((2,6,7,3));
#201=IFCINDEXEDPOLYGONALFACE((3,7,8,4));
#202=IFCINDEXEDPOLYGONALFACE((4,8,5,1));
#203=IFCPOLYGONALFACESET(#196,.T.,(#197,#198,#199,#200,#201,#202),$);
#204=IFCSHAPEREPRESENTATION(#11,'Body','Tessellation',(#203));
#205=IFCREPRESENTATIONMAP(#94,#204);
#206=IFCMAPPEDITEM(#205,#96);
#207=IFCCARTESIANPOINTLIST3D(((638.41999999999996,-1054.3900000000001,17.954999999999998),(594.25999999999999,-1098.5599999999999,17.954999999999998),(594.25999999999999,-1010.22,17.018000000000001),(638.41999999999996,-1054.3900000000001,8.9549999999999983),(594.25999999999999,-1098.5599999999999,8.9549999999999983),(594.25999999999999,-1010.22,8.0180000000000007)),$);
#208=IFCINDEXEDPOLYGONALFACE((1,2,3));
#209=IFCINDEXEDPOLYGONALFACE((6,5,4));
#210=IFCINDEXEDPOLYGONALFACE((1,4,5,2));
#211=IFCINDEXEDPOLYGONALFACE((2,5,6,3));
#212=IFCINDEXEDPOLYGONALFACE((3,6,4,1));
#213=IFCPOLYGONALFACESET(#207,.T.,(#208,#209,#210,#211,#212),$);
#214=IFCSHAPEREPRESENTATION(#11,'Body','Tessellation',(#213));
#215=IFCREPRESENTATIONMAP(#94,#214);
#216=IFCMAPPEDITEM(#215,#96);
#217=IFCCARTESIANPOINTLIST3D(((-77.739999999999995,-1197.,17.954999999999998),(-118.84999999999999,-1197.,17.954999999999998),(-118.84999999999999,-1155.8800000000001,17.338000000000001),(-77.739999999999995,-1197.,8.9549999999999983),(-118.84999999999999,-1197.,8.9549999999999983),(-118.84999999999999,-1155.8800000000001,8.338000000000001)),$);
#218=IFCINDEXEDPOLYGONALFACE((1,2,3));
#219=IFCINDEXEDPOLYGONALFACE((6,5,4));
#220=IFCINDEXEDPOLYGONALFACE((1,4,5,2));
#221=IFCINDEXEDPOLYGONALFACE((2,5,6,3));
#222=IFCINDEXEDPOLYGONALFACE((3,6,4,1));
#223=IFCPOLYGONALFACESET(#217,.T.,(#218,#219,#220,#221,#222),$);
#224=IFCSHAPEREPRESENTATION(#11,'Body','Tessellation',(#223));
#225=IFCREPRESENTATIONMAP(#94,#224);
#226=IFCMAPPEDITEM(#225,#96);
#227=IFCCARTESIANPOINTLIST3D(((234.69999999999999,-52.799999999999997,3.5209999999999999),(234.69999999999999,-95.590000000000003,3.5209999999999999),(78.,-30.690000000000001,1.1699999999999999),(78.,30.690000000000001,1.1699999999999999),(129.77000000000001,52.130000000000003,1.9470000000000001),(234.69999999999999,-52.799999999999997,-5.4790000000000001),(234.69999999999999,-95.590000000000003,-5.4790000000000001),(78.,-30.690000000000001,-7.8300000000000001),(78.,30.690000000000001,-7.8300000000000001),(129.77000000000001,52.130000000000003,-7.0529999999999999)),$);
#228=IFCINDEXEDPOLYGONALFACE((1,2,3,4,5));
#229=IFCINDEXEDPOLYGONALFACE((10,9,8,7,6));
#230=IFCINDEXEDPOLYGONALFACE((1,6,7,2));
#231=IFCINDEXEDPOLYGONALFACE((2,7,8,3));
#232=IFCINDEXEDPOLYGONALFACE((3,8,9,4));
#233=IFCINDEXEDPOLYGONALFACE((4,9,10,5));
#234=IFCINDEXEDPOLYGONALFACE((5,10,6,1));
#235=IFCPOLYGONALFACESET(#227,.T.,(#228,#229,#230,#231,#232,#233,#234),$);
#236=IFCSHAPEREPRESENTATION(#11,'Body','Tessellation',(#235));
#237=IFCREPRESENTATIONMAP(#94,#236);
#238=IFCMAPPEDITEM(#237,#96);
#239=IFCCARTESIANPOINTLIST3D(((127.48,54.43,1.929),(78.,33.93,1.1870000000000001),(78.,78.,1.655),(33.93,78.,1.1870000000000001),(54.43,127.48,1.929),(127.48,54.43,-7.0709999999999997),(78.,33.93,-7.8129999999999997),(78.,78.,-7.3449999999999998),(33.93,78.,-7.8129999999999997),(54.43,127.48,-7.0709999999999997)),$);
#240=IFCINDEXEDPOLYGONALFACE((1,2,3,4,5));
#241=IFCINDEXEDPOLYGONALFACE((10,9,8,7,6));
#242=IFCINDEXEDPOLYGONALFACE((1,6,7,2));
#243=IFCINDEXEDPOLYGONALFACE((2,7,8,3));
#244=IFCINDEXEDPOLYGONALFACE((3,8,9,4));
#245=IFCINDEXEDPOLYGONALFACE((4,9,10,5));
#246=IFCINDEXEDPOLYGONALFACE((5,10,6,1));
#247=IFCPOLYGONALFACESET(#239,.T.,(#240,#241,#242,#243,#244,#245,#246),$);
#248=IFCSHAPEREPRESENTATION(#11,'Body','Tessellation',(#247));
#249=IFCREPRESENTATIONMAP(#94,#248);
#250=IFCMAPPEDITEM(#249,#96);
#251=IFCCARTESIANPOINTLIST3D(((52.130000000000003,129.77000000000001,1.9470000000000001),(30.690000000000001,78.,1.1699999999999999),(-30.690000000000001,78.,1.1699999999999999),(-118.84999999999999,290.85000000000002,4.3630000000000004),(-118.84999999999999,300.75999999999999,4.5110000000000001),(52.130000000000003,129.77000000000001,-7.0529999999999999),(30.690000000000001,78.,-7.8300000000000001),(-30.690000000000001,78.,-7.8300000000000001),(-118.84999999999999,290.85000000000002,-4.6369999999999996),(-118.84999999999999,300.75999999999999,-4.4889999999999999)),$);
#252=IFCINDEXEDPOLYGONALFACE((1,2,3,4,5));
#253=IFCINDEXEDPOLYGONALFACE((10,9,8,7,6));
#254=IFCINDEXEDPOLYGONALFACE((1,6,7,2));
#255=IFCINDEXEDPOLYGONALFACE((2,7,8,3));
#256=IFCINDEXEDPOLYGONALFACE((3,8,9,4));
#257=IFCINDEXEDPOLYGONALFACE((4,9,10,5));
#258=IFCINDEXEDPOLYGONALFACE((5,10,6,1));
#259=IFCPOLYGONALFACESET(#251,.T.,(#252,#253,#254,#255,#256,#257,#258),$);
#260=IFCSHAPEREPRESENTATION(#11,'Body','Tessellation',(#259));
#261=IFCREPRESENTATIONMAP(#94,#260);
#262=IFCMAPPEDITEM(#261,#96);
#263=IFCCARTESIANPOINTLIST3D(((-118.84999999999999,159.33000000000001,2.9510000000000001),(-118.84999999999999,283.00999999999999,4.2619999999999996),(-33.93,78.,1.1870000000000001),(-37.520000000000003,78.,1.2250000000000001),(-118.84999999999999,159.33000000000001,-6.0489999999999995),(-118.84999999999999,283.00999999999999,-4.7380000000000004),(-33.93,78.,-7.8129999999999997),(-37.520000000000003,78.,-7.7750000000000004)),$);
#264=IFCINDEXEDPOLYGONALFACE((1,2,3,4));
#265=IFCINDEXEDPOLYGONALFACE((8,7,6,5));
#266=IFCINDEXEDPOLYGONALFACE((1,5,6,2));
#267=IFCINDEXEDPOLYGONALFACE((2,6,7,3));
#268=IFCINDEXEDPOLYGONALFACE((3,7,8,4));
#269=IFCINDEXEDPOLYGONALFACE((4,8,5,1));
#270=IFCPOLYGONALFACESET(#263,.T.,(#264,#265,#266,#267,#268,#269),$);
#271=IFCSHAPEREPRESENTATION(#11,'Body','Tessellation',(#270));
#272=IFCREPRESENTATIONMAP(#94,#271);
#273=IFCMAPPEDITEM(#272,#96);
#274=IFCCARTESIANPOINTLIST3D(((234.69999999999999,-194.22,4.5490000000000004),(78.,-37.520000000000003,1.2250000000000001),(78.,-33.93,1.1870000000000001),(234.69999999999999,-98.840000000000003,3.5379999999999998),(234.69999999999999,-194.22,-4.4509999999999996),(78.,-37.520000000000003,-7.7750000000000004),(78.,-33.93,-7.8129999999999997),(234.69999999999999,-98.840000000000003,-5.4619999999999997)),$);
#275=IFCINDEXEDPOLYGONALFACE((1,2,3,4));
#276=IFCINDEXEDPOLYGONALFACE((8,7,6,5));
#277=IFCINDEXEDPOLYGONALFACE((1,5,6,2));
#278=IFCINDEXEDPOLYGONALFACE((2,6,7,3));
#279=IFCINDEXEDPOLYGONALFACE((3,7,8,4));
#280=IFCINDEXEDPOLYGONALFACE((4,8,5,1));
#281=IFCPOLYGONALFACESET(#274,.T.,(#275,#276,#277,#278,#279,#280),$);
#282=IFCSHAPEREPRESENTATION(#11,'Body','Tessellation',(#281));
#283=IFCREPRESENTATIONMAP(#94,#282);
#284=IFCMAPPEDITEM(#283,#96);
#285=IFCDIRECTION((0.70706700978578629,-0.70706700978578618,-0.010606005146786796));
#286=IFCDIRECTION((0.70698747816789431,0.70714655035048224,-0.010604812172518411));
#287=IFCCARTESIANPOINT((-902.66899999999998,230.04499999999999,13.539999999999999));
#288=IFCDIRECTION((0.014998312784712243,-1.8367635744408672E-18,0.99988751898081629));
#289=IFCCARTESIANTRANSFORMATIONOPERATOR3D(#285,#286,#287,$,#288);
#290=IFCMAPPEDITEM(#66,#289);
#291=IFCCARTESIANPOINTLIST3D(((947.80999999999995,-52.799999999999997,14.217000000000001),(947.80999999999995,-194.22,14.217000000000001),(594.25999999999999,159.33000000000001,8.9139999999999997),(594.25999999999999,244.53,8.9139999999999997),(634.01999999999998,260.99000000000001,9.5099999999999998),(947.80999999999995,-52.799999999999997,5.2170000000000005),(947.80999999999995,-194.22,5.2170000000000005),(594.25999999999999,159.33000000000001,-0.086000000000000298),(594.25999999999999,244.53,-0.086000000000000298),(634.01999999999998,260.99000000000001,0.50999999999999979)),$);
#292=IFCINDEXEDPOLYGONALFACE((1,2,3,4,5));
#293=IFCINDEXEDPOLYGONALFACE((10,9,8,7,6));
#294=IFCINDEXEDPOLYGONALFACE((1,6,7,2));
#295=IFCINDEXEDPOLYGONALFACE((2,7,8,3));
#296=IFCINDEXEDPOLYGONALFACE((3,8,9,4));
#297=IFCINDEXEDPOLYGONALFACE((4,9,10,5));
#298=IFCINDEXEDPOLYGONALFACE((5,10,6,1));
#299=IFCPOLYGONALFACESET(#291,.T.,(#292,#293,#294,#295,#296,#297,#298),$);
#300=IFCSHAPEREPRESENTATION(#11,'Body','Tessellation',(#299));
#301=IFCREPRESENTATIONMAP(#94,#300);
#302=IFCMAPPEDITEM(#301,#96);
#303=IFCCARTESIANPOINTLIST3D(((631.72000000000003,263.29000000000002,9.4930000000000003),(594.25999999999999,247.77000000000001,8.9309999999999992),(594.25999999999999,300.75999999999999,9.4930000000000003),(631.72000000000003,263.29000000000002,0.49300000000000033),(594.25999999999999,247.77000000000001,-0.069000000000000838),(594.25999999999999,300.75999999999999,0.49300000000000033)),$);
#304=IFCINDEXEDPOLYGONALFACE((1,2,3));
#305=IFCINDEXEDPOLYGONALFACE((6,5,4));
#306=IFCINDEXEDPOLYGONALFACE((1,4,5,2));
#307=IFCINDEXEDPOLYGONALFACE((2,5,6,3));
#308=IFCINDEXEDPOLYGONALFACE((3,6,4,1));
#309=IFCPOLYGONALFACESET(#303,.T.,(#304,#305,#306,#307,#308),$);
#310=IFCSHAPEREPRESENTATION(#11,'Body','Tessellation',(#309));
#311=IFCREPRESENTATIONMAP(#94,#310);
#312=IFCMAPPEDITEM(#311,#96);
#313=IFCCARTESIANPOINTLIST3D(((-41.759999999999998,78.,1.27),(-78.,78.,1.655),(-78.,33.93,1.1870000000000001),(-118.84999999999999,50.850000000000001,1.8),(-118.84999999999999,155.09,2.9060000000000001),(-41.759999999999998,78.,-7.7300000000000004),(-78.,78.,-7.3449999999999998),(-78.,33.93,-7.8129999999999997),(-118.84999999999999,50.850000000000001,-7.2000000000000002),(-118.84999999999999,155.09,-6.0939999999999994)),$);
#314=IFCINDEXEDPOLYGONALFACE((1,2,3,4,5));
#315=IFCINDEXEDPOLYGONALFACE((10,9,8,7,6));
#316=IFCINDEXEDPOLYGONALFACE((1,6,7,2));
#317=IFCINDEXEDPOLYGONALFACE((2,7,8,3));
#318=IFCINDEXEDPOLYGONALFACE((3,8,9,4));
#319=IFCINDEXEDPOLYGONALFACE((4,9,10,5));
#320=IFCINDEXEDPOLYGONALFACE((5,10,6,1));
#321=IFCPOLYGONALFACESET(#313,.T.,(#314,#315,#316,#317,#318,#319,#320),$);
#322=IFCSHAPEREPRESENTATION(#11,'Body','Tessellation',(#321));
#323=IFCREPRESENTATIONMAP(#94,#322);
#324=IFCMAPPEDITEM(#323,#96);
#325=IFCCARTESIANPOINTLIST3D(((-118.84999999999999,13.67,1.7829999999999999),(-118.84999999999999,47.609999999999999,1.7829999999999999),(-78.,30.690000000000001,1.1699999999999999),(-78.,-27.18,1.1699999999999999),(-118.84999999999999,13.67,-7.2170000000000005),(-118.84999999999999,47.609999999999999,-7.2170000000000005),(-78.,30.690000000000001,-7.8300000000000001),(-78.,-27.18,-7.8300000000000001)),$);
#326=IFCINDEXEDPOLYGONALFACE((1,2,3,4));
#327=IFCINDEXEDPOLYGONALFACE((8,7,6,5));
#328=IFCINDEXEDPOLYGONALFACE((1,5,6,2));
#329=IFCINDEXEDPOLYGONALFACE((2,6,7,3));
#330=IFCINDEXEDPOLYGONALFACE((3,7,8,4));
#331=IFCINDEXEDPOLYGONALFACE((4,8,5,1));
#332=IFCPOLYGONALFACESET(#325,.T.,(#326,#327,#328,#329,#330,#331),$);
#333=IFCSHAPEREPRESENTATION(#11,'Body','Tessellation',(#332));
#334=IFCREPRESENTATIONMAP(#94,#333);
#335=IFCMAPPEDITEM(#334,#96);
#336=IFCCARTESIANPOINTLIST3D(((-27.18,-78.,1.1699999999999999),(30.690000000000001,-78.,1.1699999999999999),(71.599999999999994,-176.78,2.6520000000000001),(-27.18,-78.,-7.8300000000000001),(30.690000000000001,-78.,-7.8300000000000001),(71.599999999999994,-176.78,-6.3479999999999999)),$);
#337=IFCINDEXEDPOLYGONALFACE((1,2,3));
#338=IFCINDEXEDPOLYGONALFACE((6,5,4));
#339=IFCINDEXEDPOLYGONALFACE((1,4,5,2));
#340=IFCINDEXEDPOLYGONALFACE((2,5,6,3));
#341=IFCINDEXEDPOLYGONALFACE((3,6,4,1));
#342=IFCPOLYGONALFACESET(#336,.T.,(#337,#338,#339,#340,#341),$);
#343=IFCSHAPEREPRESENTATION(#11,'Body','Tessellation',(#342));
#344=IFCREPRESENTATIONMAP(#94,#343);
#345=IFCMAPPEDITEM(#344,#96);
#346=IFCCARTESIANPOINTLIST3D(((234.69999999999999,-198.46000000000001,4.5940000000000003),(234.69999999999999,-339.88,6.0940000000000003),(77.150000000000006,-182.33000000000001,2.7519999999999998),(33.93,-78.,1.1870000000000001),(78.,-78.,1.655),(78.,-41.759999999999998,1.27),(234.69999999999999,-198.46000000000001,-4.4059999999999997),(234.69999999999999,-339.88,-2.9059999999999997),(77.150000000000006,-182.33000000000001,-6.2480000000000002),(33.93,-78.,-7.8129999999999997),(78.,-78.,-7.3449999999999998),(78.,-41.759999999999998,-7.7300000000000004)),$);
#347=IFCINDEXEDPOLYGONALFACE((1,2,3,4,5,6));
#348=IFCINDEXEDPOLYGONALFACE((12,11,10,9,8,7));
#349=IFCINDEXEDPOLYGONALFACE((1,7,8,2));
#350=IFCINDEXEDPOLYGONALFACE((2,8,9,3));
#351=IFCINDEXEDPOLYGONALFACE((3,9,10,4));
#352=IFCINDEXEDPOLYGONALFACE((4,10,11,5));
#353=IFCINDEXEDPOLYGONALFACE((5,11,12,6));
#354=IFCINDEXEDPOLYGONALFACE((6,12,7,1));
#355=IFCPOLYGONALFACESET(#346,.T.,(#347,#348,#349,#350,#351,#352,#353,#354),$);
#356=IFCSHAPEREPRESENTATION(#11,'Body','Tessellation',(#355));
#357=IFCREPRESENTATIONMAP(#94,#356);
#358=IFCMAPPEDITEM(#357,#96);
#359=IFCCARTESIANPOINTLIST3D(((-479.75999999999999,-197.09999999999999,7.1959999999999997),(-579.75999999999999,-238.52000000000001,8.6959999999999997),(-831.96000000000004,13.67,12.478999999999999),(-831.96000000000004,155.09,12.478999999999999),(-479.75999999999999,-197.09999999999999,-1.8040000000000003),(-579.75999999999999,-238.52000000000001,-0.30400000000000027),(-831.96000000000004,13.67,3.4789999999999992),(-831.96000000000004,155.09,3.4789999999999992)),$);
#360=IFCINDEXEDPOLYGONALFACE((1,2,3,4));
#361=IFCINDEXEDPOLYGONALFACE((8,7,6,5));
#362=IFCINDEXEDPOLYGONALFACE((1,5,6,2));
#363=IFCINDEXEDPOLYGONALFACE((2,6,7,3));
#364=IFCINDEXEDPOLYGONALFACE((3,7,8,4));
#365=IFCINDEXEDPOLYGONALFACE((4,8,5,1));
#366=IFCPOLYGONALFACESET(#359,.T.,(#360,#361,#362,#363,#364,#365),$);
#367=IFCSHAPEREPRESENTATION(#11,'Body','Tessellation',(#366));
#368=IFCREPRESENTATIONMAP(#94,#367);
#369=IFCMAPPEDITEM(#368,#96);
#370=IFCCARTESIANPOINTLIST3D(((-478.39999999999998,-339.88,8.6790000000000003),(-577.47000000000003,-240.81999999999999,8.6790000000000003),(-478.39999999999998,-199.78999999999999,7.1929999999999996),(-478.39999999999998,-339.88,-0.32099999999999973),(-577.47000000000003,-240.81999999999999,-0.32099999999999973),(-478.39999999999998,-199.78999999999999,-1.8070000000000004)),$);
#371=IFCINDEXEDPOLYGONALFACE((1,2,3));
#372=IFCINDEXEDPOLYGONALFACE((6,5,4));
#373=IFCINDEXEDPOLYGONALFACE((1,4,5,2));
#374=IFCINDEXEDPOLYGONALFACE((2,5,6,3));
#375=IFCINDEXEDPOLYGONALFACE((3,6,4,1));
#376=IFCPOLYGONALFACESET(#370,.T.,(#371,#372,#373,#374,#375),$);
#377=IFCSHAPEREPRESENTATION(#11,'Body','Tessellation',(#376));
#378=IFCREPRESENTATIONMAP(#94,#377);
#379=IFCMAPPEDITEM(#378,#96);
#380=IFCDIRECTION((0.70706700978578629,-0.70706700978578618,0.010606005146786794));
#381=IFCDIRECTION((0.70698747816789431,0.70714655035048224,0.010604812172518413));
#382=IFCCARTESIANPOINT((523.54499999999996,84.381,7.8529999999999998));
#383=IFCDIRECTION((-0.014998312784712243,-0.,0.99988751898081629));
#384=IFCCARTESIANTRANSFORMATIONOPERATOR3D(#380,#381,#382,$,#383);
#385=IFCMAPPEDITEM(#66,#384);
#386=IFCCARTESIANPOINTLIST3D(((-78.519999999999996,-30.899999999999999,1.1779999999999999),(-118.84999999999999,-47.609999999999999,1.7829999999999999),(-118.84999999999999,9.4299999999999997,1.7829999999999999),(-78.519999999999996,-30.899999999999999,-7.8220000000000001),(-118.84999999999999,-47.609999999999999,-7.2170000000000005),(-118.84999999999999,9.4299999999999997,-7.2170000000000005)),$);
#387=IFCINDEXEDPOLYGONALFACE((1,2,3));
#388=IFCINDEXEDPOLYGONALFACE((6,5,4));
#389=IFCINDEXEDPOLYGONALFACE((1,4,5,2));
#390=IFCINDEXEDPOLYGONALFACE((2,5,6,3));
#391=IFCINDEXEDPOLYGONALFACE((3,6,4,1));
#392=IFCPOLYGONALFACESET(#386,.T.,(#387,#388,#389,#390,#391),$);
#393=IFCSHAPEREPRESENTATION(#11,'Body','Tessellation',(#392));
#394=IFCREPRESENTATIONMAP(#94,#393);
#395=IFCMAPPEDITEM(#394,#96);
#396=IFCCARTESIANPOINTLIST3D(((-118.84999999999999,-131.99000000000001,2.661),(-118.84999999999999,-50.850000000000001,1.8),(-78.,-33.93,1.1870000000000001),(-78.,-78.,1.655),(-33.93,-78.,1.1870000000000001),(-74.620000000000005,-176.22999999999999,2.661),(-118.84999999999999,-131.99000000000001,-6.3390000000000004),(-118.84999999999999,-50.850000000000001,-7.2000000000000002),(-78.,-33.93,-7.8129999999999997),(-78.,-78.,-7.3449999999999998),(-33.93,-78.,-7.8129999999999997),(-74.620000000000005,-176.22999999999999,-6.3390000000000004)),$);
#397=IFCINDEXEDPOLYGONALFACE((1,2,3,4,5,6));
#398=IFCINDEXEDPOLYGONALFACE((12,11,10,9,8,7));
#399=IFCINDEXEDPOLYGONALFACE((1,7,8,2));
#400=IFCINDEXEDPOLYGONALFACE((2,8,9,3));
#401=IFCINDEXEDPOLYGONALFACE((3,9,10,4));
#402=IFCINDEXEDPOLYGONALFACE((4,10,11,5));
#403=IFCINDEXEDPOLYGONALFACE((5,11,12,6));
#404=IFCINDEXEDPOLYGONALFACE((6,12,7,1));
#405=IFCPOLYGONALFACESET(#396,.T.,(#397,#398,#399,#400,#401,#402,#403,#404),$);
#406=IFCSHAPEREPRESENTATION(#11,'Body','Tessellation',(#405));
#407=IFCREPRESENTATIONMAP(#94,#406);
#408=IFCMAPPEDITEM(#407,#96);
#409=IFCCARTESIANPOINTLIST3D(((74.599999999999994,-184.03,2.7599999999999998),(174.59999999999999,-425.44999999999999,6.3819999999999997),(-72.319999999999993,-178.52000000000001,2.6779999999999999),(-30.899999999999999,-78.519999999999996,1.1779999999999999),(74.599999999999994,-184.03,-6.2400000000000002),(174.59999999999999,-425.44999999999999,-2.6180000000000003),(-72.319999999999993,-178.52000000000001,-6.3220000000000001),(-30.899999999999999,-78.519999999999996,-7.8220000000000001)),$);
#410=IFCINDEXEDPOLYGONALFACE((1,2,3,4));
#411=IFCINDEXEDPOLYGONALFACE((8,7,6,5));
#412=IFCINDEXEDPOLYGONALFACE((1,5,6,2));
#413=IFCINDEXEDPOLYGONALFACE((2,6,7,3));
#414=IFCINDEXEDPOLYGONALFACE((3,7,8,4));
#415=IFCINDEXEDPOLYGONALFACE((4,8,5,1));
#416=IFCPOLYGONALFACESET(#409,.T.,(#410,#411,#412,#413,#414,#415),$);
#417=IFCSHAPEREPRESENTATION(#11,'Body','Tessellation',(#416));
#418=IFCREPRESENTATIONMAP(#94,#417);
#419=IFCMAPPEDITEM(#418,#96);
#420=IFCCARTESIANPOINTLIST3D(((234.69999999999999,-344.13,6.1390000000000002),(234.69999999999999,-485.55000000000001,7.6390000000000002),(180.15000000000001,-430.99000000000001,6.4820000000000002),(80.150000000000006,-189.56999999999999,2.8610000000000002),(234.69999999999999,-344.13,-2.8609999999999998),(234.69999999999999,-485.55000000000001,-1.3609999999999998),(180.15000000000001,-430.99000000000001,-2.5179999999999998),(80.150000000000006,-189.56999999999999,-6.1389999999999993)),$);
#421=IFCINDEXEDPOLYGONALFACE((1,2,3,4));
#422=IFCINDEXEDPOLYGONALFACE((8,7,6,5));
#423=IFCINDEXEDPOLYGONALFACE((1,5,6,2));
#424=IFCINDEXEDPOLYGONALFACE((2,6,7,3));
#425=IFCINDEXEDPOLYGONALFACE((3,7,8,4));
#426=IFCINDEXEDPOLYGONALFACE((4,8,5,1));
#427=IFCPOLYGONALFACESET(#420,.T.,(#421,#422,#423,#424,#425,#426),$);
#428=IFCSHAPEREPRESENTATION(#11,'Body','Tessellation',(#427));
#429=IFCREPRESENTATIONMAP(#94,#428);
#430=IFCMAPPEDITEM(#429,#96);
#431=IFCCARTESIANPOINTLIST3D(((-582.75999999999999,-239.77000000000001,8.7409999999999997),(-682.75999999999999,-281.19,10.241),(-831.96000000000004,-131.99000000000001,12.478999999999999),(-831.96000000000004,9.4299999999999997,12.478999999999999),(-582.75999999999999,-239.77000000000001,-0.25900000000000034),(-682.75999999999999,-281.19,1.2409999999999997),(-831.96000000000004,-131.99000000000001,3.4789999999999992),(-831.96000000000004,9.4299999999999997,3.4789999999999992)),$);
#432=IFCINDEXEDPOLYGONALFACE((1,2,3,4));
#433=IFCINDEXEDPOLYGONALFACE((8,7,6,5));
#434=IFCINDEXEDPOLYGONALFACE((1,5,6,2));
#435=IFCINDEXEDPOLYGONALFACE((2,6,7,3));
#436=IFCINDEXEDPOLYGONALFACE((3,7,8,4));
#437=IFCINDEXEDPOLYGONALFACE((4,8,5,1));
#438=IFCPOLYGONALFACESET(#431,.T.,(#432,#433,#434,#435,#436,#437),$);
#439=IFCSHAPEREPRESENTATION(#11,'Body','Tessellation',(#438));
#440=IFCREPRESENTATIONMAP(#94,#439);
#441=IFCMAPPEDITEM(#440,#96);
#442=IFCCARTESIANPOINTLIST3D(((-478.39999999999998,-344.13,8.7240000000000002),(-478.39999999999998,-485.55000000000001,10.224),(-680.47000000000003,-283.48000000000002,10.224),(-580.47000000000003,-242.06,8.7240000000000002),(-478.39999999999998,-344.13,-0.2759999999999998),(-478.39999999999998,-485.55000000000001,1.2240000000000002),(-680.47000000000003,-283.48000000000002,1.2240000000000002),(-580.47000000000003,-242.06,-0.2759999999999998)),$);
#443=IFCINDEXEDPOLYGONALFACE((1,2,3,4));
#444=IFCINDEXEDPOLYGONALFACE((8,7,6,5));
#445=IFCINDEXEDPOLYGONALFACE((1,5,6,2));
#446=IFCINDEXEDPOLYGONALFACE((2,6,7,3));
#447=IFCINDEXEDPOLYGONALFACE((3,7,8,4));
#448=IFCINDEXEDPOLYGONALFACE((4,8,5,1));
#449=IFCPOLYGONALFACESET(#442,.T.,(#443,#444,#445,#446,#447,#448),$);
#450=IFCSHAPEREPRESENTATION(#11,'Body','Tessellation',(#449));
#451=IFCREPRESENTATIONMAP(#94,#450);
#452=IFCMAPPEDITEM(#451,#96);
#453=IFCCARTESIANPOINTLIST3D(((947.80999999999995,-344.13,14.217000000000001),(947.80999999999995,-390.97000000000003,14.217000000000001),(786.36000000000001,-324.10000000000002,11.795),(594.25999999999999,-131.99000000000001,8.9139999999999997),(594.25999999999999,9.4299999999999997,8.9139999999999997),(947.80999999999995,-344.13,5.2170000000000005),(947.80999999999995,-390.97000000000003,5.2170000000000005),(786.36000000000001,-324.10000000000002,2.7949999999999999),(594.25999999999999,-131.99000000000001,-0.086000000000000298),(594.25999999999999,9.4299999999999997,-0.086000000000000298)),$);
#454=IFCINDEXEDPOLYGONALFACE((1,2,3,4,5));
#455=IFCINDEXEDPOLYGONALFACE((10,9,8,7,6));
#456=IFCINDEXEDPOLYGONALFACE((1,6,7,2));
#457=IFCINDEXEDPOLYGONALFACE((2,7,8,3));
#458=IFCINDEXEDPOLYGONALFACE((3,8,9,4));
#459=IFCINDEXEDPOLYGONALFACE((4,9,10,5));
#460=IFCINDEXEDPOLYGONALFACE((5,10,6,1));
#461=IFCPOLYGONALFACESET(#453,.T.,(#454,#455,#456,#457,#458,#459,#460),$);
#462=IFCSHAPEREPRESENTATION(#11,'Body','Tessellation',(#461));
#463=IFCREPRESENTATIONMAP(#94,#462);
#464=IFCMAPPEDITEM(#463,#96);
#465=IFCCARTESIANPOINTLIST3D(((947.80999999999995,-485.55000000000001,15.202999999999999),(791.89999999999998,-329.63999999999999,11.896000000000001),(947.80999999999995,-394.22000000000003,14.234),(947.80999999999995,-485.55000000000001,6.2029999999999994),(791.89999999999998,-329.63999999999999,2.8960000000000008),(947.80999999999995,-394.22000000000003,5.234)),$);
#466=IFCINDEXEDPOLYGONALFACE((1,2,3));
#467=IFCINDEXEDPOLYGONALFACE((6,5,4));
#468=IFCINDEXEDPOLYGONALFACE((1,4,5,2));
#469=IFCINDEXEDPOLYGONALFACE((2,5,6,3));
#470=IFCINDEXEDPOLYGONALFACE((3,6,4,1));
#471=IFCPOLYGONALFACESET(#465,.T.,(#466,#467,#468,#469,#470),$);
#472=IFCSHAPEREPRESENTATION(#11,'Body','Tessellation',(#471));
#473=IFCREPRESENTATIONMAP(#94,#472);
#474=IFCMAPPEDITEM(#473,#96);
#475=IFCCARTESIANPOINTLIST3D(((-75.859999999999999,-179.22999999999999,2.706),(-117.28,-279.23000000000002,4.2060000000000004),(-118.84999999999999,-277.66000000000003,4.2060000000000004),(-118.84999999999999,-136.24000000000001,2.706),(-75.859999999999999,-179.22999999999999,-6.2940000000000005),(-117.28,-279.23000000000002,-4.7939999999999996),(-118.84999999999999,-277.66000000000003,-4.7939999999999996),(-118.84999999999999,-136.24000000000001,-6.2940000000000005)),$);
#476=IFCINDEXEDPOLYGONALFACE((1,2,3,4));
#477=IFCINDEXEDPOLYGONALFACE((8,7,6,5));
#478=IFCINDEXEDPOLYGONALFACE((1,5,6,2));
#479=IFCINDEXEDPOLYGONALFACE((2,6,7,3));
#480=IFCINDEXEDPOLYGONALFACE((3,7,8,4));
#481=IFCINDEXEDPOLYGONALFACE((4,8,5,1));
#482=IFCPOLYGONALFACESET(#475,.T.,(#476,#477,#478,#479,#480,#481),$);
#483=IFCSHAPEREPRESENTATION(#11,'Body','Tessellation',(#482));
#484=IFCREPRESENTATIONMAP(#94,#483);
#485=IFCMAPPEDITEM(#484,#96);
#486=IFCCARTESIANPOINTLIST3D(((177.59999999999999,-432.69,6.4900000000000002),(234.69999999999999,-570.53999999999996,8.5579999999999998),(234.69999999999999,-631.21000000000004,9.468),(-114.98999999999999,-281.51999999999998,4.2229999999999999),(-73.569999999999993,-181.52000000000001,2.7229999999999999),(177.59999999999999,-432.69,-2.5099999999999998),(234.69999999999999,-570.53999999999996,-0.44200000000000017),(234.69999999999999,-631.21000000000004,0.46799999999999997),(-114.98999999999999,-281.51999999999998,-4.7770000000000001),(-73.569999999999993,-181.52000000000001,-6.2770000000000001)),$);
#487=IFCINDEXEDPOLYGONALFACE((1,2,3,4,5));
#488=IFCINDEXEDPOLYGONALFACE((10,9,8,7,6));
#489=IFCINDEXEDPOLYGONALFACE((1,6,7,2));
#490=IFCINDEXEDPOLYGONALFACE((2,7,8,3));
#491=IFCINDEXEDPOLYGONALFACE((3,8,9,4));
#492=IFCINDEXEDPOLYGONALFACE((4,9,10,5));
#493=IFCINDEXEDPOLYGONALFACE((5,10,6,1));
#494=IFCPOLYGONALFACESET(#486,.T.,(#487,#488,#489,#490,#491,#492,#493),$);
#495=IFCSHAPEREPRESENTATION(#11,'Body','Tessellation',(#494));
#496=IFCREPRESENTATIONMAP(#94,#495);
#497=IFCMAPPEDITEM(#496,#96);
#498=IFCCARTESIANPOINTLIST3D(((234.69999999999999,-489.79000000000002,7.6840000000000002),(234.69999999999999,-562.70000000000005,8.4580000000000002),(183.15000000000001,-438.23000000000002,6.5910000000000002),(234.69999999999999,-489.79000000000002,-1.3159999999999998),(234.69999999999999,-562.70000000000005,-0.54199999999999982),(183.15000000000001,-438.23000000000002,-2.4089999999999998)),$);
#499=IFCINDEXEDPOLYGONALFACE((1,2,3));
#500=IFCINDEXEDPOLYGONALFACE((6,5,4));
#501=IFCINDEXEDPOLYGONALFACE((1,4,5,2));
#502=IFCINDEXEDPOLYGONALFACE((2,5,6,3));
#503=IFCINDEXEDPOLYGONALFACE((3,6,4,1));
#504=IFCPOLYGONALFACESET(#498,.T.,(#499,#500,#501,#502,#503),$);
#505=IFCSHAPEREPRESENTATION(#11,'Body','Tessellation',(#504));
#506=IFCREPRESENTATIONMAP(#94,#505);
#507=IFCMAPPEDITEM(#506,#96);
#508=IFCCARTESIANPOINTLIST3D(((-685.75999999999999,-282.43000000000001,10.286),(-785.75999999999999,-323.85000000000002,11.786),(-831.96000000000004,-277.66000000000003,12.478999999999999),(-831.96000000000004,-136.24000000000001,12.478999999999999),(-685.75999999999999,-282.43000000000001,1.2859999999999996),(-785.75999999999999,-323.85000000000002,2.7859999999999996),(-831.96000000000004,-277.66000000000003,3.4789999999999992),(-831.96000000000004,-136.24000000000001,3.4789999999999992)),$);
#509=IFCINDEXEDPOLYGONALFACE((1,2,3,4));
#510=IFCINDEXEDPOLYGONALFACE((8,7,6,5));
#511=IFCINDEXEDPOLYGONALFACE((1,5,6,2));
#512=IFCINDEXEDPOLYGONALFACE((2,6,7,3));
#513=IFCINDEXEDPOLYGONALFACE((3,7,8,4));
#514=IFCINDEXEDPOLYGONALFACE((4,8,5,1));
#515=IFCPOLYGONALFACESET(#508,.T.,(#509,#510,#511,#512,#513,#514),$);
#516=IFCSHAPEREPRESENTATION(#11,'Body','Tessellation',(#515));
#517=IFCREPRESENTATIONMAP(#94,#516);
#518=IFCMAPPEDITEM(#517,#96);
#519=IFCCARTESIANPOINTLIST3D(((-478.39999999999998,-489.79000000000002,10.269),(-478.39999999999998,-631.21000000000004,11.769),(-783.47000000000003,-326.14999999999998,11.769),(-683.47000000000003,-284.73000000000002,10.269),(-478.39999999999998,-489.79000000000002,1.2690000000000001),(-478.39999999999998,-631.21000000000004,2.7690000000000001),(-783.47000000000003,-326.14999999999998,2.7690000000000001),(-683.47000000000003,-284.73000000000002,1.2690000000000001)),$);
#520=IFCINDEXEDPOLYGONALFACE((1,2,3,4));
#521=IFCINDEXEDPOLYGONALFACE((8,7,6,5));
#522=IFCINDEXEDPOLYGONALFACE((1,5,6,2));
#523=IFCINDEXEDPOLYGONALFACE((2,6,7,3));
#524=IFCINDEXEDPOLYGONALFACE((3,7,8,4));
#525=IFCINDEXEDPOLYGONALFACE((4,8,5,1));
#526=IFCPOLYGONALFACESET(#519,.T.,(#520,#521,#522,#523,#524,#525),$);
#527=IFCSHAPEREPRESENTATION(#11,'Body','Tessellation',(#526));
#528=IFCREPRESENTATIONMAP(#94,#527);
#529=IFCMAPPEDITEM(#528,#96);
#530=IFCCARTESIANPOINTLIST3D(((779.12,-321.10000000000002,11.686999999999999),(594.25999999999999,-244.53,8.9139999999999997),(594.25999999999999,-136.24000000000001,8.9139999999999997),(779.12,-321.10000000000002,2.6869999999999994),(594.25999999999999,-244.53,-0.086000000000000298),(594.25999999999999,-136.24000000000001,-0.086000000000000298)),$);
#531=IFCINDEXEDPOLYGONALFACE((1,2,3));
#532=IFCINDEXEDPOLYGONALFACE((6,5,4));
#533=IFCINDEXEDPOLYGONALFACE((1,4,5,2));
#534=IFCINDEXEDPOLYGONALFACE((2,5,6,3));
#535=IFCINDEXEDPOLYGONALFACE((3,6,4,1));
#536=IFCPOLYGONALFACESET(#530,.T.,(#531,#532,#533,#534,#535),$);
#537=IFCSHAPEREPRESENTATION(#11,'Body','Tessellation',(#536));
#538=IFCREPRESENTATIONMAP(#94,#537);
#539=IFCMAPPEDITEM(#538,#96);
#540=IFCCARTESIANPOINTLIST3D(((947.80999999999995,-489.79000000000002,15.247999999999999),(947.80999999999995,-631.21000000000004,16.748000000000001),(594.25999999999999,-277.66000000000003,9.2479999999999993),(594.25999999999999,-247.77000000000001,8.9309999999999992),(784.65999999999997,-326.63999999999999,11.787000000000001),(947.80999999999995,-489.79000000000002,6.2479999999999993),(947.80999999999995,-631.21000000000004,7.7480000000000011),(594.25999999999999,-277.66000000000003,0.24799999999999933),(594.25999999999999,-247.77000000000001,-0.069000000000000838),(784.65999999999997,-326.63999999999999,2.7870000000000008)),$);
#541=IFCINDEXEDPOLYGONALFACE((1,2,3,4,5));
#542=IFCINDEXEDPOLYGONALFACE((10,9,8,7,6));
#543=IFCINDEXEDPOLYGONALFACE((1,6,7,2));
#544=IFCINDEXEDPOLYGONALFACE((2,7,8,3));
#545=IFCINDEXEDPOLYGONALFACE((3,8,9,4));
#546=IFCINDEXEDPOLYGONALFACE((4,9,10,5));
#547=IFCINDEXEDPOLYGONALFACE((5,10,6,1));
#548=IFCPOLYGONALFACESET(#540,.T.,(#541,#542,#543,#544,#545,#546,#547),$);
#549=IFCSHAPEREPRESENTATION(#11,'Body','Tessellation',(#548));
#550=IFCREPRESENTATIONMAP(#94,#549);
#551=IFCMAPPEDITEM(#550,#96);
#552=IFCCARTESIANPOINTLIST3D(((234.69999999999999,-635.45000000000005,9.532),(234.69999999999999,-776.87,11.653),(-118.84999999999999,-423.31999999999999,6.3499999999999996),(-118.84999999999999,-290.85000000000002,4.3630000000000004),(-116.23,-284.51999999999998,4.2679999999999998),(234.69999999999999,-635.45000000000005,0.53200000000000003),(234.69999999999999,-776.87,2.6530000000000005),(-118.84999999999999,-423.31999999999999,-2.6500000000000004),(-118.84999999999999,-290.85000000000002,-4.6369999999999996),(-116.23,-284.51999999999998,-4.7320000000000002)),$);
#553=IFCINDEXEDPOLYGONALFACE((1,2,3,4,5));
#554=IFCINDEXEDPOLYGONALFACE((10,9,8,7,6));
#555=IFCINDEXEDPOLYGONALFACE((1,6,7,2));
#556=IFCINDEXEDPOLYGONALFACE((2,7,8,3));
#557=IFCINDEXEDPOLYGONALFACE((3,8,9,4));
#558=IFCINDEXEDPOLYGONALFACE((4,9,10,5));
#559=IFCINDEXEDPOLYGONALFACE((5,10,6,1));
#560=IFCPOLYGONALFACESET(#552,.T.,(#553,#554,#555,#556,#557,#558,#559),$);
#561=IFCSHAPEREPRESENTATION(#11,'Body','Tessellation',(#560));
#562=IFCREPRESENTATIONMAP(#94,#561);
#563=IFCMAPPEDITEM(#562,#96);
#564=IFCCARTESIANPOINTLIST3D(((-788.75999999999999,-325.08999999999997,11.831),(-831.96000000000004,-342.98000000000002,12.478999999999999),(-831.96000000000004,-281.89999999999998,12.478999999999999),(-788.75999999999999,-325.08999999999997,2.8309999999999995),(-831.96000000000004,-342.98000000000002,3.4789999999999992),(-831.96000000000004,-281.89999999999998,3.4789999999999992)),$);
#565=IFCINDEXEDPOLYGONALFACE((1,2,3));
#566=IFCINDEXEDPOLYGONALFACE((6,5,4));
#567=IFCINDEXEDPOLYGONALFACE((1,4,5,2));
#568=IFCINDEXEDPOLYGONALFACE((2,5,6,3));
#569=IFCINDEXEDPOLYGONALFACE((3,6,4,1));
#570=IFCPOLYGONALFACESET(#564,.T.,(#565,#566,#567,#568,#569),$);
#571=IFCSHAPEREPRESENTATION(#11,'Body','Tessellation',(#570));
#572=IFCREPRESENTATIONMAP(#94,#571);
#573=IFCMAPPEDITEM(#572,#96);
#574=IFCCARTESIANPOINTLIST3D(((-478.39999999999998,-635.45000000000005,11.814),(-478.39999999999998,-776.87,13.314),(-831.96000000000004,-423.31999999999999,13.314),(-831.96000000000004,-346.23000000000002,12.497),(-786.47000000000003,-327.38999999999999,11.814),(-478.39999999999998,-635.45000000000005,2.8140000000000001),(-478.39999999999998,-776.87,4.3140000000000001),(-831.96000000000004,-423.31999999999999,4.3140000000000001),(-831.96000000000004,-346.23000000000002,3.4969999999999999),(-786.47000000000003,-327.38999999999999,2.8140000000000001)),$);
#575=IFCINDEXEDPOLYGONALFACE((1,2,3,4,5));
#576=IFCINDEXEDPOLYGONALFACE((10,9,8,7,6));
#577=IFCINDEXEDPOLYGONALFACE((1,6,7,2));
#578=IFCINDEXEDPOLYGONALFACE((2,7,8,3));
#579=IFCINDEXEDPOLYGONALFACE((3,8,9,4));
#580=IFCINDEXEDPOLYGONALFACE((4,9,10,5));
#581=IFCINDEXEDPOLYGONALFACE((5,10,6,1));
#582=IFCPOLYGONALFACESET(#574,.T.,(#575,#576,#577,#578,#579,#580,#581),$);
#583=IFCSHAPEREPRESENTATION(#11,'Body','Tessellation',(#582));
#584=IFCREPRESENTATIONMAP(#94,#583);
#585=IFCMAPPEDITEM(#584,#96);
#586=IFCCARTESIANPOINTLIST3D(((947.80999999999995,-635.45000000000005,16.792999999999999),(947.80999999999995,-745.,17.954999999999998),(931.87,-760.94000000000005,17.954999999999998),(594.25999999999999,-423.31999999999999,10.792999999999999),(594.25999999999999,-281.89999999999998,9.2929999999999993),(947.80999999999995,-635.45000000000005,7.7929999999999993),(947.80999999999995,-745.,8.9549999999999983),(931.87,-760.94000000000005,8.9549999999999983),(594.25999999999999,-423.31999999999999,1.7929999999999993),(594.25999999999999,-281.89999999999998,0.29299999999999926)),$);
#587=IFCINDEXEDPOLYGONALFACE((1,2,3,4,5));
#588=IFCINDEXEDPOLYGONALFACE((10,9,8,7,6));
#589=IFCINDEXEDPOLYGONALFACE((1,6,7,2));
#590=IFCINDEXEDPOLYGONALFACE((2,7,8,3));
#591=IFCINDEXEDPOLYGONALFACE((3,8,9,4));
#592=IFCINDEXEDPOLYGONALFACE((4,9,10,5));
#593=IFCINDEXEDPOLYGONALFACE((5,10,6,1));
#594=IFCPOLYGONALFACESET(#586,.T.,(#587,#588,#589,#590,#591,#592,#593),$);
#595=IFCSHAPEREPRESENTATION(#11,'Body','Tessellation',(#594));
#596=IFCREPRESENTATIONMAP(#94,#595);
#597=IFCMAPPEDITEM(#596,#96);
#598=IFCDIRECTION((0.70706700978578629,-0.70706700978578618,0.010606005146786791));
#599=IFCDIRECTION((0.70714655035048213,0.70698747816789442,-0.010604812172518416));
#600=IFCCARTESIANPOINT((-189.56200000000001,-498.27499999999998,7.4740000000000002));
#601=IFCDIRECTION((2.7551453616613009E-18,0.014998312784712243,0.99988751898081629));
#602=IFCCARTESIANTRANSFORMATIONOPERATOR3D(#598,#599,#600,$,#601);
#603=IFCMAPPEDITEM(#66,#602);
#604=IFCDIRECTION((0.70710678118654757,-0.70710678118654746,-3.4694469519536142E-18));
#605=IFCDIRECTION((0.70702724509512793,0.70702724509512804,-0.014998312784712246));
#606=IFCCARTESIANPOINT((-902.66899999999998,-498.27499999999998,14.859));
#607=IFCDIRECTION((0.010605408676426922,0.010605408676426918,0.99988751898081629));
#608=IFCCARTESIANTRANSFORMATIONOPERATOR3D(#604,#605,#606,$,#607);
#609=IFCMAPPEDITEM(#66,#608);
#610=IFCCARTESIANPOINTLIST3D(((929.75,-763.05999999999995,17.954999999999998),(859.03999999999996,-833.76999999999998,17.954999999999998),(594.25999999999999,-568.99000000000001,12.337999999999999),(594.25999999999999,-427.56,10.837999999999999),(929.75,-763.05999999999995,8.9549999999999983),(859.03999999999996,-833.76999999999998,8.9549999999999983),(594.25999999999999,-568.99000000000001,3.3379999999999992),(594.25999999999999,-427.56,1.8379999999999992)),$);
#611=IFCINDEXEDPOLYGONALFACE((1,2,3,4));
#612=IFCINDEXEDPOLYGONALFACE((8,7,6,5));
#613=IFCINDEXEDPOLYGONALFACE((1,5,6,2));
#614=IFCINDEXEDPOLYGONALFACE((2,6,7,3));
#615=IFCINDEXEDPOLYGONALFACE((3,7,8,4));
#616=IFCINDEXEDPOLYGONALFACE((4,8,5,1));
#617=IFCPOLYGONALFACESET(#610,.T.,(#611,#612,#613,#614,#615,#616),$);
#618=IFCSHAPEREPRESENTATION(#11,'Body','Tessellation',(#617));
#619=IFCREPRESENTATIONMAP(#94,#618);
#620=IFCMAPPEDITEM(#619,#96);
#621=IFCDIRECTION((0.70706700978578629,-0.70706700978578618,0.010606005146786791));
#622=IFCDIRECTION((0.70714655035048213,0.70698747816789442,-0.010604812172518416));
#623=IFCCARTESIANPOINT((-189.56200000000001,-643.93899999999996,9.6590000000000007));
#624=IFCDIRECTION((2.7551453616613009E-18,0.014998312784712243,0.99988751898081629));
#625=IFCCARTESIANTRANSFORMATIONOPERATOR3D(#621,#622,#623,$,#624);
#626=IFCMAPPEDITEM(#66,#625);
#627=IFCDIRECTION((0.70710678118654757,-0.70710678118654746,-3.4694469519536142E-18));
#628=IFCDIRECTION((0.70702724509512793,0.70702724509512804,-0.014998312784712246));
#629=IFCCARTESIANPOINT((-902.66899999999998,-643.93899999999996,16.404));
#630=IFCDIRECTION((0.010605408676426922,0.010605408676426918,0.99988751898081629));
#631=IFCCARTESIANTRANSFORMATIONOPERATOR3D(#627,#628,#629,$,#630);
#632=IFCMAPPEDITEM(#66,#631);
#633=IFCCARTESIANPOINTLIST3D(((856.91999999999996,-835.88999999999999,17.954999999999998),(786.21000000000004,-906.60000000000002,17.954999999999998),(594.25999999999999,-714.64999999999998,13.882999999999999),(594.25999999999999,-573.23000000000002,12.382999999999999),(856.91999999999996,-835.88999999999999,8.9549999999999983),(786.21000000000004,-906.60000000000002,8.9549999999999983),(594.25999999999999,-714.64999999999998,4.8829999999999991),(594.25999999999999,-573.23000000000002,3.3829999999999991)),$);
#634=IFCINDEXEDPOLYGONALFACE((1,2,3,4));
#635=IFCINDEXEDPOLYGONALFACE((8,7,6,5));
#636=IFCINDEXEDPOLYGONALFACE((1,5,6,2));
#637=IFCINDEXEDPOLYGONALFACE((2,6,7,3));
#638=IFCINDEXEDPOLYGONALFACE((3,7,8,4));
#639=IFCINDEXEDPOLYGONALFACE((4,8,5,1));
#640=IFCPOLYGONALFACESET(#633,.T.,(#634,#635,#636,#637,#638,#639),$);
#641=IFCSHAPEREPRESENTATION(#11,'Body','Tessellation',(#640));
#642=IFCREPRESENTATIONMAP(#94,#641);
#643=IFCMAPPEDITEM(#642,#96);
#644=IFCCARTESIANPOINTLIST3D(((234.69999999999999,-1072.45,16.087),(234.69999999999999,-1197.,17.954999999999998),(217.84,-1197.,17.954999999999998),(-118.84999999999999,-860.30999999999995,12.904999999999999),(-118.84999999999999,-718.88999999999999,10.782999999999999),(234.69999999999999,-1072.45,7.0869999999999997),(234.69999999999999,-1197.,8.9549999999999983),(217.84,-1197.,8.9549999999999983),(-118.84999999999999,-860.30999999999995,3.9049999999999994),(-118.84999999999999,-718.88999999999999,1.7829999999999995)),$);
#645=IFCINDEXEDPOLYGONALFACE((1,2,3,4,5));
#646=IFCINDEXEDPOLYGONALFACE((10,9,8,7,6));
#647=IFCINDEXEDPOLYGONALFACE((1,6,7,2));
#648=IFCINDEXEDPOLYGONALFACE((2,7,8,3));
#649=IFCINDEXEDPOLYGONALFACE((3,8,9,4));
#650=IFCINDEXEDPOLYGONALFACE((4,9,10,5));
#651=IFCINDEXEDPOLYGONALFACE((5,10,6,1));
#652=IFCPOLYGONALFACESET(#644,.T.,(#645,#646,#647,#648,#649,#650,#651),$);
#653=IFCSHAPEREPRESENTATION(#11,'Body','Tessellation',(#652));
#654=IFCREPRESENTATIONMAP(#94,#653);
#655=IFCMAPPEDITEM(#654,#96);
#656=IFCCARTESIANPOINTLIST3D(((-478.39999999999998,-1072.45,16.449000000000002),(-478.39999999999998,-1151.05,17.283000000000001),(-496.80000000000001,-1195.47,17.949000000000002),(-831.96000000000004,-860.30999999999995,17.949000000000002),(-831.96000000000004,-718.88999999999999,16.449000000000002),(-478.39999999999998,-1072.45,7.4490000000000016),(-478.39999999999998,-1151.05,8.2830000000000013),(-496.80000000000001,-1195.47,8.9490000000000016),(-831.96000000000004,-860.30999999999995,8.9490000000000016),(-831.96000000000004,-718.88999999999999,7.4490000000000016)),$);
#657=IFCINDEXEDPOLYGONALFACE((1,2,3,4,5));
#658=IFCINDEXEDPOLYGONALFACE((10,9,8,7,6));
#659=IFCINDEXEDPOLYGONALFACE((1,6,7,2));
#660=IFCINDEXEDPOLYGONALFACE((2,7,8,3));
#661=IFCINDEXEDPOLYGONALFACE((3,8,9,4));
#662=IFCINDEXEDPOLYGONALFACE((4,9,10,5));
#663=IFCINDEXEDPOLYGONALFACE((5,10,6,1));
#664=IFCPOLYGONALFACESET(#656,.T.,(#657,#658,#659,#660,#661,#662,#663),$);
#665=IFCSHAPEREPRESENTATION(#11,'Body','Tessellation',(#664));
#666=IFCREPRESENTATIONMAP(#94,#665);
#667=IFCMAPPEDITEM(#666,#96);
#668=IFCCARTESIANPOINTLIST3D(((-478.39999999999998,-1197.,17.954999999999998),(-494.19,-1197.,17.954999999999998),(-478.39999999999998,-1158.8900000000001,17.382999999999999),(-478.39999999999998,-1197.,8.9549999999999983),(-494.19,-1197.,8.9549999999999983),(-478.39999999999998,-1158.8900000000001,8.3829999999999991)),$);
#669=IFCINDEXEDPOLYGONALFACE((1,2,3));
#670=IFCINDEXEDPOLYGONALFACE((6,5,4));
#671=IFCINDEXEDPOLYGONALFACE((1,4,5,2));
#672=IFCINDEXEDPOLYGONALFACE((2,5,6,3));
#673=IFCINDEXEDPOLYGONALFACE((3,6,4,1));
#674=IFCPOLYGONALFACESET(#668,.T.,(#669,#670,#671,#672,#673),$);
#675=IFCSHAPEREPRESENTATION(#11,'Body','Tessellation',(#674));
#676=IFCREPRESENTATIONMAP(#94,#675);
#677=IFCMAPPEDITEM(#676,#96);
#678=IFCCARTESIANPOINTLIST3D(((784.09000000000003,-908.72000000000003,17.954999999999998),(713.38,-979.44000000000005,17.954999999999998),(594.25999999999999,-860.30999999999995,15.428000000000001),(594.25999999999999,-718.88999999999999,13.928000000000001),(784.09000000000003,-908.72000000000003,8.9549999999999983),(713.38,-979.44000000000005,8.9549999999999983),(594.25999999999999,-860.30999999999995,6.4280000000000008),(594.25999999999999,-718.88999999999999,4.9280000000000008)),$);
#679=IFCINDEXEDPOLYGONALFACE((1,2,3,4));
#680=IFCINDEXEDPOLYGONALFACE((8,7,6,5));
#681=IFCINDEXEDPOLYGONALFACE((1,5,6,2));
#682=IFCINDEXEDPOLYGONALFACE((2,6,7,3));
#683=IFCINDEXEDPOLYGONALFACE((3,7,8,4));
#684=IFCINDEXEDPOLYGONALFACE((4,8,5,1));
#685=IFCPOLYGONALFACESET(#678,.T.,(#679,#680,#681,#682,#683,#684),$);
#686=IFCSHAPEREPRESENTATION(#11,'Body','Tessellation',(#685));
#687=IFCREPRESENTATIONMAP(#94,#686);
#688=IFCMAPPEDITEM(#687,#96);
#689=IFCCARTESIANPOINTLIST3D(((234.69999999999999,238.53,5.0190000000000001),(234.69999999999999,98.840000000000003,3.5379999999999998),(233.47999999999999,98.329999999999998,3.5190000000000001),(98.329999999999998,233.47999999999999,3.5190000000000001),(139.75,333.48000000000002,5.0190000000000001),(234.69999999999999,238.53,-3.9809999999999999),(234.69999999999999,98.840000000000003,-5.4619999999999997),(233.47999999999999,98.329999999999998,-5.4809999999999999),(98.329999999999998,233.47999999999999,-5.4809999999999999),(139.75,333.48000000000002,-3.9809999999999999)),$);
#690=IFCINDEXEDPOLYGONALFACE((1,2,3,4,5));
#691=IFCINDEXEDPOLYGONALFACE((10,9,8,7,6));
#692=IFCINDEXEDPOLYGONALFACE((1,6,7,2));
#693=IFCINDEXEDPOLYGONALFACE((2,7,8,3));
#694=IFCINDEXEDPOLYGONALFACE((3,8,9,4));
#695=IFCINDEXEDPOLYGONALFACE((4,9,10,5));
#696=IFCINDEXEDPOLYGONALFACE((5,10,6,1));
#697=IFCPOLYGONALFACESET(#689,.T.,(#690,#691,#692,#693,#694,#695,#696),$);
#698=IFCSHAPEREPRESENTATION(#11,'Body','Tessellation',(#697));
#699=IFCREPRESENTATIONMAP(#94,#698);
#700=IFCMAPPEDITEM(#699,#96);
#701=IFCCARTESIANPOINTLIST3D(((137.46000000000001,335.76999999999998,5.0369999999999999),(96.040000000000006,235.77000000000001,3.5369999999999999),(-118.84999999999999,450.66000000000003,6.7599999999999998),(-118.84999999999999,592.08000000000004,8.8810000000000002),(137.46000000000001,335.76999999999998,-3.9630000000000001),(96.040000000000006,235.77000000000001,-5.4630000000000001),(-118.84999999999999,450.66000000000003,-2.2400000000000002),(-118.84999999999999,592.08000000000004,-0.11899999999999977)),$);
#702=IFCINDEXEDPOLYGONALFACE((1,2,3,4));
#703=IFCINDEXEDPOLYGONALFACE((8,7,6,5));
#704=IFCINDEXEDPOLYGONALFACE((1,5,6,2));
#705=IFCINDEXEDPOLYGONALFACE((2,6,7,3));
#706=IFCINDEXEDPOLYGONALFACE((3,7,8,4));
#707=IFCINDEXEDPOLYGONALFACE((4,8,5,1));
#708=IFCPOLYGONALFACESET(#701,.T.,(#702,#703,#704,#705,#706,#707),$);
#709=IFCSHAPEREPRESENTATION(#11,'Body','Tessellation',(#708));
#710=IFCREPRESENTATIONMAP(#94,#709);
#711=IFCMAPPEDITEM(#710,#96);
#712=IFCCARTESIANPOINTLIST3D(((-478.39999999999998,238.53,7.6040000000000001),(-478.39999999999998,199.78999999999999,7.1929999999999996),(-653.67999999999995,272.38999999999999,9.8219999999999992),(-831.96000000000004,450.66000000000003,13.603999999999999),(-831.96000000000004,592.08000000000004,15.103999999999999),(-478.39999999999998,238.53,-1.3959999999999999),(-478.39999999999998,199.78999999999999,-1.8070000000000004),(-653.67999999999995,272.38999999999999,0.82199999999999918),(-831.96000000000004,450.66000000000003,4.6039999999999992),(-831.96000000000004,592.08000000000004,6.1039999999999992)),$);
#713=IFCINDEXEDPOLYGONALFACE((1,2,3,4,5));
#714=IFCINDEXEDPOLYGONALFACE((10,9,8,7,6));
#715=IFCINDEXEDPOLYGONALFACE((1,6,7,2));
#716=IFCINDEXEDPOLYGONALFACE((2,7,8,3));
#717=IFCINDEXEDPOLYGONALFACE((3,8,9,4));
#718=IFCINDEXEDPOLYGONALFACE((4,9,10,5));
#719=IFCINDEXEDPOLYGONALFACE((5,10,6,1));
#720=IFCPOLYGONALFACESET(#712,.T.,(#713,#714,#715,#716,#717,#718,#719),$);
#721=IFCSHAPEREPRESENTATION(#11,'Body','Tessellation',(#720));
#722=IFCREPRESENTATIONMAP(#94,#721);
#723=IFCMAPPEDITEM(#722,#96);
#724=IFCCARTESIANPOINTLIST3D(((-478.39999999999998,97.109999999999999,7.1760000000000002),(-648.13999999999999,266.83999999999997,9.7219999999999995),(-478.39999999999998,196.53999999999999,7.1760000000000002),(-478.39999999999998,97.109999999999999,-1.8239999999999998),(-648.13999999999999,266.83999999999997,0.72199999999999953),(-478.39999999999998,196.53999999999999,-1.8239999999999998)),$);
#725=IFCINDEXEDPOLYGONALFACE((1,2,3));
#726=IFCINDEXEDPOLYGONALFACE((6,5,4));
#727=IFCINDEXEDPOLYGONALFACE((1,4,5,2));
#728=IFCINDEXEDPOLYGONALFACE((2,5,6,3));
#729=IFCINDEXEDPOLYGONALFACE((3,6,4,1));
#730=IFCPOLYGONALFACESET(#724,.T.,(#725,#726,#727,#728,#729),$);
#731=IFCSHAPEREPRESENTATION(#11,'Body','Tessellation',(#730));
#732=IFCREPRESENTATIONMAP(#94,#731);
#733=IFCMAPPEDITEM(#732,#96);
#734=IFCCARTESIANPOINTLIST3D(((947.80999999999995,238.53,14.217000000000001),(947.80999999999995,97.109999999999999,14.217000000000001),(740.01999999999998,304.89999999999998,11.1),(840.01999999999998,346.31999999999999,12.6),(947.80999999999995,238.53,5.2170000000000005),(947.80999999999995,97.109999999999999,5.2170000000000005),(740.01999999999998,304.89999999999998,2.0999999999999996),(840.01999999999998,346.31999999999999,3.5999999999999996)),$);
#735=IFCINDEXEDPOLYGONALFACE((1,2,3,4));
#736=IFCINDEXEDPOLYGONALFACE((8,7,6,5));
#737=IFCINDEXEDPOLYGONALFACE((1,5,6,2));
#738=IFCINDEXEDPOLYGONALFACE((2,6,7,3));
#739=IFCINDEXEDPOLYGONALFACE((3,7,8,4));
#740=IFCINDEXEDPOLYGONALFACE((4,8,5,1));
#741=IFCPOLYGONALFACESET(#734,.T.,(#735,#736,#737,#738,#739,#740),$);
#742=IFCSHAPEREPRESENTATION(#11,'Body','Tessellation',(#741));
#743=IFCREPRESENTATIONMAP(#94,#742);
#744=IFCMAPPEDITEM(#743,#96);
#745=IFCCARTESIANPOINTLIST3D(((837.72000000000003,348.62,12.583),(737.72000000000003,307.19999999999999,11.083),(594.25999999999999,450.66000000000003,11.083),(594.25999999999999,592.08000000000004,12.583),(837.72000000000003,348.62,3.5830000000000002),(737.72000000000003,307.19999999999999,2.0830000000000002),(594.25999999999999,450.66000000000003,2.0830000000000002),(594.25999999999999,592.08000000000004,3.5830000000000002)),$);
#746=IFCINDEXEDPOLYGONALFACE((1,2,3,4));
#747=IFCINDEXEDPOLYGONALFACE((8,7,6,5));
#748=IFCINDEXEDPOLYGONALFACE((1,5,6,2));
#749=IFCINDEXEDPOLYGONALFACE((2,6,7,3));
#750=IFCINDEXEDPOLYGONALFACE((3,7,8,4));
#751=IFCINDEXEDPOLYGONALFACE((4,8,5,1));
#752=IFCPOLYGONALFACESET(#745,.T.,(#746,#747,#748,#749,#750,#751),$);
#753=IFCSHAPEREPRESENTATION(#11,'Body','Tessellation',(#752));
#754=IFCREPRESENTATIONMAP(#94,#753);
#755=IFCMAPPEDITEM(#754,#96);
#756=IFCCARTESIANPOINTLIST3D(((234.69999999999999,384.19,6.5640000000000001),(234.69999999999999,242.77000000000001,5.0640000000000001),(141.,336.48000000000002,5.0640000000000001),(182.41999999999999,436.48000000000002,6.5640000000000001),(234.69999999999999,384.19,-2.4359999999999999),(234.69999999999999,242.77000000000001,-3.9359999999999999),(141.,336.48000000000002,-3.9359999999999999),(182.41999999999999,436.48000000000002,-2.4359999999999999)),$);
#757=IFCINDEXEDPOLYGONALFACE((1,2,3,4));
#758=IFCINDEXEDPOLYGONALFACE((8,7,6,5));
#759=IFCINDEXEDPOLYGONALFACE((1,5,6,2));
#760=IFCINDEXEDPOLYGONALFACE((2,6,7,3));
#761=IFCINDEXEDPOLYGONALFACE((3,7,8,4));
#762=IFCINDEXEDPOLYGONALFACE((4,8,5,1));
#763=IFCPOLYGONALFACESET(#756,.T.,(#757,#758,#759,#760,#761,#762),$);
#764=IFCSHAPEREPRESENTATION(#11,'Body','Tessellation',(#763));
#765=IFCREPRESENTATIONMAP(#94,#764);
#766=IFCMAPPEDITEM(#765,#96);
#767=IFCCARTESIANPOINTLIST3D(((180.12,438.76999999999998,6.5819999999999999),(138.69999999999999,338.76999999999998,5.0819999999999999),(-118.84999999999999,596.33000000000004,8.9450000000000003),(-118.84999999999999,737.75,11.066000000000001),(180.12,438.76999999999998,-2.4180000000000001),(138.69999999999999,338.76999999999998,-3.9180000000000001),(-118.84999999999999,596.33000000000004,-0.054999999999999716),(-118.84999999999999,737.75,2.0660000000000007)),$);
#768=IFCINDEXEDPOLYGONALFACE((1,2,3,4));
#769=IFCINDEXEDPOLYGONALFACE((8,7,6,5));
#770=IFCINDEXEDPOLYGONALFACE((1,5,6,2));
#771=IFCINDEXEDPOLYGONALFACE((2,6,7,3));
#772=IFCINDEXEDPOLYGONALFACE((3,7,8,4));
#773=IFCINDEXEDPOLYGONALFACE((4,8,5,1));
#774=IFCPOLYGONALFACESET(#767,.T.,(#768,#769,#770,#771,#772,#773),$);
#775=IFCSHAPEREPRESENTATION(#11,'Body','Tessellation',(#774));
#776=IFCREPRESENTATIONMAP(#94,#775);
#777=IFCMAPPEDITEM(#776,#96);
#778=IFCDIRECTION((0.70702724509512793,-0.70702724509512782,-0.014998312784712243));
#779=IFCDIRECTION((0.70710678118654768,0.70710678118654779,2.6020852139652106E-18));
#780=IFCCARTESIANPOINT((-902.66899999999998,667.03700000000003,16.649000000000001));
#781=IFCDIRECTION((0.010605408676426918,-0.01060540867642692,0.99988751898081629));
#782=IFCCARTESIANTRANSFORMATIONOPERATOR3D(#778,#779,#780,$,#781);
#783=IFCMAPPEDITEM(#66,#782);
#784=IFCCARTESIANPOINTLIST3D(((947.80999999999995,384.19,14.217000000000001),(947.80999999999995,242.77000000000001,14.217000000000001),(843.01999999999998,347.56999999999999,12.645),(943.01999999999998,388.99000000000001,14.145),(947.80999999999995,384.19,5.2170000000000005),(947.80999999999995,242.77000000000001,5.2170000000000005),(843.01999999999998,347.56999999999999,3.6449999999999996),(943.01999999999998,388.99000000000001,5.1449999999999996)),$);
#785=IFCINDEXEDPOLYGONALFACE((1,2,3,4));
#786=IFCINDEXEDPOLYGONALFACE((8,7,6,5));
#787=IFCINDEXEDPOLYGONALFACE((1,5,6,2));
#788=IFCINDEXEDPOLYGONALFACE((2,6,7,3));
#789=IFCINDEXEDPOLYGONALFACE((3,7,8,4));
#790=IFCINDEXEDPOLYGONALFACE((4,8,5,1));
#791=IFCPOLYGONALFACESET(#784,.T.,(#785,#786,#787,#788,#789,#790),$);
#792=IFCSHAPEREPRESENTATION(#11,'Body','Tessellation',(#791));
#793=IFCREPRESENTATIONMAP(#94,#792);
#794=IFCMAPPEDITEM(#793,#96);
#795=IFCCARTESIANPOINTLIST3D(((940.72000000000003,391.27999999999997,14.128),(840.72000000000003,349.86000000000001,12.628),(594.25999999999999,596.33000000000004,12.628),(594.25999999999999,737.75,14.128),(940.72000000000003,391.27999999999997,5.1280000000000001),(840.72000000000003,349.86000000000001,3.6280000000000001),(594.25999999999999,596.33000000000004,3.6280000000000001),(594.25999999999999,737.75,5.1280000000000001)),$);
#796=IFCINDEXEDPOLYGONALFACE((1,2,3,4));
#797=IFCINDEXEDPOLYGONALFACE((8,7,6,5));
#798=IFCINDEXEDPOLYGONALFACE((1,5,6,2));
#799=IFCINDEXEDPOLYGONALFACE((2,6,7,3));
#800=IFCINDEXEDPOLYGONALFACE((3,7,8,4));
#801=IFCINDEXEDPOLYGONALFACE((4,8,5,1));
#802=IFCPOLYGONALFACESET(#795,.T.,(#796,#797,#798,#799,#800,#801),$);
#803=IFCSHAPEREPRESENTATION(#11,'Body','Tessellation',(#802));
#804=IFCREPRESENTATIONMAP(#94,#803);
#805=IFCMAPPEDITEM(#804,#96);
#806=IFCCARTESIANPOINTLIST3D(((234.69999999999999,529.86000000000001,8.109),(234.69999999999999,388.44,6.609),(183.66,439.48000000000002,6.609),(225.08000000000001,539.48000000000002,8.109),(234.69999999999999,529.86000000000001,-0.89100000000000001),(234.69999999999999,388.44,-2.391),(183.66,439.48000000000002,-2.391),(225.08000000000001,539.48000000000002,-0.89100000000000001)),$);
#807=IFCINDEXEDPOLYGONALFACE((1,2,3,4));
#808=IFCINDEXEDPOLYGONALFACE((8,7,6,5));
#809=IFCINDEXEDPOLYGONALFACE((1,5,6,2));
#810=IFCINDEXEDPOLYGONALFACE((2,6,7,3));
#811=IFCINDEXEDPOLYGONALFACE((3,7,8,4));
#812=IFCINDEXEDPOLYGONALFACE((4,8,5,1));
#813=IFCPOLYGONALFACESET(#806,.T.,(#807,#808,#809,#810,#811,#812),$);
#814=IFCSHAPEREPRESENTATION(#11,'Body','Tessellation',(#813));
#815=IFCREPRESENTATIONMAP(#94,#814);
#816=IFCMAPPEDITEM(#815,#96);
#817=IFCCARTESIANPOINTLIST3D(((222.78999999999999,541.76999999999998,8.1270000000000007),(181.37,441.76999999999998,6.6269999999999998),(-118.84999999999999,741.99000000000001,11.130000000000001),(-118.84999999999999,883.40999999999997,13.250999999999999),(222.78999999999999,541.76999999999998,-0.87299999999999933),(181.37,441.76999999999998,-2.3730000000000002),(-118.84999999999999,741.99000000000001,2.1300000000000008),(-118.84999999999999,883.40999999999997,4.2509999999999994)),$);
#818=IFCINDEXEDPOLYGONALFACE((1,2,3,4));
#819=IFCINDEXEDPOLYGONALFACE((8,7,6,5));
#820=IFCINDEXEDPOLYGONALFACE((1,5,6,2));
#821=IFCINDEXEDPOLYGONALFACE((2,6,7,3));
#822=IFCINDEXEDPOLYGONALFACE((3,7,8,4));
#823=IFCINDEXEDPOLYGONALFACE((4,8,5,1));
#824=IFCPOLYGONALFACESET(#817,.T.,(#818,#819,#820,#821,#822,#823),$);
#825=IFCSHAPEREPRESENTATION(#11,'Body','Tessellation',(#824));
#826=IFCREPRESENTATIONMAP(#94,#825);
#827=IFCMAPPEDITEM(#826,#96);
#828=IFCCARTESIANPOINTLIST3D(((-478.39999999999998,529.86000000000001,10.694000000000001),(-478.39999999999998,388.44,9.1940000000000008),(-831.96000000000004,741.99000000000001,16.693999999999999),(-831.96000000000004,860.86000000000001,17.954999999999998),(-820.67999999999995,872.13,17.954999999999998),(-478.39999999999998,529.86000000000001,1.6940000000000008),(-478.39999999999998,388.44,0.19400000000000084),(-831.96000000000004,741.99000000000001,7.6939999999999991),(-831.96000000000004,860.86000000000001,8.9549999999999983),(-820.67999999999995,872.13,8.9549999999999983)),$);
#829=IFCINDEXEDPOLYGONALFACE((1,2,3,4,5));
#830=IFCINDEXEDPOLYGONALFACE((10,9,8,7,6));
#831=IFCINDEXEDPOLYGONALFACE((1,6,7,2));
#832=IFCINDEXEDPOLYGONALFACE((2,7,8,3));
#833=IFCINDEXEDPOLYGONALFACE((3,8,9,4));
#834=IFCINDEXEDPOLYGONALFACE((4,9,10,5));
#835=IFCINDEXEDPOLYGONALFACE((5,10,6,1));
#836=IFCPOLYGONALFACESET(#828,.T.,(#829,#830,#831,#832,#833,#834,#835),$);
#837=IFCSHAPEREPRESENTATION(#11,'Body','Tessellation',(#836));
#838=IFCREPRESENTATIONMAP(#94,#837);
#839=IFCMAPPEDITEM(#838,#96);
#840=IFCCARTESIANPOINTLIST3D(((947.80999999999995,529.86000000000001,15.673),(947.80999999999995,394.22000000000003,14.234),(943.72000000000003,392.52999999999997,14.173),(594.25999999999999,741.99000000000001,14.173),(594.25999999999999,883.40999999999997,15.673),(947.80999999999995,529.86000000000001,6.673),(947.80999999999995,394.22000000000003,5.234),(943.72000000000003,392.52999999999997,5.173),(594.25999999999999,741.99000000000001,5.173),(594.25999999999999,883.40999999999997,6.673)),$);
#841=IFCINDEXEDPOLYGONALFACE((1,2,3,4,5));
#842=IFCINDEXEDPOLYGONALFACE((10,9,8,7,6));
#843=IFCINDEXEDPOLYGONALFACE((1,6,7,2));
#844=IFCINDEXEDPOLYGONALFACE((2,7,8,3));
#845=IFCINDEXEDPOLYGONALFACE((3,8,9,4));
#846=IFCINDEXEDPOLYGONALFACE((4,9,10,5));
#847=IFCINDEXEDPOLYGONALFACE((5,10,6,1));
#848=IFCPOLYGONALFACESET(#840,.T.,(#841,#842,#843,#844,#845,#846,#847),$);
#849=IFCSHAPEREPRESENTATION(#11,'Body','Tessellation',(#848));
#850=IFCREPRESENTATIONMAP(#94,#849);
#851=IFCMAPPEDITEM(#850,#96);
#852=IFCCARTESIANPOINTLIST3D(((234.69999999999999,534.10000000000002,8.1539999999999999),(226.33000000000001,542.48000000000002,8.1539999999999999),(234.69999999999999,562.70000000000005,8.4580000000000002),(234.69999999999999,534.10000000000002,-0.84600000000000009),(226.33000000000001,542.48000000000002,-0.84600000000000009),(234.69999999999999,562.70000000000005,-0.54199999999999982)),$);
#853=IFCINDEXEDPOLYGONALFACE((1,2,3));
#854=IFCINDEXEDPOLYGONALFACE((6,5,4));
#855=IFCINDEXEDPOLYGONALFACE((1,4,5,2));
#856=IFCINDEXEDPOLYGONALFACE((2,5,6,3));
#857=IFCINDEXEDPOLYGONALFACE((3,6,4,1));
#858=IFCPOLYGONALFACESET(#852,.T.,(#853,#854,#855,#856,#857),$);
#859=IFCSHAPEREPRESENTATION(#11,'Body','Tessellation',(#858));
#860=IFCREPRESENTATIONMAP(#94,#859);
#861=IFCMAPPEDITEM(#860,#96);
#862=IFCCARTESIANPOINTLIST3D(((234.69999999999999,675.51999999999998,10.132999999999999),(234.69999999999999,570.53999999999996,8.5579999999999998),(224.03,544.76999999999998,8.1720000000000006),(-118.84999999999999,887.64999999999998,13.315),(-118.84999999999999,1029.0799999999999,15.436),(234.69999999999999,675.51999999999998,1.1329999999999991),(234.69999999999999,570.53999999999996,-0.44200000000000017),(224.03,544.76999999999998,-0.8279999999999994),(-118.84999999999999,887.64999999999998,4.3149999999999995),(-118.84999999999999,1029.0799999999999,6.4359999999999999)),$);
#863=IFCINDEXEDPOLYGONALFACE((1,2,3,4,5));
#864=IFCINDEXEDPOLYGONALFACE((10,9,8,7,6));
#865=IFCINDEXEDPOLYGONALFACE((1,6,7,2));
#866=IFCINDEXEDPOLYGONALFACE((2,7,8,3));
#867=IFCINDEXEDPOLYGONALFACE((3,8,9,4));
#868=IFCINDEXEDPOLYGONALFACE((4,9,10,5));
#869=IFCINDEXEDPOLYGONALFACE((5,10,6,1));
#870=IFCPOLYGONALFACESET(#862,.T.,(#863,#864,#865,#866,#867,#868,#869),$);
#871=IFCSHAPEREPRESENTATION(#11,'Body','Tessellation',(#870));
#872=IFCREPRESENTATIONMAP(#94,#871);
#873=IFCMAPPEDITEM(#872,#96);
#874=IFCCARTESIANPOINTLIST3D(((-478.39999999999998,675.51999999999998,12.239000000000001),(-478.39999999999998,534.10000000000002,10.739000000000001),(-818.55999999999995,874.25999999999999,17.954999999999998),(-747.85000000000002,944.97000000000003,17.954999999999998),(-478.39999999999998,675.51999999999998,3.2390000000000008),(-478.39999999999998,534.10000000000002,1.7390000000000008),(-818.55999999999995,874.25999999999999,8.9549999999999983),(-747.85000000000002,944.97000000000003,8.9549999999999983)),$);
#875=IFCINDEXEDPOLYGONALFACE((1,2,3,4));
#876=IFCINDEXEDPOLYGONALFACE((8,7,6,5));
#877=IFCINDEXEDPOLYGONALFACE((1,5,6,2));
#878=IFCINDEXEDPOLYGONALFACE((2,6,7,3));
#879=IFCINDEXEDPOLYGONALFACE((3,7,8,4));
#880=IFCINDEXEDPOLYGONALFACE((4,8,5,1));
#881=IFCPOLYGONALFACESET(#874,.T.,(#875,#876,#877,#878,#879,#880),$);
#882=IFCSHAPEREPRESENTATION(#11,'Body','Tessellation',(#881));
#883=IFCREPRESENTATIONMAP(#94,#882);
#884=IFCMAPPEDITEM(#883,#96);
#885=IFCDIRECTION((0.70710678118654757,-0.70710678118654746,1.7347234759768071E-18));
#886=IFCDIRECTION((0.70702724509512793,0.70702724509512804,0.014998312784712245));
#887=IFCCARTESIANPOINT((523.54499999999996,958.36500000000001,15.718));
#888=IFCDIRECTION((-0.01060540867642692,-0.010605408676426918,0.99988751898081629));
#889=IFCCARTESIANTRANSFORMATIONOPERATOR3D(#885,#886,#887,$,#888);
#890=IFCMAPPEDITEM(#66,#889);
#891=IFCDIRECTION((0.70706700978578629,-0.70706700978578618,-0.010606005146786793));
#892=IFCDIRECTION((0.70714655035048213,0.70698747816789442,0.010604812172518414));
#893=IFCCARTESIANPOINT((-189.56200000000001,1104.029,16.559999999999999));
#894=IFCDIRECTION((-9.1838178722043362E-19,-0.014998312784712243,0.99988751898081629));
#895=IFCCARTESIANTRANSFORMATIONOPERATOR3D(#891,#892,#893,$,#894);
#896=IFCMAPPEDITEM(#66,#895);
#897=IFCCARTESIANPOINTLIST3D(((-478.39999999999998,821.19000000000005,13.784000000000001),(-478.39999999999998,679.76999999999998,12.284000000000001),(-745.73000000000002,947.09000000000003,17.954999999999998),(-675.01999999999998,1017.8,17.954999999999998),(-478.39999999999998,821.19000000000005,4.7840000000000007),(-478.39999999999998,679.76999999999998,3.2840000000000007),(-745.73000000000002,947.09000000000003,8.9549999999999983),(-675.01999999999998,1017.8,8.9549999999999983)),$);
#898=IFCINDEXEDPOLYGONALFACE((1,2,3,4));
#899=IFCINDEXEDPOLYGONALFACE((8,7,6,5));
#900=IFCINDEXEDPOLYGONALFACE((1,5,6,2));
#901=IFCINDEXEDPOLYGONALFACE((2,6,7,3));
#902=IFCINDEXEDPOLYGONALFACE((3,7,8,4));
#903=IFCINDEXEDPOLYGONALFACE((4,8,5,1));
#904=IFCPOLYGONALFACESET(#897,.T.,(#898,#899,#900,#901,#902,#903),$);
#905=IFCSHAPEREPRESENTATION(#11,'Body','Tessellation',(#904));
#906=IFCREPRESENTATIONMAP(#94,#905);
#907=IFCMAPPEDITEM(#906,#96);
#908=IFCCARTESIANPOINTLIST3D(((947.80999999999995,679.76999999999998,17.263000000000002),(594.25999999999999,1033.3199999999999,17.263000000000002),(594.25999999999999,1098.5599999999999,17.954999999999998),(947.80999999999995,745.,17.954999999999998),(947.80999999999995,679.76999999999998,8.2630000000000017),(594.25999999999999,1033.3199999999999,8.2630000000000017),(594.25999999999999,1098.5599999999999,8.9549999999999983),(947.80999999999995,745.,8.9549999999999983)),$);
#909=IFCINDEXEDPOLYGONALFACE((1,2,3,4));
#910=IFCINDEXEDPOLYGONALFACE((8,7,6,5));
#911=IFCINDEXEDPOLYGONALFACE((1,5,6,2));
#912=IFCINDEXEDPOLYGONALFACE((2,6,7,3));
#913=IFCINDEXEDPOLYGONALFACE((3,7,8,4));
#914=IFCINDEXEDPOLYGONALFACE((4,8,5,1));
#915=IFCPOLYGONALFACESET(#908,.T.,(#909,#910,#911,#912,#913,#914),$);
#916=IFCSHAPEREPRESENTATION(#11,'Body','Tessellation',(#915));
#917=IFCREPRESENTATIONMAP(#94,#916);
#918=IFCMAPPEDITEM(#917,#96);
#919=IFCCARTESIANPOINTLIST3D(((234.69999999999999,966.85000000000002,14.503),(234.69999999999999,825.42999999999995,12.381),(-118.84999999999999,1178.98,17.684999999999999),(-118.84999999999999,1197.,17.954999999999998),(4.5499999999999998,1197.,17.954999999999998),(234.69999999999999,966.85000000000002,5.5030000000000001),(234.69999999999999,825.42999999999995,3.3810000000000002),(-118.84999999999999,1178.98,8.6849999999999987),(-118.84999999999999,1197.,8.9549999999999983),(4.5499999999999998,1197.,8.9549999999999983)),$);
#920=IFCINDEXEDPOLYGONALFACE((1,2,3,4,5));
#921=IFCINDEXEDPOLYGONALFACE((10,9,8,7,6));
#922=IFCINDEXEDPOLYGONALFACE((1,6,7,2));
#923=IFCINDEXEDPOLYGONALFACE((2,7,8,3));
#924=IFCINDEXEDPOLYGONALFACE((3,8,9,4));
#925=IFCINDEXEDPOLYGONALFACE((4,9,10,5));
#926=IFCINDEXEDPOLYGONALFACE((5,10,6,1));
#927=IFCPOLYGONALFACESET(#919,.T.,(#920,#921,#922,#923,#924,#925,#926),$);
#928=IFCSHAPEREPRESENTATION(#11,'Body','Tessellation',(#927));
#929=IFCREPRESENTATIONMAP(#94,#928);
#930=IFCMAPPEDITEM(#929,#96);
#931=IFCCARTESIANPOINTLIST3D(((-478.39999999999998,966.85000000000002,15.329000000000001),(-478.39999999999998,825.42999999999995,13.829000000000001),(-672.88999999999999,1019.92,17.954999999999998),(-602.17999999999995,1090.6300000000001,17.954999999999998),(-478.39999999999998,966.85000000000002,6.3290000000000006),(-478.39999999999998,825.42999999999995,4.8290000000000006),(-672.88999999999999,1019.92,8.9549999999999983),(-602.17999999999995,1090.6300000000001,8.9549999999999983)),$);
#932=IFCINDEXEDPOLYGONALFACE((1,2,3,4));
#933=IFCINDEXEDPOLYGONALFACE((8,7,6,5));
#934=IFCINDEXEDPOLYGONALFACE((1,5,6,2));
#935=IFCINDEXEDPOLYGONALFACE((2,6,7,3));
#936=IFCINDEXEDPOLYGONALFACE((3,7,8,4));
#937=IFCINDEXEDPOLYGONALFACE((4,8,5,1));
#938=IFCPOLYGONALFACESET(#931,.T.,(#932,#933,#934,#935,#936,#937),$);
#939=IFCSHAPEREPRESENTATION(#11,'Body','Tessellation',(#938));
#940=IFCREPRESENTATIONMAP(#94,#939);
#941=IFCMAPPEDITEM(#940,#96);
#942=IFCCARTESIANPOINTLIST3D(((234.69999999999999,1112.51,16.687999999999999),(234.69999999999999,971.09000000000003,14.566000000000001),(8.8000000000000007,1197.,17.954999999999998),(150.22,1197.,17.954999999999998),(234.69999999999999,1112.51,7.6879999999999988),(234.69999999999999,971.09000000000003,5.5660000000000007),(8.8000000000000007,1197.,8.9549999999999983),(150.22,1197.,8.9549999999999983)),$);
#943=IFCINDEXEDPOLYGONALFACE((1,2,3,4));
#944=IFCINDEXEDPOLYGONALFACE((8,7,6,5));
#945=IFCINDEXEDPOLYGONALFACE((1,5,6,2));
#946=IFCINDEXEDPOLYGONALFACE((2,6,7,3));
#947=IFCINDEXEDPOLYGONALFACE((3,7,8,4));
#948=IFCINDEXEDPOLYGONALFACE((4,8,5,1));
#949=IFCPOLYGONALFACESET(#942,.T.,(#943,#944,#945,#946,#947,#948),$);
#950=IFCSHAPEREPRESENTATION(#11,'Body','Tessellation',(#949));
#951=IFCREPRESENTATIONMAP(#94,#950);
#952=IFCMAPPEDITEM(#951,#96);
#953=IFCCARTESIANPOINTLIST3D(((-478.39999999999998,1112.51,16.873999999999999),(-478.39999999999998,971.09000000000003,15.374000000000001),(-600.05999999999995,1092.75,17.954999999999998),(-529.35000000000002,1163.46,17.954999999999998),(-478.39999999999998,1112.51,7.8739999999999988),(-478.39999999999998,971.09000000000003,6.3740000000000006),(-600.05999999999995,1092.75,8.9549999999999983),(-529.35000000000002,1163.46,8.9549999999999983)),$);
#954=IFCINDEXEDPOLYGONALFACE((1,2,3,4));
#955=IFCINDEXEDPOLYGONALFACE((8,7,6,5));
#956=IFCINDEXEDPOLYGONALFACE((1,5,6,2));
#957=IFCINDEXEDPOLYGONALFACE((2,6,7,3));
#958=IFCINDEXEDPOLYGONALFACE((3,7,8,4));
#959=IFCINDEXEDPOLYGONALFACE((4,8,5,1));
#960=IFCPOLYGONALFACESET(#953,.T.,(#954,#955,#956,#957,#958,#959),$);
#961=IFCSHAPEREPRESENTATION(#11,'Body','Tessellation',(#960));
#962=IFCREPRESENTATIONMAP(#94,#961);
#963=IFCMAPPEDITEM(#962,#96);
#964=IFCCARTESIANPOINTLIST3D(((234.69999999999999,1116.76,16.751000000000001),(154.46000000000001,1197.,17.954999999999998),(234.69999999999999,1197.,17.954999999999998),(234.69999999999999,1116.76,7.7510000000000012),(154.46000000000001,1197.,8.9549999999999983),(234.69999999999999,1197.,8.9549999999999983)),$);
#965=IFCINDEXEDPOLYGONALFACE((1,2,3));
#966=IFCINDEXEDPOLYGONALFACE((6,5,4));
#967=IFCINDEXEDPOLYGONALFACE((1,4,5,2));
#968=IFCINDEXEDPOLYGONALFACE((2,5,6,3));
#969=IFCINDEXEDPOLYGONALFACE((3,6,4,1));
#970=IFCPOLYGONALFACESET(#964,.T.,(#965,#966,#967,#968,#969),$);
#971=IFCSHAPEREPRESENTATION(#11,'Body','Tessellation',(#970));
#972=IFCREPRESENTATIONMAP(#94,#971);
#973=IFCMAPPEDITEM(#972,#96);
#974=IFCCARTESIANPOINTLIST3D(((-478.39999999999998,1158.8900000000001,17.382999999999999),(-494.19,1197.,17.954999999999998),(-478.39999999999998,1197.,17.954999999999998),(-478.39999999999998,1158.8900000000001,8.3829999999999991),(-494.19,1197.,8.9549999999999983),(-478.39999999999998,1197.,8.9549999999999983)),$);
#975=IFCINDEXEDPOLYGONALFACE((1,2,3));
#976=IFCINDEXEDPOLYGONALFACE((6,5,4));
#977=IFCINDEXEDPOLYGONALFACE((1,4,5,2));
#978=IFCINDEXEDPOLYGONALFACE((2,5,6,3));
#979=IFCINDEXEDPOLYGONALFACE((3,6,4,1));
#980=IFCPOLYGONALFACESET(#974,.T.,(#975,#976,#977,#978,#979),$);
#981=IFCSHAPEREPRESENTATION(#11,'Body','Tessellation',(#980));
#982=IFCREPRESENTATIONMAP(#94,#981);
#983=IFCMAPPEDITEM(#982,#96);
#984=IFCCARTESIANPOINTLIST3D(((-478.39999999999998,1116.76,16.919),(-527.23000000000002,1165.5799999999999,17.954999999999998),(-496.95999999999998,1195.8499999999999,17.954999999999998),(-478.39999999999998,1151.05,17.283000000000001),(-478.39999999999998,1116.76,7.9190000000000005),(-527.23000000000002,1165.5799999999999,8.9549999999999983),(-496.95999999999998,1195.8499999999999,8.9549999999999983),(-478.39999999999998,1151.05,8.2830000000000013)),$);
#985=IFCINDEXEDPOLYGONALFACE((1,2,3,4));
#986=IFCINDEXEDPOLYGONALFACE((8,7,6,5));
#987=IFCINDEXEDPOLYGONALFACE((1,5,6,2));
#988=IFCINDEXEDPOLYGONALFACE((2,6,7,3));
#989=IFCINDEXEDPOLYGONALFACE((3,7,8,4));
#990=IFCINDEXEDPOLYGONALFACE((4,8,5,1));
#991=IFCPOLYGONALFACESET(#984,.T.,(#985,#986,#987,#988,#989,#990),$);
#992=IFCSHAPEREPRESENTATION(#11,'Body','Tessellation',(#991));
#993=IFCREPRESENTATIONMAP(#94,#992);
#994=IFCMAPPEDITEM(#993,#96);
#995=IFCCARTESIANPOINTLIST3D(((-121.84999999999999,446.42000000000002,6.6959999999999997),(-121.84999999999999,305.,4.5750000000000002),(-123.87,302.98000000000002,4.5449999999999999),(-165.28999999999999,402.98000000000002,6.0449999999999999),(-121.84999999999999,446.42000000000002,-2.3040000000000003),(-121.84999999999999,305.,-4.4249999999999998),(-123.87,302.98000000000002,-4.4550000000000001),(-165.28999999999999,402.98000000000002,-2.9550000000000001)),$);
#996=IFCINDEXEDPOLYGONALFACE((1,2,3,4));
#997=IFCINDEXEDPOLYGONALFACE((8,7,6,5));
#998=IFCINDEXEDPOLYGONALFACE((1,5,6,2));
#999=IFCINDEXEDPOLYGONALFACE((2,6,7,3));
#1000=IFCINDEXEDPOLYGONALFACE((3,7,8,4));
#1001=IFCINDEXEDPOLYGONALFACE((4,8,5,1));
#1002=IFCPOLYGONALFACESET(#995,.T.,(#996,#997,#998,#999,#1000,#1001),$);
#1003=IFCSHAPEREPRESENTATION(#11,'Body','Tessellation',(#1002));
#1004=IFCREPRESENTATIONMAP(#94,#1003);
#1005=IFCMAPPEDITEM(#1004,#96);
#1006=IFCCARTESIANPOINTLIST3D(((-300.68000000000001,126.17,4.5270000000000001),(-400.68000000000001,167.59,6.0270000000000001),(-167.59,400.68000000000001,6.0270000000000001),(-126.17,300.68000000000001,4.5270000000000001),(-300.68000000000001,126.17,-4.4729999999999999),(-400.68000000000001,167.59,-2.9729999999999999),(-167.59,400.68000000000001,-2.9729999999999999),(-126.17,300.68000000000001,-4.4729999999999999)),$);
#1007=IFCINDEXEDPOLYGONALFACE((1,2,3,4));
#1008=IFCINDEXEDPOLYGONALFACE((8,7,6,5));
#1009=IFCINDEXEDPOLYGONALFACE((1,5,6,2));
#1010=IFCINDEXEDPOLYGONALFACE((2,6,7,3));
#1011=IFCINDEXEDPOLYGONALFACE((3,7,8,4));
#1012=IFCINDEXEDPOLYGONALFACE((4,8,5,1));
#1013=IFCPOLYGONALFACESET(#1006,.T.,(#1007,#1008,#1009,#1010,#1011,#1012),$);
#1014=IFCSHAPEREPRESENTATION(#11,'Body','Tessellation',(#1013));
#1015=IFCREPRESENTATIONMAP(#94,#1014);
#1016=IFCMAPPEDITEM(#1015,#96);
#1017=IFCCARTESIANPOINTLIST3D(((-475.39999999999998,-48.549999999999997,7.1310000000000002),(-475.39999999999998,92.870000000000005,7.1310000000000002),(-402.98000000000002,165.28999999999999,6.0449999999999999),(-302.98000000000002,123.87,4.5449999999999999),(-475.39999999999998,-48.549999999999997,-1.8689999999999998),(-475.39999999999998,92.870000000000005,-1.8689999999999998),(-402.98000000000002,165.28999999999999,-2.9550000000000001),(-302.98000000000002,123.87,-4.4550000000000001)),$);
#1018=IFCINDEXEDPOLYGONALFACE((1,2,3,4));
#1019=IFCINDEXEDPOLYGONALFACE((8,7,6,5));
#1020=IFCINDEXEDPOLYGONALFACE((1,5,6,2));
#1021=IFCINDEXEDPOLYGONALFACE((2,6,7,3));
#1022=IFCINDEXEDPOLYGONALFACE((3,7,8,4));
#1023=IFCINDEXEDPOLYGONALFACE((4,8,5,1));
#1024=IFCPOLYGONALFACESET(#1017,.T.,(#1018,#1019,#1020,#1021,#1022,#1023),$);
#1025=IFCSHAPEREPRESENTATION(#11,'Body','Tessellation',(#1024));
#1026=IFCREPRESENTATIONMAP(#94,#1025);
#1027=IFCMAPPEDITEM(#1026,#96);
#1028=IFCCARTESIANPOINTLIST3D(((-834.96000000000004,446.42000000000002,13.590999999999999),(-834.96000000000004,347.47000000000003,12.542),(-904.91999999999996,376.44999999999999,13.590999999999999),(-834.96000000000004,446.42000000000002,4.5909999999999993),(-834.96000000000004,347.47000000000003,3.5419999999999998),(-904.91999999999996,376.44999999999999,4.5909999999999993)),$);
#1029=IFCINDEXEDPOLYGONALFACE((1,2,3));
#1030=IFCINDEXEDPOLYGONALFACE((6,5,4));
#1031=IFCINDEXEDPOLYGONALFACE((1,4,5,2));
#1032=IFCINDEXEDPOLYGONALFACE((2,5,6,3));
#1033=IFCINDEXEDPOLYGONALFACE((3,6,4,1));
#1034=IFCPOLYGONALFACESET(#1028,.T.,(#1029,#1030,#1031,#1032,#1033),$);
#1035=IFCSHAPEREPRESENTATION(#11,'Body','Tessellation',(#1034));
#1036=IFCREPRESENTATIONMAP(#94,#1035);
#1037=IFCMAPPEDITEM(#1036,#96);
#1038=IFCCARTESIANPOINTLIST3D(((-834.96000000000004,305.,12.523999999999999),(-1188.51,-48.549999999999997,17.827999999999999),(-1188.51,92.870000000000005,17.827999999999999),(-907.22000000000003,374.16000000000003,13.608000000000001),(-834.96000000000004,344.23000000000002,12.523999999999999),(-834.96000000000004,305.,3.5239999999999991),(-1188.51,-48.549999999999997,8.8279999999999994),(-1188.51,92.870000000000005,8.8279999999999994),(-907.22000000000003,374.16000000000003,4.6080000000000005),(-834.96000000000004,344.23000000000002,3.5239999999999991)),$);
#1039=IFCINDEXEDPOLYGONALFACE((1,2,3,4,5));
#1040=IFCINDEXEDPOLYGONALFACE((10,9,8,7,6));
#1041=IFCINDEXEDPOLYGONALFACE((1,6,7,2));
#1042=IFCINDEXEDPOLYGONALFACE((2,7,8,3));
#1043=IFCINDEXEDPOLYGONALFACE((3,8,9,4));
#1044=IFCINDEXEDPOLYGONALFACE((4,9,10,5));
#1045=IFCINDEXEDPOLYGONALFACE((5,10,6,1));
#1046=IFCPOLYGONALFACESET(#1038,.T.,(#1039,#1040,#1041,#1042,#1043,#1044,#1045),$);
#1047=IFCSHAPEREPRESENTATION(#11,'Body','Tessellation',(#1046));
#1048=IFCREPRESENTATIONMAP(#94,#1047);
#1049=IFCMAPPEDITEM(#1048,#96);
#1050=IFCCARTESIANPOINTLIST3D(((237.69999999999999,-48.549999999999997,3.5659999999999998),(237.69999999999999,92.870000000000005,3.5659999999999998),(244.47999999999999,99.640000000000001,3.6669999999999998),(485.89999999999998,199.63999999999999,7.2880000000000003),(237.69999999999999,-48.549999999999997,-5.4340000000000002),(237.69999999999999,92.870000000000005,-5.4340000000000002),(244.47999999999999,99.640000000000001,-5.3330000000000002),(485.89999999999998,199.63999999999999,-1.7119999999999997)),$);
#1051=IFCINDEXEDPOLYGONALFACE((1,2,3,4));
#1052=IFCINDEXEDPOLYGONALFACE((8,7,6,5));
#1053=IFCINDEXEDPOLYGONALFACE((1,5,6,2));
#1054=IFCINDEXEDPOLYGONALFACE((2,6,7,3));
#1055=IFCINDEXEDPOLYGONALFACE((3,7,8,4));
#1056=IFCINDEXEDPOLYGONALFACE((4,8,5,1));
#1057=IFCPOLYGONALFACESET(#1050,.T.,(#1051,#1052,#1053,#1054,#1055,#1056),$);
#1058=IFCSHAPEREPRESENTATION(#11,'Body','Tessellation',(#1057));
#1059=IFCREPRESENTATIONMAP(#94,#1058);
#1060=IFCMAPPEDITEM(#1059,#96);
#1061=IFCCARTESIANPOINTLIST3D(((591.25999999999999,446.42000000000002,11.006),(591.25999999999999,305.,9.5060000000000002),(491.44,205.19,7.3890000000000002),(250.02000000000001,105.19,3.7679999999999998),(591.25999999999999,446.42000000000002,2.0060000000000002),(591.25999999999999,305.,0.50600000000000023),(491.44,205.19,-1.6109999999999998),(250.02000000000001,105.19,-5.2320000000000002)),$);
#1062=IFCINDEXEDPOLYGONALFACE((1,2,3,4));
#1063=IFCINDEXEDPOLYGONALFACE((8,7,6,5));
#1064=IFCINDEXEDPOLYGONALFACE((1,5,6,2));
#1065=IFCINDEXEDPOLYGONALFACE((2,6,7,3));
#1066=IFCINDEXEDPOLYGONALFACE((3,7,8,4));
#1067=IFCINDEXEDPOLYGONALFACE((4,8,5,1));
#1068=IFCPOLYGONALFACESET(#1061,.T.,(#1062,#1063,#1064,#1065,#1066,#1067),$);
#1069=IFCSHAPEREPRESENTATION(#11,'Body','Tessellation',(#1068));
#1070=IFCREPRESENTATIONMAP(#94,#1069);
#1071=IFCMAPPEDITEM(#1070,#96);
#1072=IFCCARTESIANPOINTLIST3D(((950.80999999999995,-48.549999999999997,14.262),(950.80999999999995,92.870000000000005,14.262),(1197.,339.06,17.954999999999998),(1197.,197.63999999999999,17.954999999999998),(950.80999999999995,-48.549999999999997,5.2620000000000005),(950.80999999999995,92.870000000000005,5.2620000000000005),(1197.,339.06,8.9549999999999983),(1197.,197.63999999999999,8.9549999999999983)),$);
#1073=IFCINDEXEDPOLYGONALFACE((1,2,3,4));
#1074=IFCINDEXEDPOLYGONALFACE((8,7,6,5));
#1075=IFCINDEXEDPOLYGONALFACE((1,5,6,2));
#1076=IFCINDEXEDPOLYGONALFACE((2,6,7,3));
#1077=IFCINDEXEDPOLYGONALFACE((3,7,8,4));
#1078=IFCINDEXEDPOLYGONALFACE((4,8,5,1));
#1079=IFCPOLYGONALFACESET(#1072,.T.,(#1073,#1074,#1075,#1076,#1077,#1078),$);
#1080=IFCSHAPEREPRESENTATION(#11,'Body','Tessellation',(#1079));
#1081=IFCREPRESENTATIONMAP(#94,#1080);
#1082=IFCMAPPEDITEM(#1081,#96);
#1083=IFCCARTESIANPOINTLIST3D(((-121.84999999999999,-864.55999999999995,12.968),(-121.84999999999999,-1005.98,15.09),(-312.87,-1197.,17.954999999999998),(-454.30000000000001,-1197.,17.954999999999998),(-121.84999999999999,-864.55999999999995,3.968),(-121.84999999999999,-1005.98,6.0899999999999999),(-312.87,-1197.,8.9549999999999983),(-454.30000000000001,-1197.,8.9549999999999983)),$);
#1084=IFCINDEXEDPOLYGONALFACE((1,2,3,4));
#1085=IFCINDEXEDPOLYGONALFACE((8,7,6,5));
#1086=IFCINDEXEDPOLYGONALFACE((1,5,6,2));
#1087=IFCINDEXEDPOLYGONALFACE((2,6,7,3));
#1088=IFCINDEXEDPOLYGONALFACE((3,7,8,4));
#1089=IFCINDEXEDPOLYGONALFACE((4,8,5,1));
#1090=IFCPOLYGONALFACESET(#1083,.T.,(#1084,#1085,#1086,#1087,#1088,#1089),$);
#1091=IFCSHAPEREPRESENTATION(#11,'Body','Tessellation',(#1090));
#1092=IFCREPRESENTATIONMAP(#94,#1091);
#1093=IFCMAPPEDITEM(#1092,#96);
#1094=IFCCARTESIANPOINTLIST3D(((400.23000000000002,-1197.,17.954999999999998),(258.81,-1197.,17.954999999999998),(425.25,-1030.5599999999999,15.458),(466.67000000000002,-1130.5599999999999,16.957999999999998),(400.23000000000002,-1197.,8.9549999999999983),(258.81,-1197.,8.9549999999999983),(425.25,-1030.5599999999999,6.4580000000000002),(466.67000000000002,-1130.5599999999999,7.9579999999999984)),$);
#1095=IFCINDEXEDPOLYGONALFACE((1,2,3,4));
#1096=IFCINDEXEDPOLYGONALFACE((8,7,6,5));
#1097=IFCINDEXEDPOLYGONALFACE((1,5,6,2));
#1098=IFCINDEXEDPOLYGONALFACE((2,6,7,3));
#1099=IFCINDEXEDPOLYGONALFACE((3,7,8,4));
#1100=IFCINDEXEDPOLYGONALFACE((4,8,5,1));
#1101=IFCPOLYGONALFACESET(#1094,.T.,(#1095,#1096,#1097,#1098,#1099,#1100),$);
#1102=IFCSHAPEREPRESENTATION(#11,'Body','Tessellation',(#1101));
#1103=IFCREPRESENTATIONMAP(#94,#1102);
#1104=IFCMAPPEDITEM(#1103,#96);
#1105=IFCCARTESIANPOINTLIST3D(((591.25999999999999,-864.55999999999995,15.441000000000001),(591.25999999999999,-1005.98,16.940999999999999),(468.97000000000003,-1128.27,16.940999999999999),(427.55000000000001,-1028.27,15.441000000000001),(591.25999999999999,-864.55999999999995,6.4410000000000007),(591.25999999999999,-1005.98,7.9409999999999989),(468.97000000000003,-1128.27,7.9409999999999989),(427.55000000000001,-1028.27,6.4410000000000007)),$);
#1106=IFCINDEXEDPOLYGONALFACE((1,2,3,4));
#1107=IFCINDEXEDPOLYGONALFACE((8,7,6,5));
#1108=IFCINDEXEDPOLYGONALFACE((1,5,6,2));
#1109=IFCINDEXEDPOLYGONALFACE((2,6,7,3));
#1110=IFCINDEXEDPOLYGONALFACE((3,7,8,4));
#1111=IFCINDEXEDPOLYGONALFACE((4,8,5,1));
#1112=IFCPOLYGONALFACESET(#1105,.T.,(#1106,#1107,#1108,#1109,#1110,#1111),$);
#1113=IFCSHAPEREPRESENTATION(#11,'Body','Tessellation',(#1112));
#1114=IFCREPRESENTATIONMAP(#94,#1113);
#1115=IFCMAPPEDITEM(#1114,#96);
#1116=IFCCARTESIANPOINTLIST3D(((-121.84999999999999,-1010.22,15.153),(-121.84999999999999,-1151.6400000000001,17.274999999999999),(-167.21000000000001,-1197.,17.954999999999998),(-308.63,-1197.,17.954999999999998),(-121.84999999999999,-1010.22,6.1530000000000005),(-121.84999999999999,-1151.6400000000001,8.2749999999999986),(-167.21000000000001,-1197.,8.9549999999999983),(-308.63,-1197.,8.9549999999999983)),$);
#1117=IFCINDEXEDPOLYGONALFACE((1,2,3,4));
#1118=IFCINDEXEDPOLYGONALFACE((8,7,6,5));
#1119=IFCINDEXEDPOLYGONALFACE((1,5,6,2));
#1120=IFCINDEXEDPOLYGONALFACE((2,6,7,3));
#1121=IFCINDEXEDPOLYGONALFACE((3,7,8,4));
#1122=IFCINDEXEDPOLYGONALFACE((4,8,5,1));
#1123=IFCPOLYGONALFACESET(#1116,.T.,(#1117,#1118,#1119,#1120,#1121,#1122),$);
#1124=IFCSHAPEREPRESENTATION(#11,'Body','Tessellation',(#1123));
#1125=IFCREPRESENTATIONMAP(#94,#1124);
#1126=IFCMAPPEDITEM(#1125,#96);
#1127=IFCCARTESIANPOINTLIST3D(((467.91000000000003,-1133.5599999999999,17.003),(494.19,-1197.,17.954999999999998),(404.48000000000002,-1197.,17.954999999999998),(467.91000000000003,-1133.5599999999999,8.0030000000000001),(494.19,-1197.,8.9549999999999983),(404.48000000000002,-1197.,8.9549999999999983)),$);
#1128=IFCINDEXEDPOLYGONALFACE((1,2,3));
#1129=IFCINDEXEDPOLYGONALFACE((6,5,4));
#1130=IFCINDEXEDPOLYGONALFACE((1,4,5,2));
#1131=IFCINDEXEDPOLYGONALFACE((2,5,6,3));
#1132=IFCINDEXEDPOLYGONALFACE((3,6,4,1));
#1133=IFCPOLYGONALFACESET(#1127,.T.,(#1128,#1129,#1130,#1131,#1132),$);
#1134=IFCSHAPEREPRESENTATION(#11,'Body','Tessellation',(#1133));
#1135=IFCREPRESENTATIONMAP(#94,#1134);
#1136=IFCMAPPEDITEM(#1135,#96);
#1137=IFCCARTESIANPOINTLIST3D(((591.25999999999999,-1010.22,16.986000000000001),(591.25999999999999,-1101.5599999999999,17.954999999999998),(496.95999999999998,-1195.8499999999999,17.954999999999998),(470.20999999999998,-1131.27,16.986000000000001),(591.25999999999999,-1010.22,7.9860000000000007),(591.25999999999999,-1101.5599999999999,8.9549999999999983),(496.95999999999998,-1195.8499999999999,8.9549999999999983),(470.20999999999998,-1131.27,7.9860000000000007)),$);
#1138=IFCINDEXEDPOLYGONALFACE((1,2,3,4));
#1139=IFCINDEXEDPOLYGONALFACE((8,7,6,5));
#1140=IFCINDEXEDPOLYGONALFACE((1,5,6,2));
#1141=IFCINDEXEDPOLYGONALFACE((2,6,7,3));
#1142=IFCINDEXEDPOLYGONALFACE((3,7,8,4));
#1143=IFCINDEXEDPOLYGONALFACE((4,8,5,1));
#1144=IFCPOLYGONALFACESET(#1137,.T.,(#1138,#1139,#1140,#1141,#1142,#1143),$);
#1145=IFCSHAPEREPRESENTATION(#11,'Body','Tessellation',(#1144));
#1146=IFCREPRESENTATIONMAP(#94,#1145);
#1147=IFCMAPPEDITEM(#1146,#96);
#1148=IFCCARTESIANPOINTLIST3D(((-121.84999999999999,-1155.8800000000001,17.338000000000001),(-121.84999999999999,-1197.,17.954999999999998),(-162.97,-1197.,17.954999999999998),(-121.84999999999999,-1155.8800000000001,8.338000000000001),(-121.84999999999999,-1197.,8.9549999999999983),(-162.97,-1197.,8.9549999999999983)),$);
#1149=IFCINDEXEDPOLYGONALFACE((1,2,3));
#1150=IFCINDEXEDPOLYGONALFACE((6,5,4));
#1151=IFCINDEXEDPOLYGONALFACE((1,4,5,2));
#1152=IFCINDEXEDPOLYGONALFACE((2,5,6,3));
#1153=IFCINDEXEDPOLYGONALFACE((3,6,4,1));
#1154=IFCPOLYGONALFACESET(#1148,.T.,(#1149,#1150,#1151,#1152,#1153),$);
#1155=IFCSHAPEREPRESENTATION(#11,'Body','Tessellation',(#1154));
#1156=IFCREPRESENTATIONMAP(#94,#1155);
#1157=IFCMAPPEDITEM(#1156,#96);
#1158=IFCCARTESIANPOINTLIST3D(((-121.84999999999999,159.33000000000001,2.9820000000000002),(-197.68000000000001,83.510000000000005,2.9820000000000002),(-297.68000000000001,124.93000000000001,4.4820000000000002),(-124.93000000000001,297.68000000000001,4.4820000000000002),(-121.84999999999999,290.25,4.3710000000000004),(-121.84999999999999,159.33000000000001,-6.0179999999999998),(-197.68000000000001,83.510000000000005,-6.0179999999999998),(-297.68000000000001,124.93000000000001,-4.5179999999999998),(-124.93000000000001,297.68000000000001,-4.5179999999999998),(-121.84999999999999,290.25,-4.6289999999999996)),$);
#1159=IFCINDEXEDPOLYGONALFACE((1,2,3,4,5));
#1160=IFCINDEXEDPOLYGONALFACE((10,9,8,7,6));
#1161=IFCINDEXEDPOLYGONALFACE((1,6,7,2));
#1162=IFCINDEXEDPOLYGONALFACE((2,7,8,3));
#1163=IFCINDEXEDPOLYGONALFACE((3,8,9,4));
#1164=IFCINDEXEDPOLYGONALFACE((4,9,10,5));
#1165=IFCINDEXEDPOLYGONALFACE((5,10,6,1));
#1166=IFCPOLYGONALFACESET(#1158,.T.,(#1159,#1160,#1161,#1162,#1163,#1164,#1165),$);
#1167=IFCSHAPEREPRESENTATION(#11,'Body','Tessellation',(#1166));
#1168=IFCREPRESENTATIONMAP(#94,#1167);
#1169=IFCMAPPEDITEM(#1168,#96);
#1170=IFCCARTESIANPOINTLIST3D(((-475.39999999999998,-194.22,7.1310000000000002),(-475.39999999999998,-52.799999999999997,7.1310000000000002),(-299.98000000000002,122.63,4.5),(-199.97999999999999,81.209999999999994,3.),(-475.39999999999998,-194.22,-1.8689999999999998),(-475.39999999999998,-52.799999999999997,-1.8689999999999998),(-299.98000000000002,122.63,-4.5),(-199.97999999999999,81.209999999999994,-6.)),$);
#1171=IFCINDEXEDPOLYGONALFACE((1,2,3,4));
#1172=IFCINDEXEDPOLYGONALFACE((8,7,6,5));
#1173=IFCINDEXEDPOLYGONALFACE((1,5,6,2));
#1174=IFCINDEXEDPOLYGONALFACE((2,6,7,3));
#1175=IFCINDEXEDPOLYGONALFACE((3,7,8,4));
#1176=IFCINDEXEDPOLYGONALFACE((4,8,5,1));
#1177=IFCPOLYGONALFACESET(#1170,.T.,(#1171,#1172,#1173,#1174,#1175,#1176),$);
#1178=IFCSHAPEREPRESENTATION(#11,'Body','Tessellation',(#1177));
#1179=IFCREPRESENTATIONMAP(#94,#1178);
#1180=IFCMAPPEDITEM(#1179,#96);
#1181=IFCDIRECTION((0.70706700978578629,0.70706700978578618,-0.010606005146786793));
#1182=IFCDIRECTION((-0.70698747816789431,0.70714655035048224,0.010604812172518414));
#1183=IFCCARTESIANPOINT((-1188.511,-194.21899999999999,17.827999999999999));
#1184=IFCDIRECTION((0.014998312784712243,-1.8367635744408672E-18,0.99988751898081629));
#1185=IFCCARTESIANTRANSFORMATIONOPERATOR3D(#1181,#1182,#1183,$,#1184);
#1186=IFCMAPPEDITEM(#51,#1185);
#1187=IFCCARTESIANPOINTLIST3D(((591.25999999999999,159.33000000000001,8.8689999999999998),(306.56,-125.36,4.5979999999999999),(237.69999999999999,-96.840000000000003,3.5659999999999998),(237.69999999999999,-52.799999999999997,3.5659999999999998),(493.13999999999999,202.63999999999999,7.3970000000000002),(591.25999999999999,243.28,8.8689999999999998),(591.25999999999999,159.33000000000001,-0.13100000000000023),(306.56,-125.36,-4.4020000000000001),(237.69999999999999,-96.840000000000003,-5.4340000000000002),(237.69999999999999,-52.799999999999997,-5.4340000000000002),(493.13999999999999,202.63999999999999,-1.6029999999999998),(591.25999999999999,243.28,-0.13100000000000023)),$);
#1188=IFCINDEXEDPOLYGONALFACE((1,2,3,4,5,6));
#1189=IFCINDEXEDPOLYGONALFACE((12,11,10,9,8,7));
#1190=IFCINDEXEDPOLYGONALFACE((1,7,8,2));
#1191=IFCINDEXEDPOLYGONALFACE((2,8,9,3));
#1192=IFCINDEXEDPOLYGONALFACE((3,9,10,4));
#1193=IFCINDEXEDPOLYGONALFACE((4,10,11,5));
#1194=IFCINDEXEDPOLYGONALFACE((5,11,12,6));
#1195=IFCINDEXEDPOLYGONALFACE((6,12,7,1));
#1196=IFCPOLYGONALFACESET(#1187,.T.,(#1188,#1189,#1190,#1191,#1192,#1193,#1194,#1195),$);
#1197=IFCSHAPEREPRESENTATION(#11,'Body','Tessellation',(#1196));
#1198=IFCREPRESENTATIONMAP(#94,#1197);
#1199=IFCMAPPEDITEM(#1198,#96);
#1200=IFCCARTESIANPOINTLIST3D(((591.25999999999999,300.75999999999999,9.4610000000000003),(591.25999999999999,246.53,8.8859999999999992),(498.69,208.19,7.4980000000000002),(591.25999999999999,300.75999999999999,0.4610000000000003),(591.25999999999999,246.53,-0.11400000000000077),(498.69,208.19,-1.5019999999999998)),$);
#1201=IFCINDEXEDPOLYGONALFACE((1,2,3));
#1202=IFCINDEXEDPOLYGONALFACE((6,5,4));
#1203=IFCINDEXEDPOLYGONALFACE((1,4,5,2));
#1204=IFCINDEXEDPOLYGONALFACE((2,5,6,3));
#1205=IFCINDEXEDPOLYGONALFACE((3,6,4,1));
#1206=IFCPOLYGONALFACESET(#1200,.T.,(#1201,#1202,#1203,#1204,#1205),$);
#1207=IFCSHAPEREPRESENTATION(#11,'Body','Tessellation',(#1206));
#1208=IFCREPRESENTATIONMAP(#94,#1207);
#1209=IFCMAPPEDITEM(#1208,#96);
#1210=IFCCARTESIANPOINTLIST3D(((237.69999999999999,-194.22,4.5810000000000004),(237.69999999999999,-100.08,3.5830000000000002),(304.26999999999998,-127.65000000000001,4.5810000000000004),(237.69999999999999,-194.22,-4.4189999999999996),(237.69999999999999,-100.08,-5.4169999999999998),(304.26999999999998,-127.65000000000001,-4.4189999999999996)),$);
#1211=IFCINDEXEDPOLYGONALFACE((1,2,3));
#1212=IFCINDEXEDPOLYGONALFACE((6,5,4));
#1213=IFCINDEXEDPOLYGONALFACE((1,4,5,2));
#1214=IFCINDEXEDPOLYGONALFACE((2,5,6,3));
#1215=IFCINDEXEDPOLYGONALFACE((3,6,4,1));
#1216=IFCPOLYGONALFACESET(#1210,.T.,(#1211,#1212,#1213,#1214,#1215),$);
#1217=IFCSHAPEREPRESENTATION(#11,'Body','Tessellation',(#1216));
#1218=IFCREPRESENTATIONMAP(#94,#1217);
#1219=IFCMAPPEDITEM(#1218,#96);
#1220=IFCCARTESIANPOINTLIST3D(((950.80999999999995,-194.22,14.262),(950.80999999999995,-52.799999999999997,14.262),(1197.,193.38999999999999,17.954999999999998),(1197.,51.969999999999999,17.954999999999998),(950.80999999999995,-194.22,5.2620000000000005),(950.80999999999995,-52.799999999999997,5.2620000000000005),(1197.,193.38999999999999,8.9549999999999983),(1197.,51.969999999999999,8.9549999999999983)),$);
#1221=IFCINDEXEDPOLYGONALFACE((1,2,3,4));
#1222=IFCINDEXEDPOLYGONALFACE((8,7,6,5));
#1223=IFCINDEXEDPOLYGONALFACE((1,5,6,2));
#1224=IFCINDEXEDPOLYGONALFACE((2,6,7,3));
#1225=IFCINDEXEDPOLYGONALFACE((3,7,8,4));
#1226=IFCINDEXEDPOLYGONALFACE((4,8,5,1));
#1227=IFCPOLYGONALFACESET(#1220,.T.,(#1221,#1222,#1223,#1224,#1225,#1226),$);
#1228=IFCSHAPEREPRESENTATION(#11,'Body','Tessellation',(#1227));
#1229=IFCREPRESENTATIONMAP(#94,#1228);
#1230=IFCMAPPEDITEM(#1229,#96);
#1231=IFCCARTESIANPOINTLIST3D(((-121.84999999999999,155.09,2.9369999999999998),(-121.84999999999999,52.100000000000001,1.845),(-194.68000000000001,82.260000000000005,2.9369999999999998),(-121.84999999999999,155.09,-6.0630000000000006),(-121.84999999999999,52.100000000000001,-7.1550000000000002),(-194.68000000000001,82.260000000000005,-6.0630000000000006)),$);
#1232=IFCINDEXEDPOLYGONALFACE((1,2,3));
#1233=IFCINDEXEDPOLYGONALFACE((6,5,4));
#1234=IFCINDEXEDPOLYGONALFACE((1,4,5,2));
#1235=IFCINDEXEDPOLYGONALFACE((2,5,6,3));
#1236=IFCINDEXEDPOLYGONALFACE((3,6,4,1));
#1237=IFCPOLYGONALFACESET(#1231,.T.,(#1232,#1233,#1234,#1235,#1236),$);
#1238=IFCSHAPEREPRESENTATION(#11,'Body','Tessellation',(#1237));
#1239=IFCREPRESENTATIONMAP(#94,#1238);
#1240=IFCMAPPEDITEM(#1239,#96);
#1241=IFCCARTESIANPOINTLIST3D(((-121.84999999999999,13.67,1.8280000000000001),(-228.58000000000001,-93.060000000000002,3.4289999999999998),(-470.,-193.06,7.0499999999999998),(-196.97999999999999,79.969999999999999,2.9550000000000001),(-121.84999999999999,48.850000000000001,1.8280000000000001),(-121.84999999999999,13.67,-7.1719999999999997),(-228.58000000000001,-93.060000000000002,-5.5709999999999997),(-470.,-193.06,-1.9500000000000002),(-196.97999999999999,79.969999999999999,-6.0449999999999999),(-121.84999999999999,48.850000000000001,-7.1719999999999997)),$);
#1242=IFCINDEXEDPOLYGONALFACE((1,2,3,4,5));
#1243=IFCINDEXEDPOLYGONALFACE((10,9,8,7,6));
#1244=IFCINDEXEDPOLYGONALFACE((1,6,7,2));
#1245=IFCINDEXEDPOLYGONALFACE((2,7,8,3));
#1246=IFCINDEXEDPOLYGONALFACE((3,8,9,4));
#1247=IFCINDEXEDPOLYGONALFACE((4,9,10,5));
#1248=IFCINDEXEDPOLYGONALFACE((5,10,6,1));
#1249=IFCPOLYGONALFACESET(#1241,.T.,(#1242,#1243,#1244,#1245,#1246,#1247,#1248),$);
#1250=IFCSHAPEREPRESENTATION(#11,'Body','Tessellation',(#1249));
#1251=IFCREPRESENTATIONMAP(#94,#1250);
#1252=IFCMAPPEDITEM(#1251,#96);
#1253=IFCCARTESIANPOINTLIST3D(((-475.39999999999998,-339.88,8.6470000000000002),(-475.39999999999998,-198.53999999999999,7.1479999999999997),(-234.12,-98.599999999999994,3.5289999999999999),(-475.39999999999998,-339.88,-0.35299999999999976),(-475.39999999999998,-198.53999999999999,-1.8520000000000003),(-234.12,-98.599999999999994,-5.4710000000000001)),$);
#1254=IFCINDEXEDPOLYGONALFACE((1,2,3));
#1255=IFCINDEXEDPOLYGONALFACE((6,5,4));
#1256=IFCINDEXEDPOLYGONALFACE((1,4,5,2));
#1257=IFCINDEXEDPOLYGONALFACE((2,5,6,3));
#1258=IFCINDEXEDPOLYGONALFACE((3,6,4,1));
#1259=IFCPOLYGONALFACESET(#1253,.T.,(#1254,#1255,#1256,#1257,#1258),$);
#1260=IFCSHAPEREPRESENTATION(#11,'Body','Tessellation',(#1259));
#1261=IFCREPRESENTATIONMAP(#94,#1260);
#1262=IFCMAPPEDITEM(#1261,#96);
#1263=IFCDIRECTION((0.70706700978578629,0.70706700978578618,-0.010606005146786793));
#1264=IFCDIRECTION((-0.70698747816789431,0.70714655035048224,0.010604812172518414));
#1265=IFCCARTESIANPOINT((-1188.511,-339.88299999999998,17.827999999999999));
#1266=IFCDIRECTION((0.014998312784712243,-1.8367635744408672E-18,0.99988751898081629));
#1267=IFCCARTESIANTRANSFORMATIONOPERATOR3D(#1263,#1264,#1265,$,#1266);
#1268=IFCMAPPEDITEM(#51,#1267);
#1269=IFCCARTESIANPOINTLIST3D(((591.25999999999999,155.09,8.8689999999999998),(591.25999999999999,13.67,8.8689999999999998),(409.56,-168.02000000000001,6.1429999999999998),(309.56,-126.59999999999999,4.6429999999999998),(591.25999999999999,155.09,-0.13100000000000023),(591.25999999999999,13.67,-0.13100000000000023),(409.56,-168.02000000000001,-2.8570000000000002),(309.56,-126.59999999999999,-4.3570000000000002)),$);
#1270=IFCINDEXEDPOLYGONALFACE((1,2,3,4));
#1271=IFCINDEXEDPOLYGONALFACE((8,7,6,5));
#1272=IFCINDEXEDPOLYGONALFACE((1,5,6,2));
#1273=IFCINDEXEDPOLYGONALFACE((2,6,7,3));
#1274=IFCINDEXEDPOLYGONALFACE((3,7,8,4));
#1275=IFCINDEXEDPOLYGONALFACE((4,8,5,1));
#1276=IFCPOLYGONALFACESET(#1269,.T.,(#1270,#1271,#1272,#1273,#1274,#1275),$);
#1277=IFCSHAPEREPRESENTATION(#11,'Body','Tessellation',(#1276));
#1278=IFCREPRESENTATIONMAP(#94,#1277);
#1279=IFCMAPPEDITEM(#1278,#96);
#1280=IFCCARTESIANPOINTLIST3D(((237.69999999999999,-339.88,6.1260000000000003),(237.69999999999999,-198.46000000000001,4.6260000000000003),(307.26999999999998,-128.90000000000001,4.6260000000000003),(407.26999999999998,-170.31999999999999,6.1260000000000003),(237.69999999999999,-339.88,-2.8739999999999997),(237.69999999999999,-198.46000000000001,-4.3739999999999997),(307.26999999999998,-128.90000000000001,-4.3739999999999997),(407.26999999999998,-170.31999999999999,-2.8739999999999997)),$);
#1281=IFCINDEXEDPOLYGONALFACE((1,2,3,4));
#1282=IFCINDEXEDPOLYGONALFACE((8,7,6,5));
#1283=IFCINDEXEDPOLYGONALFACE((1,5,6,2));
#1284=IFCINDEXEDPOLYGONALFACE((2,6,7,3));
#1285=IFCINDEXEDPOLYGONALFACE((3,7,8,4));
#1286=IFCINDEXEDPOLYGONALFACE((4,8,5,1));
#1287=IFCPOLYGONALFACESET(#1280,.T.,(#1281,#1282,#1283,#1284,#1285,#1286),$);
#1288=IFCSHAPEREPRESENTATION(#11,'Body','Tessellation',(#1287));
#1289=IFCREPRESENTATIONMAP(#94,#1288);
#1290=IFCMAPPEDITEM(#1289,#96);
#1291=IFCCARTESIANPOINTLIST3D(((950.80999999999995,-339.88,14.262),(950.80999999999995,-198.46000000000001,14.262),(1197.,47.729999999999997,17.954999999999998),(1197.,-93.689999999999998,17.954999999999998),(950.80999999999995,-339.88,5.2620000000000005),(950.80999999999995,-198.46000000000001,5.2620000000000005),(1197.,47.729999999999997,8.9549999999999983),(1197.,-93.689999999999998,8.9549999999999983)),$);
#1292=IFCINDEXEDPOLYGONALFACE((1,2,3,4));
#1293=IFCINDEXEDPOLYGONALFACE((8,7,6,5));
#1294=IFCINDEXEDPOLYGONALFACE((1,5,6,2));
#1295=IFCINDEXEDPOLYGONALFACE((2,6,7,3));
#1296=IFCINDEXEDPOLYGONALFACE((3,7,8,4));
#1297=IFCINDEXEDPOLYGONALFACE((4,8,5,1));
#1298=IFCPOLYGONALFACESET(#1291,.T.,(#1292,#1293,#1294,#1295,#1296,#1297),$);
#1299=IFCSHAPEREPRESENTATION(#11,'Body','Tessellation',(#1298));
#1300=IFCREPRESENTATIONMAP(#94,#1299);
#1301=IFCMAPPEDITEM(#1300,#96);
#1302=IFCCARTESIANPOINTLIST3D(((-121.84999999999999,9.4299999999999997,1.8280000000000001),(-121.84999999999999,-48.850000000000001,1.8280000000000001),(-221.34,-90.060000000000002,3.3199999999999998),(-121.84999999999999,9.4299999999999997,-7.1719999999999997),(-121.84999999999999,-48.850000000000001,-7.1719999999999997),(-221.34,-90.060000000000002,-5.6799999999999997)),$);
#1303=IFCINDEXEDPOLYGONALFACE((1,2,3));
#1304=IFCINDEXEDPOLYGONALFACE((6,5,4));
#1305=IFCINDEXEDPOLYGONALFACE((1,4,5,2));
#1306=IFCINDEXEDPOLYGONALFACE((2,5,6,3));
#1307=IFCINDEXEDPOLYGONALFACE((3,6,4,1));
#1308=IFCPOLYGONALFACESET(#1302,.T.,(#1303,#1304,#1305,#1306,#1307),$);
#1309=IFCSHAPEREPRESENTATION(#11,'Body','Tessellation',(#1308));
#1310=IFCREPRESENTATIONMAP(#94,#1309);
#1311=IFCMAPPEDITEM(#1310,#96);
#1312=IFCCARTESIANPOINTLIST3D(((-121.84999999999999,-131.99000000000001,2.6920000000000002),(-475.39999999999998,-485.55000000000001,10.192),(-475.39999999999998,-344.13,8.6920000000000002),(-226.88,-95.599999999999994,3.4199999999999999),(-121.84999999999999,-52.100000000000001,1.845),(-121.84999999999999,-131.99000000000001,-6.3079999999999998),(-475.39999999999998,-485.55000000000001,1.1920000000000002),(-475.39999999999998,-344.13,-0.30799999999999983),(-226.88,-95.599999999999994,-5.5800000000000001),(-121.84999999999999,-52.100000000000001,-7.1550000000000002)),$);
#1313=IFCINDEXEDPOLYGONALFACE((1,2,3,4,5));
#1314=IFCINDEXEDPOLYGONALFACE((10,9,8,7,6));
#1315=IFCINDEXEDPOLYGONALFACE((1,6,7,2));
#1316=IFCINDEXEDPOLYGONALFACE((2,7,8,3));
#1317=IFCINDEXEDPOLYGONALFACE((3,8,9,4));
#1318=IFCINDEXEDPOLYGONALFACE((4,9,10,5));
#1319=IFCINDEXEDPOLYGONALFACE((5,10,6,1));
#1320=IFCPOLYGONALFACESET(#1312,.T.,(#1313,#1314,#1315,#1316,#1317,#1318,#1319),$);
#1321=IFCSHAPEREPRESENTATION(#11,'Body','Tessellation',(#1320));
#1322=IFCREPRESENTATIONMAP(#94,#1321);
#1323=IFCMAPPEDITEM(#1322,#96);
#1324=IFCDIRECTION((0.70706700978578629,0.70706700978578618,-0.010606005146786793));
#1325=IFCDIRECTION((-0.70698747816789431,0.70714655035048224,0.010604812172518414));
#1326=IFCCARTESIANPOINT((-1188.511,-485.54700000000003,17.827999999999999));
#1327=IFCDIRECTION((0.014998312784712243,-1.8367635744408672E-18,0.99988751898081629));
#1328=IFCCARTESIANTRANSFORMATIONOPERATOR3D(#1324,#1325,#1326,$,#1327);
#1329=IFCMAPPEDITEM(#51,#1328);
#1330=IFCCARTESIANPOINTLIST3D(((591.25999999999999,9.4299999999999997,8.8689999999999998),(591.25999999999999,-131.99000000000001,8.8689999999999998),(512.55999999999995,-210.69,7.6879999999999997),(412.56,-169.27000000000001,6.1879999999999997),(591.25999999999999,9.4299999999999997,-0.13100000000000023),(591.25999999999999,-131.99000000000001,-0.13100000000000023),(512.55999999999995,-210.69,-1.3120000000000003),(412.56,-169.27000000000001,-2.8120000000000003)),$);
#1331=IFCINDEXEDPOLYGONALFACE((1,2,3,4));
#1332=IFCINDEXEDPOLYGONALFACE((8,7,6,5));
#1333=IFCINDEXEDPOLYGONALFACE((1,5,6,2));
#1334=IFCINDEXEDPOLYGONALFACE((2,6,7,3));
#1335=IFCINDEXEDPOLYGONALFACE((3,7,8,4));
#1336=IFCINDEXEDPOLYGONALFACE((4,8,5,1));
#1337=IFCPOLYGONALFACESET(#1330,.T.,(#1331,#1332,#1333,#1334,#1335,#1336),$);
#1338=IFCSHAPEREPRESENTATION(#11,'Body','Tessellation',(#1337));
#1339=IFCREPRESENTATIONMAP(#94,#1338);
#1340=IFCMAPPEDITEM(#1339,#96);
#1341=IFCCARTESIANPOINTLIST3D(((237.69999999999999,-485.55000000000001,7.6710000000000003),(237.69999999999999,-344.13,6.1710000000000003),(410.26999999999998,-171.56,6.1710000000000003),(510.26999999999998,-212.97999999999999,7.6710000000000003),(237.69999999999999,-485.55000000000001,-1.3289999999999997),(237.69999999999999,-344.13,-2.8289999999999997),(410.26999999999998,-171.56,-2.8289999999999997),(510.26999999999998,-212.97999999999999,-1.3289999999999997)),$);
#1342=IFCINDEXEDPOLYGONALFACE((1,2,3,4));
#1343=IFCINDEXEDPOLYGONALFACE((8,7,6,5));
#1344=IFCINDEXEDPOLYGONALFACE((1,5,6,2));
#1345=IFCINDEXEDPOLYGONALFACE((2,6,7,3));
#1346=IFCINDEXEDPOLYGONALFACE((3,7,8,4));
#1347=IFCINDEXEDPOLYGONALFACE((4,8,5,1));
#1348=IFCPOLYGONALFACESET(#1341,.T.,(#1342,#1343,#1344,#1345,#1346,#1347),$);
#1349=IFCSHAPEREPRESENTATION(#11,'Body','Tessellation',(#1348));
#1350=IFCREPRESENTATIONMAP(#94,#1349);
#1351=IFCMAPPEDITEM(#1350,#96);
#1352=IFCCARTESIANPOINTLIST3D(((1016.8,-419.55000000000001,15.252000000000001),(950.80999999999995,-392.20999999999998,14.262),(950.80999999999995,-344.13,14.262),(1197.,-97.930000000000007,17.954999999999998),(1197.,-239.36000000000001,17.954999999999998),(1016.8,-419.55000000000001,6.2520000000000007),(950.80999999999995,-392.20999999999998,5.2620000000000005),(950.80999999999995,-344.13,5.2620000000000005),(1197.,-97.930000000000007,8.9549999999999983),(1197.,-239.36000000000001,8.9549999999999983)),$);
#1353=IFCINDEXEDPOLYGONALFACE((1,2,3,4,5));
#1354=IFCINDEXEDPOLYGONALFACE((10,9,8,7,6));
#1355=IFCINDEXEDPOLYGONALFACE((1,6,7,2));
#1356=IFCINDEXEDPOLYGONALFACE((2,7,8,3));
#1357=IFCINDEXEDPOLYGONALFACE((3,8,9,4));
#1358=IFCINDEXEDPOLYGONALFACE((4,9,10,5));
#1359=IFCINDEXEDPOLYGONALFACE((5,10,6,1));
#1360=IFCPOLYGONALFACESET(#1352,.T.,(#1353,#1354,#1355,#1356,#1357,#1358,#1359),$);
#1361=IFCSHAPEREPRESENTATION(#11,'Body','Tessellation',(#1360));
#1362=IFCREPRESENTATIONMAP(#94,#1361);
#1363=IFCMAPPEDITEM(#1362,#96);
#1364=IFCCARTESIANPOINTLIST3D(((950.80999999999995,-485.55000000000001,15.234999999999999),(950.80999999999995,-395.45999999999998,14.279),(1014.51,-421.85000000000002,15.234999999999999),(950.80999999999995,-485.55000000000001,6.2349999999999994),(950.80999999999995,-395.45999999999998,5.2789999999999999),(1014.51,-421.85000000000002,6.2349999999999994)),$);
#1365=IFCINDEXEDPOLYGONALFACE((1,2,3));
#1366=IFCINDEXEDPOLYGONALFACE((6,5,4));
#1367=IFCINDEXEDPOLYGONALFACE((1,4,5,2));
#1368=IFCINDEXEDPOLYGONALFACE((2,5,6,3));
#1369=IFCINDEXEDPOLYGONALFACE((3,6,4,1));
#1370=IFCPOLYGONALFACESET(#1364,.T.,(#1365,#1366,#1367,#1368,#1369),$);
#1371=IFCSHAPEREPRESENTATION(#11,'Body','Tessellation',(#1370));
#1372=IFCREPRESENTATIONMAP(#94,#1371);
#1373=IFCMAPPEDITEM(#1372,#96);
#1374=IFCDIRECTION((0.70702724509512793,0.70702724509512782,-0.014998312784712245));
#1375=IFCDIRECTION((-0.70710678118654768,0.70710678118654779,1.7347234759768071E-18));
#1376=IFCCARTESIANPOINT((-475.40499999999997,-631.21100000000001,11.737));
#1377=IFCDIRECTION((0.010605408676426922,0.010605408676426918,0.99988751898081629));
#1378=IFCCARTESIANTRANSFORMATIONOPERATOR3D(#1374,#1375,#1376,$,#1377);
#1379=IFCMAPPEDITEM(#51,#1378);
#1380=IFCCARTESIANPOINTLIST3D(((-1188.51,-489.79000000000002,17.827999999999999),(-834.96000000000004,-136.24000000000001,12.523999999999999),(-834.96000000000004,-277.66000000000003,12.523999999999999),(-948.60000000000002,-391.30000000000001,14.228999999999999),(-1188.51,-490.67000000000002,17.827999999999999),(-1188.51,-489.79000000000002,8.8279999999999994),(-834.96000000000004,-136.24000000000001,3.5239999999999991),(-834.96000000000004,-277.66000000000003,3.5239999999999991),(-948.60000000000002,-391.30000000000001,5.2289999999999992),(-1188.51,-490.67000000000002,8.8279999999999994)),$);
#1381=IFCINDEXEDPOLYGONALFACE((1,2,3,4,5));
#1382=IFCINDEXEDPOLYGONALFACE((10,9,8,7,6));
#1383=IFCINDEXEDPOLYGONALFACE((1,6,7,2));
#1384=IFCINDEXEDPOLYGONALFACE((2,7,8,3));
#1385=IFCINDEXEDPOLYGONALFACE((3,8,9,4));
#1386=IFCINDEXEDPOLYGONALFACE((4,9,10,5));
#1387=IFCINDEXEDPOLYGONALFACE((5,10,6,1));
#1388=IFCPOLYGONALFACESET(#1380,.T.,(#1381,#1382,#1383,#1384,#1385,#1386,#1387),$);
#1389=IFCSHAPEREPRESENTATION(#11,'Body','Tessellation',(#1388));
#1390=IFCREPRESENTATIONMAP(#94,#1389);
#1391=IFCMAPPEDITEM(#1390,#96);
#1392=IFCCARTESIANPOINTLIST3D(((-1125.0599999999999,-567.75999999999999,17.954999999999998),(-1188.51,-504.30000000000001,17.954999999999998),(-1188.51,-493.92000000000002,17.844999999999999),(-954.13999999999999,-396.83999999999997,14.329000000000001),(-1125.0599999999999,-567.75999999999999,8.9549999999999983),(-1188.51,-504.30000000000001,8.9549999999999983),(-1188.51,-493.92000000000002,8.8449999999999989),(-954.13999999999999,-396.83999999999997,5.3290000000000006)),$);
#1393=IFCINDEXEDPOLYGONALFACE((1,2,3,4));
#1394=IFCINDEXEDPOLYGONALFACE((8,7,6,5));
#1395=IFCINDEXEDPOLYGONALFACE((1,5,6,2));
#1396=IFCINDEXEDPOLYGONALFACE((2,6,7,3));
#1397=IFCINDEXEDPOLYGONALFACE((3,7,8,4));
#1398=IFCINDEXEDPOLYGONALFACE((4,8,5,1));
#1399=IFCPOLYGONALFACESET(#1392,.T.,(#1393,#1394,#1395,#1396,#1397,#1398),$);
#1400=IFCSHAPEREPRESENTATION(#11,'Body','Tessellation',(#1399));
#1401=IFCREPRESENTATIONMAP(#94,#1400);
#1402=IFCMAPPEDITEM(#1401,#96);
#1403=IFCCARTESIANPOINTLIST3D(((591.25999999999999,-136.24000000000001,8.8689999999999998),(591.25999999999999,-243.28,8.8689999999999998),(515.55999999999995,-211.93000000000001,7.7329999999999997),(591.25999999999999,-136.24000000000001,-0.13100000000000023),(591.25999999999999,-243.28,-0.13100000000000023),(515.55999999999995,-211.93000000000001,-1.2670000000000003)),$);
#1404=IFCINDEXEDPOLYGONALFACE((1,2,3));
#1405=IFCINDEXEDPOLYGONALFACE((6,5,4));
#1406=IFCINDEXEDPOLYGONALFACE((1,4,5,2));
#1407=IFCINDEXEDPOLYGONALFACE((2,5,6,3));
#1408=IFCINDEXEDPOLYGONALFACE((3,6,4,1));
#1409=IFCPOLYGONALFACESET(#1403,.T.,(#1404,#1405,#1406,#1407,#1408),$);
#1410=IFCSHAPEREPRESENTATION(#11,'Body','Tessellation',(#1409));
#1411=IFCREPRESENTATIONMAP(#94,#1410);
#1412=IFCMAPPEDITEM(#1411,#96);
#1413=IFCCARTESIANPOINTLIST3D(((237.69999999999999,-631.21000000000004,9.468),(237.69999999999999,-577.77999999999997,8.6669999999999998),(253.34999999999999,-615.55999999999995,9.2330000000000005),(237.69999999999999,-631.21000000000004,0.46799999999999997),(237.69999999999999,-577.77999999999997,-0.33300000000000018),(253.34999999999999,-615.55999999999995,0.23300000000000054)),$);
#1414=IFCINDEXEDPOLYGONALFACE((1,2,3));
#1415=IFCINDEXEDPOLYGONALFACE((6,5,4));
#1416=IFCINDEXEDPOLYGONALFACE((1,4,5,2));
#1417=IFCINDEXEDPOLYGONALFACE((2,5,6,3));
#1418=IFCINDEXEDPOLYGONALFACE((3,6,4,1));
#1419=IFCPOLYGONALFACESET(#1413,.T.,(#1414,#1415,#1416,#1417,#1418),$);
#1420=IFCSHAPEREPRESENTATION(#11,'Body','Tessellation',(#1419));
#1421=IFCREPRESENTATIONMAP(#94,#1420);
#1422=IFCMAPPEDITEM(#1421,#96);
#1423=IFCCARTESIANPOINTLIST3D(((591.25999999999999,-277.66000000000003,9.2159999999999993),(255.65000000000001,-613.26999999999998,9.2159999999999993),(237.69999999999999,-569.94000000000005,8.5660000000000007),(237.69999999999999,-489.79000000000002,7.7160000000000002),(513.26999999999998,-214.22999999999999,7.7160000000000002),(591.25999999999999,-246.53,8.8859999999999992),(591.25999999999999,-277.66000000000003,0.2159999999999993),(255.65000000000001,-613.26999999999998,0.2159999999999993),(237.69999999999999,-569.94000000000005,-0.43399999999999928),(237.69999999999999,-489.79000000000002,-1.2839999999999998),(513.26999999999998,-214.22999999999999,-1.2839999999999998),(591.25999999999999,-246.53,-0.11400000000000077)),$);
#1424=IFCINDEXEDPOLYGONALFACE((1,2,3,4,5,6));
#1425=IFCINDEXEDPOLYGONALFACE((12,11,10,9,8,7));
#1426=IFCINDEXEDPOLYGONALFACE((1,7,8,2));
#1427=IFCINDEXEDPOLYGONALFACE((2,8,9,3));
#1428=IFCINDEXEDPOLYGONALFACE((3,9,10,4));
#1429=IFCINDEXEDPOLYGONALFACE((4,10,11,5));
#1430=IFCINDEXEDPOLYGONALFACE((5,11,12,6));
#1431=IFCINDEXEDPOLYGONALFACE((6,12,7,1));
#1432=IFCPOLYGONALFACESET(#1423,.T.,(#1424,#1425,#1426,#1427,#1428,#1429,#1430,#1431),$);
#1433=IFCSHAPEREPRESENTATION(#11,'Body','Tessellation',(#1432));
#1434=IFCREPRESENTATIONMAP(#94,#1433);
#1435=IFCMAPPEDITEM(#1434,#96);
#1436=IFCCARTESIANPOINTLIST3D(((1119.8,-462.20999999999998,16.797000000000001),(1019.8,-420.79000000000002,15.297000000000001),(1197.,-243.59999999999999,17.954999999999998),(1197.,-385.01999999999998,17.954999999999998),(1119.8,-462.20999999999998,7.7970000000000006),(1019.8,-420.79000000000002,6.2970000000000006),(1197.,-243.59999999999999,8.9549999999999983),(1197.,-385.01999999999998,8.9549999999999983)),$);
#1437=IFCINDEXEDPOLYGONALFACE((1,2,3,4));
#1438=IFCINDEXEDPOLYGONALFACE((8,7,6,5));
#1439=IFCINDEXEDPOLYGONALFACE((1,5,6,2));
#1440=IFCINDEXEDPOLYGONALFACE((2,6,7,3));
#1441=IFCINDEXEDPOLYGONALFACE((3,7,8,4));
#1442=IFCINDEXEDPOLYGONALFACE((4,8,5,1));
#1443=IFCPOLYGONALFACESET(#1436,.T.,(#1437,#1438,#1439,#1440,#1441,#1442),$);
#1444=IFCSHAPEREPRESENTATION(#11,'Body','Tessellation',(#1443));
#1445=IFCREPRESENTATIONMAP(#94,#1444);
#1446=IFCMAPPEDITEM(#1445,#96);
#1447=IFCCARTESIANPOINTLIST3D(((950.80999999999995,-631.21000000000004,16.780000000000001),(950.80999999999995,-489.79000000000002,15.279999999999999),(1017.51,-423.08999999999997,15.279999999999999),(1117.51,-464.50999999999999,16.780000000000001),(950.80999999999995,-631.21000000000004,7.7800000000000011),(950.80999999999995,-489.79000000000002,6.2799999999999994),(1017.51,-423.08999999999997,6.2799999999999994),(1117.51,-464.50999999999999,7.7800000000000011)),$);
#1448=IFCINDEXEDPOLYGONALFACE((1,2,3,4));
#1449=IFCINDEXEDPOLYGONALFACE((8,7,6,5));
#1450=IFCINDEXEDPOLYGONALFACE((1,5,6,2));
#1451=IFCINDEXEDPOLYGONALFACE((2,6,7,3));
#1452=IFCINDEXEDPOLYGONALFACE((3,7,8,4));
#1453=IFCINDEXEDPOLYGONALFACE((4,8,5,1));
#1454=IFCPOLYGONALFACESET(#1447,.T.,(#1448,#1449,#1450,#1451,#1452,#1453),$);
#1455=IFCSHAPEREPRESENTATION(#11,'Body','Tessellation',(#1454));
#1456=IFCREPRESENTATIONMAP(#94,#1455);
#1457=IFCMAPPEDITEM(#1456,#96);
#1458=IFCCARTESIANPOINTLIST3D(((-475.39999999999998,-776.87,13.282),(-475.39999999999998,-635.45000000000005,11.782),(-121.84999999999999,-281.89999999999998,4.282),(-121.84999999999999,-290.25,4.3710000000000004),(-215.94,-517.40999999999997,7.7779999999999996),(-475.39999999999998,-776.87,4.282),(-475.39999999999998,-635.45000000000005,2.782),(-121.84999999999999,-281.89999999999998,-4.718),(-121.84999999999999,-290.25,-4.6289999999999996),(-215.94,-517.40999999999997,-1.2220000000000004)),$);
#1459=IFCINDEXEDPOLYGONALFACE((1,2,3,4,5));
#1460=IFCINDEXEDPOLYGONALFACE((10,9,8,7,6));
#1461=IFCINDEXEDPOLYGONALFACE((1,6,7,2));
#1462=IFCINDEXEDPOLYGONALFACE((2,7,8,3));
#1463=IFCINDEXEDPOLYGONALFACE((3,8,9,4));
#1464=IFCINDEXEDPOLYGONALFACE((4,9,10,5));
#1465=IFCINDEXEDPOLYGONALFACE((5,10,6,1));
#1466=IFCPOLYGONALFACESET(#1458,.T.,(#1459,#1460,#1461,#1462,#1463,#1464,#1465),$);
#1467=IFCSHAPEREPRESENTATION(#11,'Body','Tessellation',(#1466));
#1468=IFCREPRESENTATIONMAP(#94,#1467);
#1469=IFCMAPPEDITEM(#1468,#96);
#1470=IFCCARTESIANPOINTLIST3D(((-121.84999999999999,-423.31999999999999,6.3499999999999996),(-210.40000000000001,-511.87,7.6779999999999999),(-121.84999999999999,-298.08999999999997,4.4710000000000001),(-121.84999999999999,-423.31999999999999,-2.6500000000000004),(-210.40000000000001,-511.87,-1.3220000000000001),(-121.84999999999999,-298.08999999999997,-4.5289999999999999)),$);
#1471=IFCINDEXEDPOLYGONALFACE((1,2,3));
#1472=IFCINDEXEDPOLYGONALFACE((6,5,4));
#1473=IFCINDEXEDPOLYGONALFACE((1,4,5,2));
#1474=IFCINDEXEDPOLYGONALFACE((2,5,6,3));
#1475=IFCINDEXEDPOLYGONALFACE((3,6,4,1));
#1476=IFCPOLYGONALFACESET(#1470,.T.,(#1471,#1472,#1473,#1474,#1475),$);
#1477=IFCSHAPEREPRESENTATION(#11,'Body','Tessellation',(#1476));
#1478=IFCREPRESENTATIONMAP(#94,#1477);
#1479=IFCMAPPEDITEM(#1478,#96);
#1480=IFCCARTESIANPOINTLIST3D(((-834.96000000000004,-281.89999999999998,12.523999999999999),(-834.96000000000004,-344.23000000000002,12.523999999999999),(-941.36000000000001,-388.30000000000001,14.119999999999999),(-834.96000000000004,-281.89999999999998,3.5239999999999991),(-834.96000000000004,-344.23000000000002,3.5239999999999991),(-941.36000000000001,-388.30000000000001,5.1199999999999992)),$);
#1481=IFCINDEXEDPOLYGONALFACE((1,2,3));
#1482=IFCINDEXEDPOLYGONALFACE((6,5,4));
#1483=IFCINDEXEDPOLYGONALFACE((1,4,5,2));
#1484=IFCINDEXEDPOLYGONALFACE((2,5,6,3));
#1485=IFCINDEXEDPOLYGONALFACE((3,6,4,1));
#1486=IFCPOLYGONALFACESET(#1480,.T.,(#1481,#1482,#1483,#1484,#1485),$);
#1487=IFCSHAPEREPRESENTATION(#11,'Body','Tessellation',(#1486));
#1488=IFCREPRESENTATIONMAP(#94,#1487);
#1489=IFCMAPPEDITEM(#1488,#96);
#1490=IFCCARTESIANPOINTLIST3D(((-834.96000000000004,-423.31999999999999,13.346),(-1052.23,-640.59000000000003,17.954999999999998),(-1122.9400000000001,-569.88,17.954999999999998),(-946.89999999999998,-393.83999999999997,14.221),(-834.96000000000004,-347.47000000000003,12.542),(-834.96000000000004,-423.31999999999999,4.3460000000000001),(-1052.23,-640.59000000000003,8.9549999999999983),(-1122.9400000000001,-569.88,8.9549999999999983),(-946.89999999999998,-393.83999999999997,5.2210000000000001),(-834.96000000000004,-347.47000000000003,3.5419999999999998)),$);
#1491=IFCINDEXEDPOLYGONALFACE((1,2,3,4,5));
#1492=IFCINDEXEDPOLYGONALFACE((10,9,8,7,6));
#1493=IFCINDEXEDPOLYGONALFACE((1,6,7,2));
#1494=IFCINDEXEDPOLYGONALFACE((2,7,8,3));
#1495=IFCINDEXEDPOLYGONALFACE((3,8,9,4));
#1496=IFCINDEXEDPOLYGONALFACE((4,9,10,5));
#1497=IFCINDEXEDPOLYGONALFACE((5,10,6,1));
#1498=IFCPOLYGONALFACESET(#1490,.T.,(#1491,#1492,#1493,#1494,#1495,#1496,#1497),$);
#1499=IFCSHAPEREPRESENTATION(#11,'Body','Tessellation',(#1498));
#1500=IFCREPRESENTATIONMAP(#94,#1499);
#1501=IFCMAPPEDITEM(#1500,#96);
#1502=IFCCARTESIANPOINTLIST3D(((237.69999999999999,-776.87,11.653),(237.69999999999999,-635.45000000000005,9.532),(254.59,-618.55999999999995,9.2780000000000005),(296.00999999999999,-718.55999999999995,10.778),(237.69999999999999,-776.87,2.6530000000000005),(237.69999999999999,-635.45000000000005,0.53200000000000003),(254.59,-618.55999999999995,0.27800000000000047),(296.00999999999999,-718.55999999999995,1.7780000000000005)),$);
#1503=IFCINDEXEDPOLYGONALFACE((1,2,3,4));
#1504=IFCINDEXEDPOLYGONALFACE((8,7,6,5));
#1505=IFCINDEXEDPOLYGONALFACE((1,5,6,2));
#1506=IFCINDEXEDPOLYGONALFACE((2,6,7,3));
#1507=IFCINDEXEDPOLYGONALFACE((3,7,8,4));
#1508=IFCINDEXEDPOLYGONALFACE((4,8,5,1));
#1509=IFCPOLYGONALFACESET(#1502,.T.,(#1503,#1504,#1505,#1506,#1507,#1508),$);
#1510=IFCSHAPEREPRESENTATION(#11,'Body','Tessellation',(#1509));
#1511=IFCREPRESENTATIONMAP(#94,#1510);
#1512=IFCMAPPEDITEM(#1511,#96);
#1513=IFCCARTESIANPOINTLIST3D(((591.25999999999999,-281.89999999999998,9.2609999999999992),(591.25999999999999,-423.31999999999999,10.760999999999999),(298.31,-716.26999999999998,10.760999999999999),(256.88999999999999,-616.26999999999998,9.2609999999999992),(591.25999999999999,-281.89999999999998,0.26099999999999923),(591.25999999999999,-423.31999999999999,1.7609999999999992),(298.31,-716.26999999999998,1.7609999999999992),(256.88999999999999,-616.26999999999998,0.26099999999999923)),$);
#1514=IFCINDEXEDPOLYGONALFACE((1,2,3,4));
#1515=IFCINDEXEDPOLYGONALFACE((8,7,6,5));
#1516=IFCINDEXEDPOLYGONALFACE((1,5,6,2));
#1517=IFCINDEXEDPOLYGONALFACE((2,6,7,3));
#1518=IFCINDEXEDPOLYGONALFACE((3,7,8,4));
#1519=IFCINDEXEDPOLYGONALFACE((4,8,5,1));
#1520=IFCPOLYGONALFACESET(#1513,.T.,(#1514,#1515,#1516,#1517,#1518,#1519),$);
#1521=IFCSHAPEREPRESENTATION(#11,'Body','Tessellation',(#1520));
#1522=IFCREPRESENTATIONMAP(#94,#1521);
#1523=IFCMAPPEDITEM(#1522,#96);
#1524=IFCCARTESIANPOINTLIST3D(((1197.,-389.25999999999999,17.954999999999998),(1197.,-494.19,17.954999999999998),(1122.8,-463.45999999999998,16.841999999999999),(1197.,-389.25999999999999,8.9549999999999983),(1197.,-494.19,8.9549999999999983),(1122.8,-463.45999999999998,7.8419999999999987)),$);
#1525=IFCINDEXEDPOLYGONALFACE((1,2,3));
#1526=IFCINDEXEDPOLYGONALFACE((6,5,4));
#1527=IFCINDEXEDPOLYGONALFACE((1,4,5,2));
#1528=IFCINDEXEDPOLYGONALFACE((2,5,6,3));
#1529=IFCINDEXEDPOLYGONALFACE((3,6,4,1));
#1530=IFCPOLYGONALFACESET(#1524,.T.,(#1525,#1526,#1527,#1528,#1529),$);
#1531=IFCSHAPEREPRESENTATION(#11,'Body','Tessellation',(#1530));
#1532=IFCREPRESENTATIONMAP(#94,#1531);
#1533=IFCMAPPEDITEM(#1532,#96);
#1534=IFCCARTESIANPOINTLIST3D(((950.80999999999995,-635.45000000000005,16.824999999999999),(1120.51,-465.75,16.824999999999999),(1195.8499999999999,-496.95999999999998,17.954999999999998),(950.80999999999995,-742.,17.954999999999998),(950.80999999999995,-635.45000000000005,7.8249999999999993),(1120.51,-465.75,7.8249999999999993),(1195.8499999999999,-496.95999999999998,8.9549999999999983),(950.80999999999995,-742.,8.9549999999999983)),$);
#1535=IFCINDEXEDPOLYGONALFACE((1,2,3,4));
#1536=IFCINDEXEDPOLYGONALFACE((8,7,6,5));
#1537=IFCINDEXEDPOLYGONALFACE((1,5,6,2));
#1538=IFCINDEXEDPOLYGONALFACE((2,6,7,3));
#1539=IFCINDEXEDPOLYGONALFACE((3,7,8,4));
#1540=IFCINDEXEDPOLYGONALFACE((4,8,5,1));
#1541=IFCPOLYGONALFACESET(#1534,.T.,(#1535,#1536,#1537,#1538,#1539,#1540),$);
#1542=IFCSHAPEREPRESENTATION(#11,'Body','Tessellation',(#1541));
#1543=IFCREPRESENTATIONMAP(#94,#1542);
#1544=IFCMAPPEDITEM(#1543,#96);
#1545=IFCCARTESIANPOINTLIST3D(((-475.39999999999998,-922.53999999999996,14.827),(-475.39999999999998,-781.12,13.327),(-218.94,-524.65999999999997,7.8869999999999996),(-318.94,-766.08000000000004,11.507999999999999),(-475.39999999999998,-922.53999999999996,5.827),(-475.39999999999998,-781.12,4.327),(-218.94,-524.65999999999997,-1.1130000000000004),(-318.94,-766.08000000000004,2.5079999999999991)),$);
#1546=IFCINDEXEDPOLYGONALFACE((1,2,3,4));
#1547=IFCINDEXEDPOLYGONALFACE((8,7,6,5));
#1548=IFCINDEXEDPOLYGONALFACE((1,5,6,2));
#1549=IFCINDEXEDPOLYGONALFACE((2,6,7,3));
#1550=IFCINDEXEDPOLYGONALFACE((3,7,8,4));
#1551=IFCINDEXEDPOLYGONALFACE((4,8,5,1));
#1552=IFCPOLYGONALFACESET(#1545,.T.,(#1546,#1547,#1548,#1549,#1550,#1551),$);
#1553=IFCSHAPEREPRESENTATION(#11,'Body','Tessellation',(#1552));
#1554=IFCREPRESENTATIONMAP(#94,#1553);
#1555=IFCMAPPEDITEM(#1554,#96);
#1556=IFCCARTESIANPOINTLIST3D(((-121.84999999999999,-427.56,6.4130000000000003),(-121.84999999999999,-568.99000000000001,8.5350000000000001),(-313.39999999999998,-760.52999999999997,11.407999999999999),(-213.40000000000001,-519.11000000000001,7.7869999999999999),(-121.84999999999999,-427.56,-2.5869999999999997),(-121.84999999999999,-568.99000000000001,-0.46499999999999986),(-313.39999999999998,-760.52999999999997,2.4079999999999995),(-213.40000000000001,-519.11000000000001,-1.2130000000000001)),$);
#1557=IFCINDEXEDPOLYGONALFACE((1,2,3,4));
#1558=IFCINDEXEDPOLYGONALFACE((8,7,6,5));
#1559=IFCINDEXEDPOLYGONALFACE((1,5,6,2));
#1560=IFCINDEXEDPOLYGONALFACE((2,6,7,3));
#1561=IFCINDEXEDPOLYGONALFACE((3,7,8,4));
#1562=IFCINDEXEDPOLYGONALFACE((4,8,5,1));
#1563=IFCPOLYGONALFACESET(#1556,.T.,(#1557,#1558,#1559,#1560,#1561,#1562),$);
#1564=IFCSHAPEREPRESENTATION(#11,'Body','Tessellation',(#1563));
#1565=IFCREPRESENTATIONMAP(#94,#1564);
#1566=IFCMAPPEDITEM(#1565,#96);
#1567=IFCCARTESIANPOINTLIST3D(((-834.96000000000004,-427.56,13.391),(-834.96000000000004,-568.99000000000001,14.891),(-979.38999999999999,-713.41999999999996,17.954999999999998),(-1050.0999999999999,-642.71000000000004,17.954999999999998),(-834.96000000000004,-427.56,4.391),(-834.96000000000004,-568.99000000000001,5.891),(-979.38999999999999,-713.41999999999996,8.9549999999999983),(-1050.0999999999999,-642.71000000000004,8.9549999999999983)),$);
#1568=IFCINDEXEDPOLYGONALFACE((1,2,3,4));
#1569=IFCINDEXEDPOLYGONALFACE((8,7,6,5));
#1570=IFCINDEXEDPOLYGONALFACE((1,5,6,2));
#1571=IFCINDEXEDPOLYGONALFACE((2,6,7,3));
#1572=IFCINDEXEDPOLYGONALFACE((3,7,8,4));
#1573=IFCINDEXEDPOLYGONALFACE((4,8,5,1));
#1574=IFCPOLYGONALFACESET(#1567,.T.,(#1568,#1569,#1570,#1571,#1572,#1573),$);
#1575=IFCSHAPEREPRESENTATION(#11,'Body','Tessellation',(#1574));
#1576=IFCREPRESENTATIONMAP(#94,#1575);
#1577=IFCMAPPEDITEM(#1576,#96);
#1578=IFCCARTESIANPOINTLIST3D(((237.69999999999999,-922.53999999999996,13.837999999999999),(237.69999999999999,-781.12,11.717000000000001),(297.25999999999999,-721.55999999999995,10.823),(338.68000000000001,-821.55999999999995,12.323),(237.69999999999999,-922.53999999999996,4.8379999999999992),(237.69999999999999,-781.12,2.7170000000000005),(297.25999999999999,-721.55999999999995,1.8230000000000004),(338.68000000000001,-821.55999999999995,3.3230000000000004)),$);
#1579=IFCINDEXEDPOLYGONALFACE((1,2,3,4));
#1580=IFCINDEXEDPOLYGONALFACE((8,7,6,5));
#1581=IFCINDEXEDPOLYGONALFACE((1,5,6,2));
#1582=IFCINDEXEDPOLYGONALFACE((2,6,7,3));
#1583=IFCINDEXEDPOLYGONALFACE((3,7,8,4));
#1584=IFCINDEXEDPOLYGONALFACE((4,8,5,1));
#1585=IFCPOLYGONALFACESET(#1578,.T.,(#1579,#1580,#1581,#1582,#1583,#1584),$);
#1586=IFCSHAPEREPRESENTATION(#11,'Body','Tessellation',(#1585));
#1587=IFCREPRESENTATIONMAP(#94,#1586);
#1588=IFCMAPPEDITEM(#1587,#96);
#1589=IFCCARTESIANPOINTLIST3D(((591.25999999999999,-427.56,10.805999999999999),(591.25999999999999,-568.99000000000001,12.305999999999999),(340.97000000000003,-819.26999999999998,12.305999999999999),(299.55000000000001,-719.26999999999998,10.805999999999999),(591.25999999999999,-427.56,1.8059999999999992),(591.25999999999999,-568.99000000000001,3.3059999999999992),(340.97000000000003,-819.26999999999998,3.3059999999999992),(299.55000000000001,-719.26999999999998,1.8059999999999992)),$);
#1590=IFCINDEXEDPOLYGONALFACE((1,2,3,4));
#1591=IFCINDEXEDPOLYGONALFACE((8,7,6,5));
#1592=IFCINDEXEDPOLYGONALFACE((1,5,6,2));
#1593=IFCINDEXEDPOLYGONALFACE((2,6,7,3));
#1594=IFCINDEXEDPOLYGONALFACE((3,7,8,4));
#1595=IFCINDEXEDPOLYGONALFACE((4,8,5,1));
#1596=IFCPOLYGONALFACESET(#1589,.T.,(#1590,#1591,#1592,#1593,#1594,#1595),$);
#1597=IFCSHAPEREPRESENTATION(#11,'Body','Tessellation',(#1596));
#1598=IFCREPRESENTATIONMAP(#94,#1597);
#1599=IFCMAPPEDITEM(#1598,#96);
#1600=IFCCARTESIANPOINTLIST3D(((-475.39999999999998,-1068.2,16.372),(-475.39999999999998,-926.77999999999997,14.872),(-321.94,-773.32000000000005,11.617000000000001),(-421.94,-1014.74,15.238),(-475.39999999999998,-1068.2,7.3719999999999999),(-475.39999999999998,-926.77999999999997,5.8719999999999999),(-321.94,-773.32000000000005,2.6170000000000009),(-421.94,-1014.74,6.2379999999999995)),$);
#1601=IFCINDEXEDPOLYGONALFACE((1,2,3,4));
#1602=IFCINDEXEDPOLYGONALFACE((8,7,6,5));
#1603=IFCINDEXEDPOLYGONALFACE((1,5,6,2));
#1604=IFCINDEXEDPOLYGONALFACE((2,6,7,3));
#1605=IFCINDEXEDPOLYGONALFACE((3,7,8,4));
#1606=IFCINDEXEDPOLYGONALFACE((4,8,5,1));
#1607=IFCPOLYGONALFACESET(#1600,.T.,(#1601,#1602,#1603,#1604,#1605,#1606),$);
#1608=IFCSHAPEREPRESENTATION(#11,'Body','Tessellation',(#1607));
#1609=IFCREPRESENTATIONMAP(#94,#1608);
#1610=IFCMAPPEDITEM(#1609,#96);
#1611=IFCCARTESIANPOINTLIST3D(((-121.84999999999999,-573.23000000000002,8.5980000000000008),(-121.84999999999999,-714.64999999999998,10.720000000000001),(-416.39999999999998,-1009.2,15.138),(-316.39999999999998,-767.77999999999997,11.516999999999999),(-121.84999999999999,-573.23000000000002,-0.40199999999999925),(-121.84999999999999,-714.64999999999998,1.7200000000000006),(-416.39999999999998,-1009.2,6.1379999999999999),(-316.39999999999998,-767.77999999999997,2.5169999999999995)),$);
#1612=IFCINDEXEDPOLYGONALFACE((1,2,3,4));
#1613=IFCINDEXEDPOLYGONALFACE((8,7,6,5));
#1614=IFCINDEXEDPOLYGONALFACE((1,5,6,2));
#1615=IFCINDEXEDPOLYGONALFACE((2,6,7,3));
#1616=IFCINDEXEDPOLYGONALFACE((3,7,8,4));
#1617=IFCINDEXEDPOLYGONALFACE((4,8,5,1));
#1618=IFCPOLYGONALFACESET(#1611,.T.,(#1612,#1613,#1614,#1615,#1616,#1617),$);
#1619=IFCSHAPEREPRESENTATION(#11,'Body','Tessellation',(#1618));
#1620=IFCREPRESENTATIONMAP(#94,#1619);
#1621=IFCMAPPEDITEM(#1620,#96);
#1622=IFCCARTESIANPOINTLIST3D(((-834.96000000000004,-573.23000000000002,14.936),(-834.96000000000004,-714.64999999999998,16.436),(-906.55999999999995,-786.25,17.954999999999998),(-977.26999999999998,-715.53999999999996,17.954999999999998),(-834.96000000000004,-573.23000000000002,5.9359999999999999),(-834.96000000000004,-714.64999999999998,7.4359999999999999),(-906.55999999999995,-786.25,8.9549999999999983),(-977.26999999999998,-715.53999999999996,8.9549999999999983)),$);
#1623=IFCINDEXEDPOLYGONALFACE((1,2,3,4));
#1624=IFCINDEXEDPOLYGONALFACE((8,7,6,5));
#1625=IFCINDEXEDPOLYGONALFACE((1,5,6,2));
#1626=IFCINDEXEDPOLYGONALFACE((2,6,7,3));
#1627=IFCINDEXEDPOLYGONALFACE((3,7,8,4));
#1628=IFCINDEXEDPOLYGONALFACE((4,8,5,1));
#1629=IFCPOLYGONALFACESET(#1622,.T.,(#1623,#1624,#1625,#1626,#1627,#1628),$);
#1630=IFCSHAPEREPRESENTATION(#11,'Body','Tessellation',(#1629));
#1631=IFCREPRESENTATIONMAP(#94,#1630);
#1632=IFCMAPPEDITEM(#1631,#96);
#1633=IFCCARTESIANPOINTLIST3D(((237.69999999999999,-1068.2,16.023),(237.69999999999999,-926.77999999999997,13.901999999999999),(339.92000000000002,-824.55999999999995,12.368),(381.33999999999997,-924.55999999999995,13.868),(237.69999999999999,-1068.2,7.0229999999999997),(237.69999999999999,-926.77999999999997,4.9019999999999992),(339.92000000000002,-824.55999999999995,3.3680000000000003),(381.33999999999997,-924.55999999999995,4.8680000000000003)),$);
#1634=IFCINDEXEDPOLYGONALFACE((1,2,3,4));
#1635=IFCINDEXEDPOLYGONALFACE((8,7,6,5));
#1636=IFCINDEXEDPOLYGONALFACE((1,5,6,2));
#1637=IFCINDEXEDPOLYGONALFACE((2,6,7,3));
#1638=IFCINDEXEDPOLYGONALFACE((3,7,8,4));
#1639=IFCINDEXEDPOLYGONALFACE((4,8,5,1));
#1640=IFCPOLYGONALFACESET(#1633,.T.,(#1634,#1635,#1636,#1637,#1638,#1639),$);
#1641=IFCSHAPEREPRESENTATION(#11,'Body','Tessellation',(#1640));
#1642=IFCREPRESENTATIONMAP(#94,#1641);
#1643=IFCMAPPEDITEM(#1642,#96);
#1644=IFCCARTESIANPOINTLIST3D(((591.25999999999999,-573.23000000000002,12.351000000000001),(591.25999999999999,-714.64999999999998,13.851000000000001),(383.63999999999999,-922.26999999999998,13.851000000000001),(342.22000000000003,-822.26999999999998,12.351000000000001),(591.25999999999999,-573.23000000000002,3.3510000000000009),(591.25999999999999,-714.64999999999998,4.8510000000000009),(383.63999999999999,-922.26999999999998,4.8510000000000009),(342.22000000000003,-822.26999999999998,3.3510000000000009)),$);
#1645=IFCINDEXEDPOLYGONALFACE((1,2,3,4));
#1646=IFCINDEXEDPOLYGONALFACE((8,7,6,5));
#1647=IFCINDEXEDPOLYGONALFACE((1,5,6,2));
#1648=IFCINDEXEDPOLYGONALFACE((2,6,7,3));
#1649=IFCINDEXEDPOLYGONALFACE((3,7,8,4));
#1650=IFCINDEXEDPOLYGONALFACE((4,8,5,1));
#1651=IFCPOLYGONALFACESET(#1644,.T.,(#1645,#1646,#1647,#1648,#1649,#1650),$);
#1652=IFCSHAPEREPRESENTATION(#11,'Body','Tessellation',(#1651));
#1653=IFCREPRESENTATIONMAP(#94,#1652);
#1654=IFCMAPPEDITEM(#1653,#96);
#1655=IFCCARTESIANPOINTLIST3D(((-475.39999999999998,-1072.45,16.417000000000002),(-424.94,-1021.98,15.347),(-475.39999999999998,-1143.8099999999999,17.173999999999999),(-475.39999999999998,-1072.45,7.4170000000000016),(-424.94,-1021.98,6.3469999999999995),(-475.39999999999998,-1143.8099999999999,8.1739999999999995)),$);
#1656=IFCINDEXEDPOLYGONALFACE((1,2,3));
#1657=IFCINDEXEDPOLYGONALFACE((6,5,4));
#1658=IFCINDEXEDPOLYGONALFACE((1,4,5,2));
#1659=IFCINDEXEDPOLYGONALFACE((2,5,6,3));
#1660=IFCINDEXEDPOLYGONALFACE((3,6,4,1));
#1661=IFCPOLYGONALFACESET(#1655,.T.,(#1656,#1657,#1658,#1659,#1660),$);
#1662=IFCSHAPEREPRESENTATION(#11,'Body','Tessellation',(#1661));
#1663=IFCREPRESENTATIONMAP(#94,#1662);
#1664=IFCMAPPEDITEM(#1663,#96);
#1665=IFCCARTESIANPOINTLIST3D(((-121.84999999999999,-718.88999999999999,10.782999999999999),(-121.84999999999999,-860.30999999999995,12.904999999999999),(-458.54000000000002,-1197.,17.954999999999998),(-475.39999999999998,-1197.,17.954999999999998),(-475.39999999999998,-1151.6500000000001,17.274999999999999),(-419.39999999999998,-1016.4400000000001,15.247),(-121.84999999999999,-718.88999999999999,1.7829999999999995),(-121.84999999999999,-860.30999999999995,3.9049999999999994),(-458.54000000000002,-1197.,8.9549999999999983),(-475.39999999999998,-1197.,8.9549999999999983),(-475.39999999999998,-1151.6500000000001,8.2749999999999986),(-419.39999999999998,-1016.4400000000001,6.2469999999999999)),$);
#1666=IFCINDEXEDPOLYGONALFACE((1,2,3,4,5,6));
#1667=IFCINDEXEDPOLYGONALFACE((12,11,10,9,8,7));
#1668=IFCINDEXEDPOLYGONALFACE((1,7,8,2));
#1669=IFCINDEXEDPOLYGONALFACE((2,8,9,3));
#1670=IFCINDEXEDPOLYGONALFACE((3,9,10,4));
#1671=IFCINDEXEDPOLYGONALFACE((4,10,11,5));
#1672=IFCINDEXEDPOLYGONALFACE((5,11,12,6));
#1673=IFCINDEXEDPOLYGONALFACE((6,12,7,1));
#1674=IFCPOLYGONALFACESET(#1665,.T.,(#1666,#1667,#1668,#1669,#1670,#1671,#1672,#1673),$);
#1675=IFCSHAPEREPRESENTATION(#11,'Body','Tessellation',(#1674));
#1676=IFCREPRESENTATIONMAP(#94,#1675);
#1677=IFCMAPPEDITEM(#1676,#96);
#1678=IFCCARTESIANPOINTLIST3D(((-834.96000000000004,-718.88999999999999,16.481000000000002),(-834.96000000000004,-857.86000000000001,17.954999999999998),(-904.44000000000005,-788.37,17.954999999999998),(-834.96000000000004,-718.88999999999999,7.4810000000000016),(-834.96000000000004,-857.86000000000001,8.9549999999999983),(-904.44000000000005,-788.37,8.9549999999999983)),$);
#1679=IFCINDEXEDPOLYGONALFACE((1,2,3));
#1680=IFCINDEXEDPOLYGONALFACE((6,5,4));
#1681=IFCINDEXEDPOLYGONALFACE((1,4,5,2));
#1682=IFCINDEXEDPOLYGONALFACE((2,5,6,3));
#1683=IFCINDEXEDPOLYGONALFACE((3,6,4,1));
#1684=IFCPOLYGONALFACESET(#1678,.T.,(#1679,#1680,#1681,#1682,#1683),$);
#1685=IFCSHAPEREPRESENTATION(#11,'Body','Tessellation',(#1684));
#1686=IFCREPRESENTATIONMAP(#94,#1685);
#1687=IFCMAPPEDITEM(#1686,#96);
#1688=IFCCARTESIANPOINTLIST3D(((254.56999999999999,-1197.,17.954999999999998),(237.69999999999999,-1197.,17.954999999999998),(237.69999999999999,-1072.45,16.087),(382.58999999999997,-927.55999999999995,13.913),(424.00999999999999,-1027.5599999999999,15.413),(254.56999999999999,-1197.,8.9549999999999983),(237.69999999999999,-1197.,8.9549999999999983),(237.69999999999999,-1072.45,7.0869999999999997),(382.58999999999997,-927.55999999999995,4.9130000000000003),(424.00999999999999,-1027.5599999999999,6.4130000000000003)),$);
#1689=IFCINDEXEDPOLYGONALFACE((1,2,3,4,5));
#1690=IFCINDEXEDPOLYGONALFACE((10,9,8,7,6));
#1691=IFCINDEXEDPOLYGONALFACE((1,6,7,2));
#1692=IFCINDEXEDPOLYGONALFACE((2,7,8,3));
#1693=IFCINDEXEDPOLYGONALFACE((3,8,9,4));
#1694=IFCINDEXEDPOLYGONALFACE((4,9,10,5));
#1695=IFCINDEXEDPOLYGONALFACE((5,10,6,1));
#1696=IFCPOLYGONALFACESET(#1688,.T.,(#1689,#1690,#1691,#1692,#1693,#1694,#1695),$);
#1697=IFCSHAPEREPRESENTATION(#11,'Body','Tessellation',(#1696));
#1698=IFCREPRESENTATIONMAP(#94,#1697);
#1699=IFCMAPPEDITEM(#1698,#96);
#1700=IFCCARTESIANPOINTLIST3D(((591.25999999999999,-718.88999999999999,13.896000000000001),(591.25999999999999,-860.30999999999995,15.396000000000001),(426.30000000000001,-1025.27,15.396000000000001),(384.88,-925.26999999999998,13.896000000000001),(591.25999999999999,-718.88999999999999,4.8960000000000008),(591.25999999999999,-860.30999999999995,6.3960000000000008),(426.30000000000001,-1025.27,6.3960000000000008),(384.88,-925.26999999999998,4.8960000000000008)),$);
#1701=IFCINDEXEDPOLYGONALFACE((1,2,3,4));
#1702=IFCINDEXEDPOLYGONALFACE((8,7,6,5));
#1703=IFCINDEXEDPOLYGONALFACE((1,5,6,2));
#1704=IFCINDEXEDPOLYGONALFACE((2,6,7,3));
#1705=IFCINDEXEDPOLYGONALFACE((3,7,8,4));
#1706=IFCINDEXEDPOLYGONALFACE((4,8,5,1));
#1707=IFCPOLYGONALFACESET(#1700,.T.,(#1701,#1702,#1703,#1704,#1705,#1706),$);
#1708=IFCSHAPEREPRESENTATION(#11,'Body','Tessellation',(#1707));
#1709=IFCREPRESENTATIONMAP(#94,#1708);
#1710=IFCMAPPEDITEM(#1709,#96);
#1711=IFCCARTESIANPOINTLIST3D(((-121.84999999999999,592.08000000000004,8.8810000000000002),(-121.84999999999999,450.66000000000003,6.7599999999999998),(-166.53999999999999,405.98000000000002,6.0899999999999999),(-207.96000000000001,505.98000000000002,7.5899999999999999),(-121.84999999999999,592.08000000000004,-0.11899999999999977),(-121.84999999999999,450.66000000000003,-2.2400000000000002),(-166.53999999999999,405.98000000000002,-2.9100000000000001),(-207.96000000000001,505.98000000000002,-1.4100000000000001)),$);
#1712=IFCINDEXEDPOLYGONALFACE((1,2,3,4));
#1713=IFCINDEXEDPOLYGONALFACE((8,7,6,5));
#1714=IFCINDEXEDPOLYGONALFACE((1,5,6,2));
#1715=IFCINDEXEDPOLYGONALFACE((2,6,7,3));
#1716=IFCINDEXEDPOLYGONALFACE((3,7,8,4));
#1717=IFCINDEXEDPOLYGONALFACE((4,8,5,1));
#1718=IFCPOLYGONALFACESET(#1711,.T.,(#1712,#1713,#1714,#1715,#1716,#1717),$);
#1719=IFCSHAPEREPRESENTATION(#11,'Body','Tessellation',(#1718));
#1720=IFCREPRESENTATIONMAP(#94,#1719);
#1721=IFCMAPPEDITEM(#1720,#96);
#1722=IFCCARTESIANPOINTLIST3D(((-403.68000000000001,168.83000000000001,6.0720000000000001),(-475.39999999999998,198.53999999999999,7.1479999999999997),(-475.39999999999998,238.53,7.5720000000000001),(-210.25,503.68000000000001,7.5720000000000001),(-168.83000000000001,403.68000000000001,6.0720000000000001),(-403.68000000000001,168.83000000000001,-2.9279999999999999),(-475.39999999999998,198.53999999999999,-1.8520000000000003),(-475.39999999999998,238.53,-1.4279999999999999),(-210.25,503.68000000000001,-1.4279999999999999),(-168.83000000000001,403.68000000000001,-2.9279999999999999)),$);
#1723=IFCINDEXEDPOLYGONALFACE((1,2,3,4,5));
#1724=IFCINDEXEDPOLYGONALFACE((10,9,8,7,6));
#1725=IFCINDEXEDPOLYGONALFACE((1,6,7,2));
#1726=IFCINDEXEDPOLYGONALFACE((2,7,8,3));
#1727=IFCINDEXEDPOLYGONALFACE((3,8,9,4));
#1728=IFCINDEXEDPOLYGONALFACE((4,9,10,5));
#1729=IFCINDEXEDPOLYGONALFACE((5,10,6,1));
#1730=IFCPOLYGONALFACESET(#1722,.T.,(#1723,#1724,#1725,#1726,#1727,#1728,#1729),$);
#1731=IFCSHAPEREPRESENTATION(#11,'Body','Tessellation',(#1730));
#1732=IFCREPRESENTATIONMAP(#94,#1731);
#1733=IFCMAPPEDITEM(#1732,#96);
#1734=IFCCARTESIANPOINTLIST3D(((-475.39999999999998,97.109999999999999,7.1310000000000002),(-475.39999999999998,195.30000000000001,7.1310000000000002),(-405.98000000000002,166.53999999999999,6.0899999999999999),(-475.39999999999998,97.109999999999999,-1.8689999999999998),(-475.39999999999998,195.30000000000001,-1.8689999999999998),(-405.98000000000002,166.53999999999999,-2.9100000000000001)),$);
#1735=IFCINDEXEDPOLYGONALFACE((1,2,3));
#1736=IFCINDEXEDPOLYGONALFACE((6,5,4));
#1737=IFCINDEXEDPOLYGONALFACE((1,4,5,2));
#1738=IFCINDEXEDPOLYGONALFACE((2,5,6,3));
#1739=IFCINDEXEDPOLYGONALFACE((3,6,4,1));
#1740=IFCPOLYGONALFACESET(#1734,.T.,(#1735,#1736,#1737,#1738,#1739),$);
#1741=IFCSHAPEREPRESENTATION(#11,'Body','Tessellation',(#1740));
#1742=IFCREPRESENTATIONMAP(#94,#1741);
#1743=IFCMAPPEDITEM(#1742,#96);
#1744=IFCCARTESIANPOINTLIST3D(((-834.96000000000004,592.08000000000004,15.135999999999999),(-834.96000000000004,450.66000000000003,13.635999999999999),(-907.91999999999996,377.69999999999999,13.635999999999999),(-1007.92,419.12,15.135999999999999),(-834.96000000000004,592.08000000000004,6.1359999999999992),(-834.96000000000004,450.66000000000003,4.6359999999999992),(-907.91999999999996,377.69999999999999,4.6359999999999992),(-1007.92,419.12,6.1359999999999992)),$);
#1745=IFCINDEXEDPOLYGONALFACE((1,2,3,4));
#1746=IFCINDEXEDPOLYGONALFACE((8,7,6,5));
#1747=IFCINDEXEDPOLYGONALFACE((1,5,6,2));
#1748=IFCINDEXEDPOLYGONALFACE((2,6,7,3));
#1749=IFCINDEXEDPOLYGONALFACE((3,7,8,4));
#1750=IFCINDEXEDPOLYGONALFACE((4,8,5,1));
#1751=IFCPOLYGONALFACESET(#1744,.T.,(#1745,#1746,#1747,#1748,#1749,#1750),$);
#1752=IFCSHAPEREPRESENTATION(#11,'Body','Tessellation',(#1751));
#1753=IFCREPRESENTATIONMAP(#94,#1752);
#1754=IFCMAPPEDITEM(#1753,#96);
#1755=IFCCARTESIANPOINTLIST3D(((-1188.51,97.109999999999999,17.827999999999999),(-1188.51,238.53,17.827999999999999),(-1010.22,416.81999999999999,15.153),(-910.22000000000003,375.39999999999998,13.653),(-1188.51,97.109999999999999,8.8279999999999994),(-1188.51,238.53,8.8279999999999994),(-1010.22,416.81999999999999,6.1530000000000005),(-910.22000000000003,375.39999999999998,4.6530000000000005)),$);
#1756=IFCINDEXEDPOLYGONALFACE((1,2,3,4));
#1757=IFCINDEXEDPOLYGONALFACE((8,7,6,5));
#1758=IFCINDEXEDPOLYGONALFACE((1,5,6,2));
#1759=IFCINDEXEDPOLYGONALFACE((2,6,7,3));
#1760=IFCINDEXEDPOLYGONALFACE((3,7,8,4));
#1761=IFCINDEXEDPOLYGONALFACE((4,8,5,1));
#1762=IFCPOLYGONALFACESET(#1755,.T.,(#1756,#1757,#1758,#1759,#1760,#1761),$);
#1763=IFCSHAPEREPRESENTATION(#11,'Body','Tessellation',(#1762));
#1764=IFCREPRESENTATIONMAP(#94,#1763);
#1765=IFCMAPPEDITEM(#1764,#96);
#1766=IFCCARTESIANPOINTLIST3D(((237.69999999999999,238.53,5.0510000000000002),(591.25999999999999,592.08000000000004,12.551),(591.25999999999999,450.66000000000003,11.051),(242.78,102.19,3.6589999999999998),(237.69999999999999,100.08,3.5830000000000002),(237.69999999999999,238.53,-3.9489999999999998),(591.25999999999999,592.08000000000004,3.5510000000000002),(591.25999999999999,450.66000000000003,2.0510000000000002),(242.78,102.19,-5.3410000000000002),(237.69999999999999,100.08,-5.4169999999999998)),$);
#1767=IFCINDEXEDPOLYGONALFACE((1,2,3,4,5));
#1768=IFCINDEXEDPOLYGONALFACE((10,9,8,7,6));
#1769=IFCINDEXEDPOLYGONALFACE((1,6,7,2));
#1770=IFCINDEXEDPOLYGONALFACE((2,7,8,3));
#1771=IFCINDEXEDPOLYGONALFACE((3,8,9,4));
#1772=IFCINDEXEDPOLYGONALFACE((4,9,10,5));
#1773=IFCINDEXEDPOLYGONALFACE((5,10,6,1));
#1774=IFCPOLYGONALFACESET(#1766,.T.,(#1767,#1768,#1769,#1770,#1771,#1772,#1773),$);
#1775=IFCSHAPEREPRESENTATION(#11,'Body','Tessellation',(#1774));
#1776=IFCREPRESENTATIONMAP(#94,#1775);
#1777=IFCMAPPEDITEM(#1776,#96);
#1778=IFCCARTESIANPOINTLIST3D(((950.80999999999995,97.109999999999999,14.262),(950.80999999999995,238.53,14.262),(1197.,484.72000000000003,17.954999999999998),(1197.,343.30000000000001,17.954999999999998),(950.80999999999995,97.109999999999999,5.2620000000000005),(950.80999999999995,238.53,5.2620000000000005),(1197.,484.72000000000003,8.9549999999999983),(1197.,343.30000000000001,8.9549999999999983)),$);
#1779=IFCINDEXEDPOLYGONALFACE((1,2,3,4));
#1780=IFCINDEXEDPOLYGONALFACE((8,7,6,5));
#1781=IFCINDEXEDPOLYGONALFACE((1,5,6,2));
#1782=IFCINDEXEDPOLYGONALFACE((2,6,7,3));
#1783=IFCINDEXEDPOLYGONALFACE((3,7,8,4));
#1784=IFCINDEXEDPOLYGONALFACE((4,8,5,1));
#1785=IFCPOLYGONALFACESET(#1778,.T.,(#1779,#1780,#1781,#1782,#1783,#1784),$);
#1786=IFCSHAPEREPRESENTATION(#11,'Body','Tessellation',(#1785));
#1787=IFCREPRESENTATIONMAP(#94,#1786);
#1788=IFCMAPPEDITEM(#1787,#96);
#1789=IFCCARTESIANPOINTLIST3D(((-121.84999999999999,737.75,11.066000000000001),(-121.84999999999999,596.33000000000004,8.9450000000000003),(-209.19999999999999,508.98000000000002,7.6349999999999998),(-250.62,608.98000000000002,9.1349999999999998),(-121.84999999999999,737.75,2.0660000000000007),(-121.84999999999999,596.33000000000004,-0.054999999999999716),(-209.19999999999999,508.98000000000002,-1.3650000000000002),(-250.62,608.98000000000002,0.13499999999999979)),$);
#1790=IFCINDEXEDPOLYGONALFACE((1,2,3,4));
#1791=IFCINDEXEDPOLYGONALFACE((8,7,6,5));
#1792=IFCINDEXEDPOLYGONALFACE((1,5,6,2));
#1793=IFCINDEXEDPOLYGONALFACE((2,6,7,3));
#1794=IFCINDEXEDPOLYGONALFACE((3,7,8,4));
#1795=IFCINDEXEDPOLYGONALFACE((4,8,5,1));
#1796=IFCPOLYGONALFACESET(#1789,.T.,(#1790,#1791,#1792,#1793,#1794,#1795),$);
#1797=IFCSHAPEREPRESENTATION(#11,'Body','Tessellation',(#1796));
#1798=IFCREPRESENTATIONMAP(#94,#1797);
#1799=IFCMAPPEDITEM(#1798,#96);
#1800=IFCCARTESIANPOINTLIST3D(((-475.39999999999998,242.77000000000001,7.617),(-475.39999999999998,384.19,9.1170000000000009),(-252.91999999999999,606.67999999999995,9.1170000000000009),(-211.5,506.68000000000001,7.617),(-475.39999999999998,242.77000000000001,-1.383),(-475.39999999999998,384.19,0.11700000000000088),(-252.91999999999999,606.67999999999995,0.11700000000000088),(-211.5,506.68000000000001,-1.383)),$);
#1801=IFCINDEXEDPOLYGONALFACE((1,2,3,4));
#1802=IFCINDEXEDPOLYGONALFACE((8,7,6,5));
#1803=IFCINDEXEDPOLYGONALFACE((1,5,6,2));
#1804=IFCINDEXEDPOLYGONALFACE((2,6,7,3));
#1805=IFCINDEXEDPOLYGONALFACE((3,7,8,4));
#1806=IFCINDEXEDPOLYGONALFACE((4,8,5,1));
#1807=IFCPOLYGONALFACESET(#1800,.T.,(#1801,#1802,#1803,#1804,#1805,#1806),$);
#1808=IFCSHAPEREPRESENTATION(#11,'Body','Tessellation',(#1807));
#1809=IFCREPRESENTATIONMAP(#94,#1808);
#1810=IFCMAPPEDITEM(#1809,#96);
#1811=IFCCARTESIANPOINTLIST3D(((-834.96000000000004,737.75,16.681000000000001),(-834.96000000000004,596.33000000000004,15.180999999999999),(-1010.92,420.36000000000001,15.180999999999999),(-1110.9200000000001,461.77999999999997,16.681000000000001),(-834.96000000000004,737.75,7.6810000000000009),(-834.96000000000004,596.33000000000004,6.1809999999999992),(-1010.92,420.36000000000001,6.1809999999999992),(-1110.9200000000001,461.77999999999997,7.6810000000000009)),$);
#1812=IFCINDEXEDPOLYGONALFACE((1,2,3,4));
#1813=IFCINDEXEDPOLYGONALFACE((8,7,6,5));
#1814=IFCINDEXEDPOLYGONALFACE((1,5,6,2));
#1815=IFCINDEXEDPOLYGONALFACE((2,6,7,3));
#1816=IFCINDEXEDPOLYGONALFACE((3,7,8,4));
#1817=IFCINDEXEDPOLYGONALFACE((4,8,5,1));
#1818=IFCPOLYGONALFACESET(#1811,.T.,(#1812,#1813,#1814,#1815,#1816,#1817),$);
#1819=IFCSHAPEREPRESENTATION(#11,'Body','Tessellation',(#1818));
#1820=IFCREPRESENTATIONMAP(#94,#1819);
#1821=IFCMAPPEDITEM(#1820,#96);
#1822=IFCCARTESIANPOINTLIST3D(((-1188.51,242.77000000000001,17.827999999999999),(-1188.51,384.19,17.827999999999999),(-1113.22,459.49000000000001,16.698),(-1013.22,418.06999999999999,15.198),(-1188.51,242.77000000000001,8.8279999999999994),(-1188.51,384.19,8.8279999999999994),(-1113.22,459.49000000000001,7.6980000000000004),(-1013.22,418.06999999999999,6.1980000000000004)),$);
#1823=IFCINDEXEDPOLYGONALFACE((1,2,3,4));
#1824=IFCINDEXEDPOLYGONALFACE((8,7,6,5));
#1825=IFCINDEXEDPOLYGONALFACE((1,5,6,2));
#1826=IFCINDEXEDPOLYGONALFACE((2,6,7,3));
#1827=IFCINDEXEDPOLYGONALFACE((3,7,8,4));
#1828=IFCINDEXEDPOLYGONALFACE((4,8,5,1));
#1829=IFCPOLYGONALFACESET(#1822,.T.,(#1823,#1824,#1825,#1826,#1827,#1828),$);
#1830=IFCSHAPEREPRESENTATION(#11,'Body','Tessellation',(#1829));
#1831=IFCREPRESENTATIONMAP(#94,#1830);
#1832=IFCMAPPEDITEM(#1831,#96);
#1833=IFCDIRECTION((0.70702724509512793,0.70702724509512782,0.014998312784712243));
#1834=IFCDIRECTION((-0.70710678118654768,0.70710678118654779,0.));
#1835=IFCCARTESIANPOINT((237.702,242.773,5.0960000000000001));
#1836=IFCDIRECTION((-0.01060540867642692,-0.010605408676426918,0.99988751898081629));
#1837=IFCCARTESIANTRANSFORMATIONOPERATOR3D(#1833,#1834,#1835,$,#1836);
#1838=IFCMAPPEDITEM(#51,#1837);
#1839=IFCCARTESIANPOINTLIST3D(((950.80999999999995,242.77000000000001,14.262),(950.80999999999995,384.19,14.262),(964.5,397.88999999999999,14.467000000000001),(1197.,494.19,17.954999999999998),(1197.,488.95999999999998,17.954999999999998),(950.80999999999995,242.77000000000001,5.2620000000000005),(950.80999999999995,384.19,5.2620000000000005),(964.5,397.88999999999999,5.4670000000000005),(1197.,494.19,8.9549999999999983),(1197.,488.95999999999998,8.9549999999999983)),$);
#1840=IFCINDEXEDPOLYGONALFACE((1,2,3,4,5));
#1841=IFCINDEXEDPOLYGONALFACE((10,9,8,7,6));
#1842=IFCINDEXEDPOLYGONALFACE((1,6,7,2));
#1843=IFCINDEXEDPOLYGONALFACE((2,7,8,3));
#1844=IFCINDEXEDPOLYGONALFACE((3,8,9,4));
#1845=IFCINDEXEDPOLYGONALFACE((4,9,10,5));
#1846=IFCINDEXEDPOLYGONALFACE((5,10,6,1));
#1847=IFCPOLYGONALFACESET(#1839,.T.,(#1840,#1841,#1842,#1843,#1844,#1845,#1846),$);
#1848=IFCSHAPEREPRESENTATION(#11,'Body','Tessellation',(#1847));
#1849=IFCREPRESENTATIONMAP(#94,#1848);
#1850=IFCMAPPEDITEM(#1849,#96);
#1851=IFCCARTESIANPOINTLIST3D(((1129.71,563.10000000000002,17.954999999999998),(1195.8499999999999,496.95999999999998,17.954999999999998),(970.03999999999996,403.43000000000001,14.568),(1129.71,563.10000000000002,8.9549999999999983),(1195.8499999999999,496.95999999999998,8.9549999999999983),(970.03999999999996,403.43000000000001,5.5679999999999996)),$);
#1852=IFCINDEXEDPOLYGONALFACE((1,2,3));
#1853=IFCINDEXEDPOLYGONALFACE((6,5,4));
#1854=IFCINDEXEDPOLYGONALFACE((1,4,5,2));
#1855=IFCINDEXEDPOLYGONALFACE((2,5,6,3));
#1856=IFCINDEXEDPOLYGONALFACE((3,6,4,1));
#1857=IFCPOLYGONALFACESET(#1851,.T.,(#1852,#1853,#1854,#1855,#1856),$);
#1858=IFCSHAPEREPRESENTATION(#11,'Body','Tessellation',(#1857));
#1859=IFCREPRESENTATIONMAP(#94,#1858);
#1860=IFCMAPPEDITEM(#1859,#96);
#1861=IFCCARTESIANPOINTLIST3D(((-121.84999999999999,883.40999999999997,13.250999999999999),(-121.84999999999999,741.99000000000001,11.130000000000001),(-251.87,611.98000000000002,9.1799999999999997),(-293.29000000000002,711.98000000000002,10.68),(-121.84999999999999,883.40999999999997,4.2509999999999994),(-121.84999999999999,741.99000000000001,2.1300000000000008),(-251.87,611.98000000000002,0.17999999999999972),(-293.29000000000002,711.98000000000002,1.6799999999999997)),$);
#1862=IFCINDEXEDPOLYGONALFACE((1,2,3,4));
#1863=IFCINDEXEDPOLYGONALFACE((8,7,6,5));
#1864=IFCINDEXEDPOLYGONALFACE((1,5,6,2));
#1865=IFCINDEXEDPOLYGONALFACE((2,6,7,3));
#1866=IFCINDEXEDPOLYGONALFACE((3,7,8,4));
#1867=IFCINDEXEDPOLYGONALFACE((4,8,5,1));
#1868=IFCPOLYGONALFACESET(#1861,.T.,(#1862,#1863,#1864,#1865,#1866,#1867),$);
#1869=IFCSHAPEREPRESENTATION(#11,'Body','Tessellation',(#1868));
#1870=IFCREPRESENTATIONMAP(#94,#1869);
#1871=IFCMAPPEDITEM(#1870,#96);
#1872=IFCCARTESIANPOINTLIST3D(((-475.39999999999998,388.44,9.1620000000000008),(-475.39999999999998,529.86000000000001,10.662000000000001),(-295.57999999999998,709.67999999999995,10.662000000000001),(-254.16,609.67999999999995,9.1620000000000008),(-475.39999999999998,388.44,0.16200000000000081),(-475.39999999999998,529.86000000000001,1.6620000000000008),(-295.57999999999998,709.67999999999995,1.6620000000000008),(-254.16,609.67999999999995,0.16200000000000081)),$);
#1873=IFCINDEXEDPOLYGONALFACE((1,2,3,4));
#1874=IFCINDEXEDPOLYGONALFACE((8,7,6,5));
#1875=IFCINDEXEDPOLYGONALFACE((1,5,6,2));
#1876=IFCINDEXEDPOLYGONALFACE((2,6,7,3));
#1877=IFCINDEXEDPOLYGONALFACE((3,7,8,4));
#1878=IFCINDEXEDPOLYGONALFACE((4,8,5,1));
#1879=IFCPOLYGONALFACESET(#1872,.T.,(#1873,#1874,#1875,#1876,#1877,#1878),$);
#1880=IFCSHAPEREPRESENTATION(#11,'Body','Tessellation',(#1879));
#1881=IFCREPRESENTATIONMAP(#94,#1880);
#1882=IFCMAPPEDITEM(#1881,#96);
#1883=IFCCARTESIANPOINTLIST3D(((-834.96000000000004,741.99000000000001,16.725999999999999),(-1113.9200000000001,463.02999999999997,16.725999999999999),(-1188.51,493.92000000000002,17.844999999999999),(-1188.51,504.30000000000001,17.954999999999998),(-834.96000000000004,857.86000000000001,17.954999999999998),(-834.96000000000004,741.99000000000001,7.7259999999999991),(-1113.9200000000001,463.02999999999997,7.7259999999999991),(-1188.51,493.92000000000002,8.8449999999999989),(-1188.51,504.30000000000001,8.9549999999999983),(-834.96000000000004,857.86000000000001,8.9549999999999983)),$);
#1884=IFCINDEXEDPOLYGONALFACE((1,2,3,4,5));
#1885=IFCINDEXEDPOLYGONALFACE((10,9,8,7,6));
#1886=IFCINDEXEDPOLYGONALFACE((1,6,7,2));
#1887=IFCINDEXEDPOLYGONALFACE((2,7,8,3));
#1888=IFCINDEXEDPOLYGONALFACE((3,8,9,4));
#1889=IFCINDEXEDPOLYGONALFACE((4,9,10,5));
#1890=IFCINDEXEDPOLYGONALFACE((5,10,6,1));
#1891=IFCPOLYGONALFACESET(#1883,.T.,(#1884,#1885,#1886,#1887,#1888,#1889,#1890),$);
#1892=IFCSHAPEREPRESENTATION(#11,'Body','Tessellation',(#1891));
#1893=IFCREPRESENTATIONMAP(#94,#1892);
#1894=IFCMAPPEDITEM(#1893,#96);
#1895=IFCCARTESIANPOINTLIST3D(((-1188.51,388.44,17.827999999999999),(-1188.51,490.67000000000002,17.827999999999999),(-1116.22,460.73000000000002,16.742999999999999),(-1188.51,388.44,8.8279999999999994),(-1188.51,490.67000000000002,8.8279999999999994),(-1116.22,460.73000000000002,7.7429999999999986)),$);
#1896=IFCINDEXEDPOLYGONALFACE((1,2,3));
#1897=IFCINDEXEDPOLYGONALFACE((6,5,4));
#1898=IFCINDEXEDPOLYGONALFACE((1,4,5,2));
#1899=IFCINDEXEDPOLYGONALFACE((2,5,6,3));
#1900=IFCINDEXEDPOLYGONALFACE((3,6,4,1));
#1901=IFCPOLYGONALFACESET(#1895,.T.,(#1896,#1897,#1898,#1899,#1900),$);
#1902=IFCSHAPEREPRESENTATION(#11,'Body','Tessellation',(#1901));
#1903=IFCREPRESENTATIONMAP(#94,#1902);
#1904=IFCMAPPEDITEM(#1903,#96);
#1905=IFCDIRECTION((0.70702724509512793,0.70702724509512782,0.014998312784712243));
#1906=IFCDIRECTION((-0.70710678118654768,0.70710678118654779,0.));
#1907=IFCCARTESIANPOINT((237.702,388.43700000000001,6.641));
#1908=IFCDIRECTION((-0.01060540867642692,-0.010605408676426918,0.99988751898081629));
#1909=IFCCARTESIANTRANSFORMATIONOPERATOR3D(#1905,#1906,#1907,$,#1908);
#1910=IFCMAPPEDITEM(#51,#1909);
#1911=IFCCARTESIANPOINTLIST3D(((962.79999999999995,400.43000000000001,14.459),(950.80999999999995,395.45999999999998,14.279),(950.80999999999995,529.86000000000001,15.705),(1056.8800000000001,635.92999999999995,17.954999999999998),(1127.5899999999999,565.22000000000003,17.954999999999998),(962.79999999999995,400.43000000000001,5.4589999999999996),(950.80999999999995,395.45999999999998,5.2789999999999999),(950.80999999999995,529.86000000000001,6.7050000000000001),(1056.8800000000001,635.92999999999995,8.9549999999999983),(1127.5899999999999,565.22000000000003,8.9549999999999983)),$);
#1912=IFCINDEXEDPOLYGONALFACE((1,2,3,4,5));
#1913=IFCINDEXEDPOLYGONALFACE((10,9,8,7,6));
#1914=IFCINDEXEDPOLYGONALFACE((1,6,7,2));
#1915=IFCINDEXEDPOLYGONALFACE((2,7,8,3));
#1916=IFCINDEXEDPOLYGONALFACE((3,8,9,4));
#1917=IFCINDEXEDPOLYGONALFACE((4,9,10,5));
#1918=IFCINDEXEDPOLYGONALFACE((5,10,6,1));
#1919=IFCPOLYGONALFACESET(#1911,.T.,(#1912,#1913,#1914,#1915,#1916,#1917,#1918),$);
#1920=IFCSHAPEREPRESENTATION(#11,'Body','Tessellation',(#1919));
#1921=IFCREPRESENTATIONMAP(#94,#1920);
#1922=IFCMAPPEDITEM(#1921,#96);
#1923=IFCCARTESIANPOINTLIST3D(((-121.84999999999999,1029.0799999999999,15.436),(-121.84999999999999,887.64999999999998,13.315),(-294.52999999999997,714.98000000000002,10.725),(-335.94999999999999,814.98000000000002,12.225),(-121.84999999999999,1029.0799999999999,6.4359999999999999),(-121.84999999999999,887.64999999999998,4.3149999999999995),(-294.52999999999997,714.98000000000002,1.7249999999999996),(-335.94999999999999,814.98000000000002,3.2249999999999996)),$);
#1924=IFCINDEXEDPOLYGONALFACE((1,2,3,4));
#1925=IFCINDEXEDPOLYGONALFACE((8,7,6,5));
#1926=IFCINDEXEDPOLYGONALFACE((1,5,6,2));
#1927=IFCINDEXEDPOLYGONALFACE((2,6,7,3));
#1928=IFCINDEXEDPOLYGONALFACE((3,7,8,4));
#1929=IFCINDEXEDPOLYGONALFACE((4,8,5,1));
#1930=IFCPOLYGONALFACESET(#1923,.T.,(#1924,#1925,#1926,#1927,#1928,#1929),$);
#1931=IFCSHAPEREPRESENTATION(#11,'Body','Tessellation',(#1930));
#1932=IFCREPRESENTATIONMAP(#94,#1931);
#1933=IFCMAPPEDITEM(#1932,#96);
#1934=IFCCARTESIANPOINTLIST3D(((-475.39999999999998,534.10000000000002,10.707000000000001),(-475.39999999999998,675.51999999999998,12.207000000000001),(-338.25,812.67999999999995,12.207000000000001),(-296.82999999999998,712.67999999999995,10.707000000000001),(-475.39999999999998,534.10000000000002,1.7070000000000007),(-475.39999999999998,675.51999999999998,3.2070000000000007),(-338.25,812.67999999999995,3.2070000000000007),(-296.82999999999998,712.67999999999995,1.7070000000000007)),$);
#1935=IFCINDEXEDPOLYGONALFACE((1,2,3,4));
#1936=IFCINDEXEDPOLYGONALFACE((8,7,6,5));
#1937=IFCINDEXEDPOLYGONALFACE((1,5,6,2));
#1938=IFCINDEXEDPOLYGONALFACE((2,6,7,3));
#1939=IFCINDEXEDPOLYGONALFACE((3,7,8,4));
#1940=IFCINDEXEDPOLYGONALFACE((4,8,5,1));
#1941=IFCPOLYGONALFACESET(#1934,.T.,(#1935,#1936,#1937,#1938,#1939,#1940),$);
#1942=IFCSHAPEREPRESENTATION(#11,'Body','Tessellation',(#1941));
#1943=IFCREPRESENTATIONMAP(#94,#1942);
#1944=IFCMAPPEDITEM(#1943,#96);
#1945=IFCCARTESIANPOINTLIST3D(((591.25999999999999,1029.0799999999999,17.186),(591.25999999999999,887.64999999999998,15.686),(237.69999999999999,534.10000000000002,8.1859999999999999),(237.69999999999999,569.94000000000005,8.5660000000000007),(312.36000000000001,750.17999999999995,11.27),(591.25999999999999,1029.0799999999999,8.1859999999999999),(591.25999999999999,887.64999999999998,6.6859999999999999),(237.69999999999999,534.10000000000002,-0.81400000000000006),(237.69999999999999,569.94000000000005,-0.43399999999999928),(312.36000000000001,750.17999999999995,2.2699999999999996)),$);
#1946=IFCINDEXEDPOLYGONALFACE((1,2,3,4,5));
#1947=IFCINDEXEDPOLYGONALFACE((10,9,8,7,6));
#1948=IFCINDEXEDPOLYGONALFACE((1,6,7,2));
#1949=IFCINDEXEDPOLYGONALFACE((2,7,8,3));
#1950=IFCINDEXEDPOLYGONALFACE((3,8,9,4));
#1951=IFCINDEXEDPOLYGONALFACE((4,9,10,5));
#1952=IFCINDEXEDPOLYGONALFACE((5,10,6,1));
#1953=IFCPOLYGONALFACESET(#1945,.T.,(#1946,#1947,#1948,#1949,#1950,#1951,#1952),$);
#1954=IFCSHAPEREPRESENTATION(#11,'Body','Tessellation',(#1953));
#1955=IFCREPRESENTATIONMAP(#94,#1954);
#1956=IFCMAPPEDITEM(#1955,#96);
#1957=IFCCARTESIANPOINTLIST3D(((237.69999999999999,675.51999999999998,10.132999999999999),(306.81,744.63,11.17),(237.69999999999999,577.77999999999997,8.6669999999999998),(237.69999999999999,675.51999999999998,1.1329999999999991),(306.81,744.63,2.1699999999999999),(237.69999999999999,577.77999999999997,-0.33300000000000018)),$);
#1958=IFCINDEXEDPOLYGONALFACE((1,2,3));
#1959=IFCINDEXEDPOLYGONALFACE((6,5,4));
#1960=IFCINDEXEDPOLYGONALFACE((1,4,5,2));
#1961=IFCINDEXEDPOLYGONALFACE((2,5,6,3));
#1962=IFCINDEXEDPOLYGONALFACE((3,6,4,1));
#1963=IFCPOLYGONALFACESET(#1957,.T.,(#1958,#1959,#1960,#1961,#1962),$);
#1964=IFCSHAPEREPRESENTATION(#11,'Body','Tessellation',(#1963));
#1965=IFCREPRESENTATIONMAP(#94,#1964);
#1966=IFCMAPPEDITEM(#1965,#96);
#1967=IFCCARTESIANPOINTLIST3D(((950.80999999999995,534.10000000000002,15.75),(950.80999999999995,675.51999999999998,17.25),(984.04999999999995,708.75999999999999,17.954999999999998),(1054.76,638.04999999999995,17.954999999999998),(950.80999999999995,534.10000000000002,6.75),(950.80999999999995,675.51999999999998,8.25),(984.04999999999995,708.75999999999999,8.9549999999999983),(1054.76,638.04999999999995,8.9549999999999983)),$);
#1968=IFCINDEXEDPOLYGONALFACE((1,2,3,4));
#1969=IFCINDEXEDPOLYGONALFACE((8,7,6,5));
#1970=IFCINDEXEDPOLYGONALFACE((1,5,6,2));
#1971=IFCINDEXEDPOLYGONALFACE((2,6,7,3));
#1972=IFCINDEXEDPOLYGONALFACE((3,7,8,4));
#1973=IFCINDEXEDPOLYGONALFACE((4,8,5,1));
#1974=IFCPOLYGONALFACESET(#1967,.T.,(#1968,#1969,#1970,#1971,#1972,#1973),$);
#1975=IFCSHAPEREPRESENTATION(#11,'Body','Tessellation',(#1974));
#1976=IFCREPRESENTATIONMAP(#94,#1975);
#1977=IFCMAPPEDITEM(#1976,#96);
#1978=IFCCARTESIANPOINTLIST3D(((-121.84999999999999,1174.74,17.620999999999999),(-121.84999999999999,1033.3199999999999,15.5),(-337.19,817.98000000000002,12.27),(-378.61000000000001,917.98000000000002,13.77),(-121.84999999999999,1174.74,8.6209999999999987),(-121.84999999999999,1033.3199999999999,6.5),(-337.19,817.98000000000002,3.2699999999999996),(-378.61000000000001,917.98000000000002,4.7699999999999996)),$);
#1979=IFCINDEXEDPOLYGONALFACE((1,2,3,4));
#1980=IFCINDEXEDPOLYGONALFACE((8,7,6,5));
#1981=IFCINDEXEDPOLYGONALFACE((1,5,6,2));
#1982=IFCINDEXEDPOLYGONALFACE((2,6,7,3));
#1983=IFCINDEXEDPOLYGONALFACE((3,7,8,4));
#1984=IFCINDEXEDPOLYGONALFACE((4,8,5,1));
#1985=IFCPOLYGONALFACESET(#1978,.T.,(#1979,#1980,#1981,#1982,#1983,#1984),$);
#1986=IFCSHAPEREPRESENTATION(#11,'Body','Tessellation',(#1985));
#1987=IFCREPRESENTATIONMAP(#94,#1986);
#1988=IFCMAPPEDITEM(#1987,#96);
#1989=IFCCARTESIANPOINTLIST3D(((-475.39999999999998,679.76999999999998,12.252000000000001),(-475.39999999999998,821.19000000000005,13.752000000000001),(-380.91000000000003,915.67999999999995,13.752000000000001),(-339.49000000000001,815.67999999999995,12.252000000000001),(-475.39999999999998,679.76999999999998,3.2520000000000007),(-475.39999999999998,821.19000000000005,4.7520000000000007),(-380.91000000000003,915.67999999999995,4.7520000000000007),(-339.49000000000001,815.67999999999995,3.2520000000000007)),$);
#1990=IFCINDEXEDPOLYGONALFACE((1,2,3,4));
#1991=IFCINDEXEDPOLYGONALFACE((8,7,6,5));
#1992=IFCINDEXEDPOLYGONALFACE((1,5,6,2));
#1993=IFCINDEXEDPOLYGONALFACE((2,6,7,3));
#1994=IFCINDEXEDPOLYGONALFACE((3,7,8,4));
#1995=IFCINDEXEDPOLYGONALFACE((4,8,5,1));
#1996=IFCPOLYGONALFACESET(#1989,.T.,(#1990,#1991,#1992,#1993,#1994,#1995),$);
#1997=IFCSHAPEREPRESENTATION(#11,'Body','Tessellation',(#1996));
#1998=IFCREPRESENTATIONMAP(#94,#1997);
#1999=IFCMAPPEDITEM(#1998,#96);
#2000=IFCCARTESIANPOINTLIST3D(((591.25999999999999,1033.3199999999999,17.231000000000002),(315.36000000000001,757.41999999999996,11.379),(415.36000000000001,998.84000000000003,15.),(554.65999999999997,1138.1500000000001,17.954999999999998),(591.25999999999999,1101.5599999999999,17.954999999999998),(591.25999999999999,1033.3199999999999,8.2310000000000016),(315.36000000000001,757.41999999999996,2.3789999999999996),(415.36000000000001,998.84000000000003,6.),(554.65999999999997,1138.1500000000001,8.9549999999999983),(591.25999999999999,1101.5599999999999,8.9549999999999983)),$);
#2001=IFCINDEXEDPOLYGONALFACE((1,2,3,4,5));
#2002=IFCINDEXEDPOLYGONALFACE((10,9,8,7,6));
#2003=IFCINDEXEDPOLYGONALFACE((1,6,7,2));
#2004=IFCINDEXEDPOLYGONALFACE((2,7,8,3));
#2005=IFCINDEXEDPOLYGONALFACE((3,8,9,4));
#2006=IFCINDEXEDPOLYGONALFACE((4,9,10,5));
#2007=IFCINDEXEDPOLYGONALFACE((5,10,6,1));
#2008=IFCPOLYGONALFACESET(#2000,.T.,(#2001,#2002,#2003,#2004,#2005,#2006,#2007),$);
#2009=IFCSHAPEREPRESENTATION(#11,'Body','Tessellation',(#2008));
#2010=IFCREPRESENTATIONMAP(#94,#2009);
#2011=IFCMAPPEDITEM(#2010,#96);
#2012=IFCCARTESIANPOINTLIST3D(((237.69999999999999,679.76999999999998,10.196),(237.69999999999999,821.19000000000005,12.318),(409.81,993.29999999999995,14.898999999999999),(309.81,751.88,11.278),(237.69999999999999,679.76999999999998,1.1959999999999997),(237.69999999999999,821.19000000000005,3.3179999999999996),(409.81,993.29999999999995,5.8989999999999991),(309.81,751.88,2.2780000000000005)),$);
#2013=IFCINDEXEDPOLYGONALFACE((1,2,3,4));
#2014=IFCINDEXEDPOLYGONALFACE((8,7,6,5));
#2015=IFCINDEXEDPOLYGONALFACE((1,5,6,2));
#2016=IFCINDEXEDPOLYGONALFACE((2,6,7,3));
#2017=IFCINDEXEDPOLYGONALFACE((3,7,8,4));
#2018=IFCINDEXEDPOLYGONALFACE((4,8,5,1));
#2019=IFCPOLYGONALFACESET(#2012,.T.,(#2013,#2014,#2015,#2016,#2017,#2018),$);
#2020=IFCSHAPEREPRESENTATION(#11,'Body','Tessellation',(#2019));
#2021=IFCREPRESENTATIONMAP(#94,#2020);
#2022=IFCMAPPEDITEM(#2021,#96);
#2023=IFCCARTESIANPOINTLIST3D(((950.80999999999995,679.76999999999998,17.295000000000002),(950.80999999999995,742.,17.954999999999998),(981.92999999999995,710.88,17.954999999999998),(950.80999999999995,679.76999999999998,8.2950000000000017),(950.80999999999995,742.,8.9549999999999983),(981.92999999999995,710.88,8.9549999999999983)),$);
#2024=IFCINDEXEDPOLYGONALFACE((1,2,3));
#2025=IFCINDEXEDPOLYGONALFACE((6,5,4));
#2026=IFCINDEXEDPOLYGONALFACE((1,4,5,2));
#2027=IFCINDEXEDPOLYGONALFACE((2,5,6,3));
#2028=IFCINDEXEDPOLYGONALFACE((3,6,4,1));
#2029=IFCPOLYGONALFACESET(#2023,.T.,(#2024,#2025,#2026,#2027,#2028),$);
#2030=IFCSHAPEREPRESENTATION(#11,'Body','Tessellation',(#2029));
#2031=IFCREPRESENTATIONMAP(#94,#2030);
#2032=IFCMAPPEDITEM(#2031,#96);
#2033=IFCCARTESIANPOINTLIST3D(((-121.84999999999999,1178.98,17.684999999999999),(-379.86000000000001,920.98000000000002,13.815),(-421.27999999999997,1020.98,15.315),(-245.25999999999999,1197.,17.954999999999998),(-121.84999999999999,1197.,17.954999999999998),(-121.84999999999999,1178.98,8.6849999999999987),(-379.86000000000001,920.98000000000002,4.8149999999999995),(-421.27999999999997,1020.98,6.3149999999999995),(-245.25999999999999,1197.,8.9549999999999983),(-121.84999999999999,1197.,8.9549999999999983)),$);
#2034=IFCINDEXEDPOLYGONALFACE((1,2,3,4,5));
#2035=IFCINDEXEDPOLYGONALFACE((10,9,8,7,6));
#2036=IFCINDEXEDPOLYGONALFACE((1,6,7,2));
#2037=IFCINDEXEDPOLYGONALFACE((2,7,8,3));
#2038=IFCINDEXEDPOLYGONALFACE((3,8,9,4));
#2039=IFCINDEXEDPOLYGONALFACE((4,9,10,5));
#2040=IFCINDEXEDPOLYGONALFACE((5,10,6,1));
#2041=IFCPOLYGONALFACESET(#2033,.T.,(#2034,#2035,#2036,#2037,#2038,#2039,#2040),$);
#2042=IFCSHAPEREPRESENTATION(#11,'Body','Tessellation',(#2041));
#2043=IFCREPRESENTATIONMAP(#94,#2042);
#2044=IFCMAPPEDITEM(#2043,#96);
#2045=IFCCARTESIANPOINTLIST3D(((-475.39999999999998,825.42999999999995,13.797000000000001),(-475.39999999999998,966.85000000000002,15.297000000000001),(-423.56999999999999,1018.6799999999999,15.297000000000001),(-382.14999999999998,918.67999999999995,13.797000000000001),(-475.39999999999998,825.42999999999995,4.7970000000000006),(-475.39999999999998,966.85000000000002,6.2970000000000006),(-423.56999999999999,1018.6799999999999,6.2970000000000006),(-382.14999999999998,918.67999999999995,4.7970000000000006)),$);
#2046=IFCINDEXEDPOLYGONALFACE((1,2,3,4));
#2047=IFCINDEXEDPOLYGONALFACE((8,7,6,5));
#2048=IFCINDEXEDPOLYGONALFACE((1,5,6,2));
#2049=IFCINDEXEDPOLYGONALFACE((2,6,7,3));
#2050=IFCINDEXEDPOLYGONALFACE((3,7,8,4));
#2051=IFCINDEXEDPOLYGONALFACE((4,8,5,1));
#2052=IFCPOLYGONALFACESET(#2045,.T.,(#2046,#2047,#2048,#2049,#2050,#2051),$);
#2053=IFCSHAPEREPRESENTATION(#11,'Body','Tessellation',(#2052));
#2054=IFCREPRESENTATIONMAP(#94,#2053);
#2055=IFCMAPPEDITEM(#2054,#96);
#2056=IFCCARTESIANPOINTLIST3D(((418.36000000000001,1006.08,15.108000000000001),(496.95999999999998,1195.8499999999999,17.954999999999998),(552.53999999999996,1140.27,17.954999999999998),(418.36000000000001,1006.08,6.1080000000000005),(496.95999999999998,1195.8499999999999,8.9549999999999983),(552.53999999999996,1140.27,8.9549999999999983)),$);
#2057=IFCINDEXEDPOLYGONALFACE((1,2,3));
#2058=IFCINDEXEDPOLYGONALFACE((6,5,4));
#2059=IFCINDEXEDPOLYGONALFACE((1,4,5,2));
#2060=IFCINDEXEDPOLYGONALFACE((2,5,6,3));
#2061=IFCINDEXEDPOLYGONALFACE((3,6,4,1));
#2062=IFCPOLYGONALFACESET(#2056,.T.,(#2057,#2058,#2059,#2060,#2061),$);
#2063=IFCSHAPEREPRESENTATION(#11,'Body','Tessellation',(#2062));
#2064=IFCREPRESENTATIONMAP(#94,#2063);
#2065=IFCMAPPEDITEM(#2064,#96);
#2066=IFCCARTESIANPOINTLIST3D(((237.69999999999999,825.42999999999995,12.381),(237.69999999999999,966.85000000000002,14.503),(467.85000000000002,1197.,17.954999999999998),(494.19,1197.,17.954999999999998),(412.81,1000.54,15.007999999999999),(237.69999999999999,825.42999999999995,3.3810000000000002),(237.69999999999999,966.85000000000002,5.5030000000000001),(467.85000000000002,1197.,8.9549999999999983),(494.19,1197.,8.9549999999999983),(412.81,1000.54,6.0079999999999991)),$);
#2067=IFCINDEXEDPOLYGONALFACE((1,2,3,4,5));
#2068=IFCINDEXEDPOLYGONALFACE((10,9,8,7,6));
#2069=IFCINDEXEDPOLYGONALFACE((1,6,7,2));
#2070=IFCINDEXEDPOLYGONALFACE((2,7,8,3));
#2071=IFCINDEXEDPOLYGONALFACE((3,8,9,4));
#2072=IFCINDEXEDPOLYGONALFACE((4,9,10,5));
#2073=IFCINDEXEDPOLYGONALFACE((5,10,6,1));
#2074=IFCPOLYGONALFACESET(#2066,.T.,(#2067,#2068,#2069,#2070,#2071,#2072,#2073),$);
#2075=IFCSHAPEREPRESENTATION(#11,'Body','Tessellation',(#2074));
#2076=IFCREPRESENTATIONMAP(#94,#2075);
#2077=IFCMAPPEDITEM(#2076,#96);
#2078=IFCCARTESIANPOINTLIST3D(((-422.51999999999998,1023.98,15.359999999999999),(-463.94,1123.98,16.859999999999999),(-390.92000000000002,1197.,17.954999999999998),(-249.5,1197.,17.954999999999998),(-422.51999999999998,1023.98,6.3599999999999994),(-463.94,1123.98,7.8599999999999994),(-390.92000000000002,1197.,8.9549999999999983),(-249.5,1197.,8.9549999999999983)),$);
#2079=IFCINDEXEDPOLYGONALFACE((1,2,3,4));
#2080=IFCINDEXEDPOLYGONALFACE((8,7,6,5));
#2081=IFCINDEXEDPOLYGONALFACE((1,5,6,2));
#2082=IFCINDEXEDPOLYGONALFACE((2,6,7,3));
#2083=IFCINDEXEDPOLYGONALFACE((3,7,8,4));
#2084=IFCINDEXEDPOLYGONALFACE((4,8,5,1));
#2085=IFCPOLYGONALFACESET(#2078,.T.,(#2079,#2080,#2081,#2082,#2083,#2084),$);
#2086=IFCSHAPEREPRESENTATION(#11,'Body','Tessellation',(#2085));
#2087=IFCREPRESENTATIONMAP(#94,#2086);
#2088=IFCMAPPEDITEM(#2087,#96);
#2089=IFCCARTESIANPOINTLIST3D(((-475.39999999999998,971.09000000000003,15.342000000000001),(-475.39999999999998,1112.51,16.841999999999999),(-466.24000000000001,1121.6800000000001,16.841999999999999),(-424.81999999999999,1021.6799999999999,15.342000000000001),(-475.39999999999998,971.09000000000003,6.3420000000000005),(-475.39999999999998,1112.51,7.8419999999999987),(-466.24000000000001,1121.6800000000001,7.8419999999999987),(-424.81999999999999,1021.6799999999999,6.3420000000000005)),$);
#2090=IFCINDEXEDPOLYGONALFACE((1,2,3,4));
#2091=IFCINDEXEDPOLYGONALFACE((8,7,6,5));
#2092=IFCINDEXEDPOLYGONALFACE((1,5,6,2));
#2093=IFCINDEXEDPOLYGONALFACE((2,6,7,3));
#2094=IFCINDEXEDPOLYGONALFACE((3,7,8,4));
#2095=IFCINDEXEDPOLYGONALFACE((4,8,5,1));
#2096=IFCPOLYGONALFACESET(#2089,.T.,(#2090,#2091,#2092,#2093,#2094,#2095),$);
#2097=IFCSHAPEREPRESENTATION(#11,'Body','Tessellation',(#2096));
#2098=IFCREPRESENTATIONMAP(#94,#2097);
#2099=IFCMAPPEDITEM(#2098,#96);
#2100=IFCCARTESIANPOINTLIST3D(((237.69999999999999,971.09000000000003,14.566000000000001),(237.69999999999999,1112.51,16.687999999999999),(322.19,1197.,17.954999999999998),(463.61000000000001,1197.,17.954999999999998),(237.69999999999999,971.09000000000003,5.5660000000000007),(237.69999999999999,1112.51,7.6879999999999988),(322.19,1197.,8.9549999999999983),(463.61000000000001,1197.,8.9549999999999983)),$);
#2101=IFCINDEXEDPOLYGONALFACE((1,2,3,4));
#2102=IFCINDEXEDPOLYGONALFACE((8,7,6,5));
#2103=IFCINDEXEDPOLYGONALFACE((1,5,6,2));
#2104=IFCINDEXEDPOLYGONALFACE((2,6,7,3));
#2105=IFCINDEXEDPOLYGONALFACE((3,7,8,4));
#2106=IFCINDEXEDPOLYGONALFACE((4,8,5,1));
#2107=IFCPOLYGONALFACESET(#2100,.T.,(#2101,#2102,#2103,#2104,#2105,#2106),$);
#2108=IFCSHAPEREPRESENTATION(#11,'Body','Tessellation',(#2107));
#2109=IFCREPRESENTATIONMAP(#94,#2108);
#2110=IFCMAPPEDITEM(#2109,#96);
#2111=IFCCARTESIANPOINTLIST3D(((-465.19,1126.98,16.905000000000001),(-475.39999999999998,1151.6500000000001,17.274999999999999),(-475.39999999999998,1197.,17.954999999999998),(-395.16000000000003,1197.,17.954999999999998),(-465.19,1126.98,7.9050000000000011),(-475.39999999999998,1151.6500000000001,8.2749999999999986),(-475.39999999999998,1197.,8.9549999999999983),(-395.16000000000003,1197.,8.9549999999999983)),$);
#2112=IFCINDEXEDPOLYGONALFACE((1,2,3,4));
#2113=IFCINDEXEDPOLYGONALFACE((8,7,6,5));
#2114=IFCINDEXEDPOLYGONALFACE((1,5,6,2));
#2115=IFCINDEXEDPOLYGONALFACE((2,6,7,3));
#2116=IFCINDEXEDPOLYGONALFACE((3,7,8,4));
#2117=IFCINDEXEDPOLYGONALFACE((4,8,5,1));
#2118=IFCPOLYGONALFACESET(#2111,.T.,(#2112,#2113,#2114,#2115,#2116,#2117),$);
#2119=IFCSHAPEREPRESENTATION(#11,'Body','Tessellation',(#2118));
#2120=IFCREPRESENTATIONMAP(#94,#2119);
#2121=IFCMAPPEDITEM(#2120,#96);
#2122=IFCCARTESIANPOINTLIST3D(((-475.39999999999998,1116.76,16.887),(-475.39999999999998,1143.8099999999999,17.173999999999999),(-467.48000000000002,1124.6800000000001,16.887),(-475.39999999999998,1116.76,7.8870000000000005),(-475.39999999999998,1143.8099999999999,8.1739999999999995),(-467.48000000000002,1124.6800000000001,7.8870000000000005)),$);
#2123=IFCINDEXEDPOLYGONALFACE((1,2,3));
#2124=IFCINDEXEDPOLYGONALFACE((6,5,4));
#2125=IFCINDEXEDPOLYGONALFACE((1,4,5,2));
#2126=IFCINDEXEDPOLYGONALFACE((2,5,6,3));
#2127=IFCINDEXEDPOLYGONALFACE((3,6,4,1));
#2128=IFCPOLYGONALFACESET(#2122,.T.,(#2123,#2124,#2125,#2126,#2127),$);
#2129=IFCSHAPEREPRESENTATION(#11,'Body','Tessellation',(#2128));
#2130=IFCREPRESENTATIONMAP(#94,#2129);
#2131=IFCMAPPEDITEM(#2130,#96);
#2132=IFCCARTESIANPOINTLIST3D(((237.69999999999999,1116.76,16.751000000000001),(237.69999999999999,1197.,17.954999999999998),(317.94,1197.,17.954999999999998),(237.69999999999999,1116.76,7.7510000000000012),(237.69999999999999,1197.,8.9549999999999983),(317.94,1197.,8.9549999999999983)),$);
#2133=IFCINDEXEDPOLYGONALFACE((1,2,3));
#2134=IFCINDEXEDPOLYGONALFACE((6,5,4));
#2135=IFCINDEXEDPOLYGONALFACE((1,4,5,2));
#2136=IFCINDEXEDPOLYGONALFACE((2,5,6,3));
#2137=IFCINDEXEDPOLYGONALFACE((3,6,4,1));
#2138=IFCPOLYGONALFACESET(#2132,.T.,(#2133,#2134,#2135,#2136,#2137),$);
#2139=IFCSHAPEREPRESENTATION(#11,'Body','Tessellation',(#2138));
#2140=IFCREPRESENTATIONMAP(#94,#2139);
#2141=IFCMAPPEDITEM(#2140,#96);
#2142=IFCSHAPEREPRESENTATION(#11,'Body','MappedRepresentation',(#107,#118,#129,#139,#151,#162,#173,#184,#195,#206,#216,#226,#238,#250,#262,#273,#284,#290,#302,#312,#324,#335,#345,#358,#369,#379,#385,#395,#408,#419,#430,#441,#452,#464,#474,#485,#497,#507,#518,#529,#539,#551,#563,#573,#585,#597,#603,#609,#620,#626,#632,#643,#655,#667,#677,#688,#700,#711,#723,#733,#744,#755,#766,#777,#783,#794,#805,#816,#827,#839,#851,#861,#873,#884,#890,#896,#907,#918,#930,#941,#952,#963,#973,#983,#994,#1005,#1016,#1027,#1037,#1049,#1060,#1071,#1082,#1093,#1104,#1115,#1126,#1136,#1147,#1157,#1169,#1180,#1186,#1199,#1209,#1219,#1230,#1240,#1252,#1262,#1268,#1279,#1290,#1301,#1311,#1323,#1329,#1340,#1351,#1363,#1373,#1379,#1391,#1402,#1412,#1422,#1435,#1446,#1457,#1469,#1479,#1489,#1501,#1512,#1523,#1533,#1544,#1555,#1566,#1577,#1588,#1599,#1610,#1621,#1632,#1643,#1654,#1664,#1677,#1687,#1699,#1710,#1721,#1733,#1743,#1754,#1765,#1777,#1788,#1799,#1810,#1821,#1832,#1838,#1850,#1860,#1871,#1882,#1894,#1904,#1910,#1922,#1933,#1944,#1956,#1966,#1977,#1988,#1999,#2011,#2022,#2032,#2044,#2055,#2065,#2077,#2088,#2099,#2110,#2121,#2131,#2141));
#2143=IFCPRODUCTDEFINITIONSHAPE($,$,(#2142));
#2144=IFCRELDEFINESBYTYPE('1zkl$UeYzNzu8S0_QUojTw',$,$,$,(#70),#32);
ENDSEC;
END-ISO-10303-21;
